   Compiling kernel v0.1.0 (C:\Users\gbran\OneDrive\Documents\spikeling-os\kernel)
   Compiling spikeling-os v0.1.0 (C:\Users\gbran\OneDrive\Documents\spikeling-os)
    Finished `dev` profile [unoptimized + debuginfo] target(s) in 1.90s
     Running `target\debug\spikeling-os.exe bios`
INFO : Framebuffer info: FrameBufferInfo { byte_len: 2764800, width: 1280, height: 720, pixel_format: Bgr, bytes_per_pixel: 3, stride: 1280 }
INFO : 4th Stage
INFO : BiosInfo { stage_4: Region { start: 130000, len: 25200 }, kernel: Region { start: 1000000, len: 767c70 }, ramdisk: Region { start: 1768000, len: 0 }, config_file: Region { start: 1768000, len: 0 }, last_used_addr: 1767fff, framebuffer: BiosFramebufferInfo { region: Region { start: fd000000, len: 2a3000 }, width: 500, height: 2d0, bytes_per_pixel: 3, stride: 500, pixel_format: Bgr }, memory_map_addr: 12114, memory_map_len: 7 }
INFO : BIOS boot
INFO : Elf file loaded at Pointer {
    addr: 0x0000000001000000,
    metadata: 7765104,
}
INFO : virtual_address_offset: 0x10000000000
INFO : Handling Segment: Ph64(ProgramHeader64 { type_: Ok(Load), flags: Flags(4), offset: 0, virtual_addr: 0, physical_addr: 0, file_size: 531ac, mem_size: 531ac, align: 1000 })
INFO : Handling Segment: Ph64(ProgramHeader64 { type_: Ok(Load), flags: Flags(5), offset: 531b0, virtual_addr: 541b0, physical_addr: 541b0, file_size: 14f42b, mem_size: 14f42b, align: 1000 })
INFO : Handling Segment: Ph64(ProgramHeader64 { type_: Ok(Load), flags: Flags(6), offset: 1a25e0, virtual_addr: 1a45e0, physical_addr: 1a45e0, file_size: 11740, mem_size: 11a20, align: 1000 })
INFO : Mapping bss section
INFO : Handling Segment: Ph64(ProgramHeader64 { type_: Ok(Load), flags: Flags(6), offset: 1b3d20, virtual_addr: 1b6d20, physical_addr: 1b6d20, file_size: 62f8, mem_size: 382e0, align: 1000 })
INFO : Mapping bss section
INFO : Entry point at: 0x100000b5620
INFO : Creating GDT at PhysAddr(0x17ca000)
INFO : Map framebuffer
INFO : Map physical memory
INFO : Allocate bootinfo
INFO : Create Memory Map
INFO : Create bootinfo
INFO : Jumping to kernel entry point at VirtAddr(0x100000b5620)
spikeling-os: kernel entered
boot info: BootInfo { api_version: ApiVersion { version_major: 0, version_minor: 11, version_patch: 17, pre_release: false }, memory_regions: MemoryRegions { ptr: 0x380000000e8, len: 10 }, framebuffer: Some(FrameBuffer { buffer_start: 2199023255552, info: FrameBufferInfo { byte_len: 2764800, width: 1280, height: 720, pixel_format: Bgr, bytes_per_pixel: 3, stride: 1280 } }), physical_memory_offset: Some(2748779069440), recursive_index: None, rsdp_addr: Some(1004256), tls_template: None, ramdisk_addr: None, ramdisk_len: 0, kernel_addr: 16777216, kernel_len: 7765104, kernel_image_offset: 1099511627776, kernel_stack_bottom: 1649267445760, kernel_stack_len: 81920, _test_sentinel: 0 }
milestone 1: boot -> kernel handoff confirmed working
milestone 2: drew 1280x720 Bgr gradient to framebuffer
milestone 7: console initialized on the framebuffer
milestone 3: heap mapped at 0x444444440000, 102400 bytes
milestone 3: heap allocation verified -- Vec<u64> of 500 elements summed correctly (124750), Box<u64> round-tripped correctly
milestone 27: user-mode test page mapped -- code at 0x555550000000, stack top at 0x555560001000
milestone 30: saved kernel's own PML4 frame 0x1768000 (cr3 flags 0x0) for restore-on-exit
milestone 30: creating process A's private address space...
milestone 30: process A -- user p4 index computed as 170 (code 0x555550000000, stack 0x555560000000)
milestone 30: process A -- new pml4 0x22000 populated: 511 kernel-space entries shared, index 170 left private
milestone 30: process A -- private code page mapped to frame 0x23000, private stack page mapped to frame 0x24000
milestone 100: process A -- 7 extra stack page(s) mapped below USER_STACK_ADDR (32 KiB total stack)
milestone 57: process A -- private heap RESERVED (not mapped): 64 pages at 0x555570000000..0x55557003ffff, 0 physical frames committed until a real page fault demand-pages one
milestone 34: process A -- copied 192 image bytes into private code frame 0x23000
milestone 30: process A created -- pml4=0x22000 code=0x23000 stack=0x24000
milestone 42: process A -- pgid=1 (founder of its own group)
milestone 30: creating process B's private address space...
milestone 30: process B -- user p4 index computed as 170 (code 0x555550000000, stack 0x555560000000)
milestone 30: process B -- new pml4 0x31000 populated: 511 kernel-space entries shared, index 170 left private
milestone 30: process B -- private code page mapped to frame 0x32000, private stack page mapped to frame 0x33000
milestone 100: process B -- 7 extra stack page(s) mapped below USER_STACK_ADDR (32 KiB total stack)
milestone 57: process B -- private heap RESERVED (not mapped): 64 pages at 0x555570000000..0x55557003ffff, 0 physical frames committed until a real page fault demand-pages one
milestone 34: process B -- copied 192 image bytes into private code frame 0x32000
milestone 30: process B created -- pml4=0x31000 code=0x32000 stack=0x33000
milestone 42: process B -- pgid=2 (founder of its own group)
milestone 30: process A + process B private address spaces created -- see serial log above for each one's own pml4/code/stack physical frames
milestone 35: creating FDTEST_PROCESS's private address space...
milestone 30: process fdtest -- user p4 index computed as 170 (code 0x555550000000, stack 0x555560000000)
milestone 30: process fdtest -- new pml4 0x40000 populated: 511 kernel-space entries shared, index 170 left private
milestone 30: process fdtest -- private code page mapped to frame 0x41000, private stack page mapped to frame 0x42000
milestone 100: process fdtest -- 7 extra stack page(s) mapped below USER_STACK_ADDR (32 KiB total stack)
milestone 57: process fdtest -- private heap RESERVED (not mapped): 64 pages at 0x555570000000..0x55557003ffff, 0 physical frames committed until a real page fault demand-pages one
milestone 34: process fdtest -- copied 264 image bytes into private code frame 0x41000
milestone 35: FDTEST_PROCESS created -- pml4=0x40000 code=0x41000 stack=0x42000
milestone 35: FDTEST_PROCESS private address space created
milestone 37: creating FORK_TEST_PROCESS's private address space...
milestone 30: process fork-test -- user p4 index computed as 170 (code 0x555550000000, stack 0x555560000000)
milestone 30: process fork-test -- new pml4 0x4f000 populated: 511 kernel-space entries shared, index 170 left private
milestone 30: process fork-test -- private code page mapped to frame 0x50000, private stack page mapped to frame 0x51000
milestone 100: process fork-test -- 7 extra stack page(s) mapped below USER_STACK_ADDR (32 KiB total stack)
milestone 57: process fork-test -- private heap RESERVED (not mapped): 64 pages at 0x555570000000..0x55557003ffff, 0 physical frames committed until a real page fault demand-pages one
milestone 34: process fork-test -- copied 712 image bytes into private code frame 0x50000
milestone 37: FORK_TEST_PROCESS created -- pml4=0x4f000 code=0x50000 stack=0x51000
milestone 37: FORK_TEST_PROCESS private address space created
milestone 41: creating SIGSEGV_TEST_PROCESS's private address space...
milestone 30: process sigsegv-test -- user p4 index computed as 170 (code 0x555550000000, stack 0x555560000000)
milestone 30: process sigsegv-test -- new pml4 0x5e000 populated: 511 kernel-space entries shared, index 170 left private
milestone 30: process sigsegv-test -- private code page mapped to frame 0x5f000, private stack page mapped to frame 0x60000
milestone 100: process sigsegv-test -- 7 extra stack page(s) mapped below USER_STACK_ADDR (32 KiB total stack)
milestone 57: process sigsegv-test -- private heap RESERVED (not mapped): 64 pages at 0x555570000000..0x55557003ffff, 0 physical frames committed until a real page fault demand-pages one
milestone 34: process sigsegv-test -- copied 57 image bytes into private code frame 0x5f000
milestone 41: SIGSEGV_TEST_PROCESS created -- pml4=0x5e000 code=0x5f000 stack=0x60000
milestone 41: SIGSEGV_TEST_PROCESS private address space created
milestone 41: creating SIGKILL_TEST_PROCESS's private address space...
milestone 30: process sigkill-test -- user p4 index computed as 170 (code 0x555550000000, stack 0x555560000000)
milestone 30: process sigkill-test -- new pml4 0x6d000 populated: 511 kernel-space entries shared, index 170 left private
milestone 30: process sigkill-test -- private code page mapped to frame 0x6e000, private stack page mapped to frame 0x6f000
milestone 100: process sigkill-test -- 7 extra stack page(s) mapped below USER_STACK_ADDR (32 KiB total stack)
milestone 57: process sigkill-test -- private heap RESERVED (not mapped): 64 pages at 0x555570000000..0x55557003ffff, 0 physical frames committed until a real page fault demand-pages one
milestone 34: process sigkill-test -- copied 32 image bytes into private code frame 0x6e000
milestone 41: SIGKILL_TEST_PROCESS created -- pml4=0x6d000 code=0x6e000 stack=0x6f000
milestone 41: SIGKILL_TEST_PROCESS private address space created
milestone 43: creating WAITSTATUS_TEST_PROCESS's private address space...
milestone 30: process waitstatus-test -- user p4 index computed as 170 (code 0x555550000000, stack 0x555560000000)
milestone 30: process waitstatus-test -- new pml4 0x7c000 populated: 511 kernel-space entries shared, index 170 left private
milestone 30: process waitstatus-test -- private code page mapped to frame 0x7d000, private stack page mapped to frame 0x7e000
milestone 100: process waitstatus-test -- 7 extra stack page(s) mapped below USER_STACK_ADDR (32 KiB total stack)
milestone 57: process waitstatus-test -- private heap RESERVED (not mapped): 64 pages at 0x555570000000..0x55557003ffff, 0 physical frames committed until a real page fault demand-pages one
milestone 34: process waitstatus-test -- copied 12 image bytes into private code frame 0x7d000
milestone 43: WAITSTATUS_TEST_PROCESS created -- pml4=0x7c000 code=0x7d000 stack=0x7e000
milestone 43: WAITSTATUS_TEST_PROCESS private address space created
milestone 45: creating EXEC_TEST_PROCESS's private address space...
milestone 30: process exec-test -- user p4 index computed as 170 (code 0x555550000000, stack 0x555560000000)
milestone 30: process exec-test -- new pml4 0x8b000 populated: 511 kernel-space entries shared, index 170 left private
milestone 30: process exec-test -- private code page mapped to frame 0x8c000, private stack page mapped to frame 0x8d000
milestone 100: process exec-test -- 7 extra stack page(s) mapped below USER_STACK_ADDR (32 KiB total stack)
milestone 57: process exec-test -- private heap RESERVED (not mapped): 64 pages at 0x555570000000..0x55557003ffff, 0 physical frames committed until a real page fault demand-pages one
milestone 34: process exec-test -- copied 115 image bytes into private code frame 0x8c000
milestone 45: EXEC_TEST_PROCESS created -- pml4=0x8b000 code=0x8c000 stack=0x8d000
milestone 45: EXEC_TEST_PROCESS private address space created
milestone 53: creating FAULT_TEST_PROCESS's private address space...
milestone 30: process fault-test -- user p4 index computed as 170 (code 0x555550000000, stack 0x555560000000)
milestone 30: process fault-test -- new pml4 0x9a000 populated: 511 kernel-space entries shared, index 170 left private
milestone 30: process fault-test -- private code page mapped to frame 0x9b000, private stack page mapped to frame 0x9c000
milestone 100: process fault-test -- 7 extra stack page(s) mapped below USER_STACK_ADDR (32 KiB total stack)
milestone 57: process fault-test -- private heap RESERVED (not mapped): 64 pages at 0x555570000000..0x55557003ffff, 0 physical frames committed until a real page fault demand-pages one
milestone 34: process fault-test -- copied 15 image bytes into private code frame 0x9b000
milestone 53: FAULT_TEST_PROCESS created -- pml4=0x9a000 code=0x9b000 stack=0x9c000
milestone 53: FAULT_TEST_PROCESS private address space created
milestone 57: creating DEMAND_PAGE_TEST_PROCESS's private address space...
milestone 30: process demand-page-test -- user p4 index computed as 170 (code 0x555550000000, stack 0x555560000000)
milestone 30: process demand-page-test -- new pml4 0x109000 populated: 511 kernel-space entries shared, index 170 left private
milestone 30: process demand-page-test -- private code page mapped to frame 0x10a000, private stack page mapped to frame 0x10b000
milestone 100: process demand-page-test -- 7 extra stack page(s) mapped below USER_STACK_ADDR (32 KiB total stack)
milestone 57: process demand-page-test -- private heap RESERVED (not mapped): 64 pages at 0x555570000000..0x55557003ffff, 0 physical frames committed until a real page fault demand-pages one
milestone 34: process demand-page-test -- copied 34 image bytes into private code frame 0x10a000
milestone 57: DEMAND_PAGE_TEST_PROCESS created -- pml4=0x109000 code=0x10a000 stack=0x10b000
milestone 57: DEMAND_PAGE_TEST_PROCESS private address space created
milestone 57: creating DEMAND_PAGE_OOB_TEST_PROCESS's private address space...
milestone 30: process demand-page-oob-test -- user p4 index computed as 170 (code 0x555550000000, stack 0x555560000000)
milestone 30: process demand-page-oob-test -- new pml4 0x118000 populated: 511 kernel-space entries shared, index 170 left private
milestone 30: process demand-page-oob-test -- private code page mapped to frame 0x119000, private stack page mapped to frame 0x11a000
milestone 100: process demand-page-oob-test -- 7 extra stack page(s) mapped below USER_STACK_ADDR (32 KiB total stack)
milestone 57: process demand-page-oob-test -- private heap RESERVED (not mapped): 64 pages at 0x555570000000..0x55557003ffff, 0 physical frames committed until a real page fault demand-pages one
milestone 34: process demand-page-oob-test -- copied 27 image bytes into private code frame 0x119000
milestone 57: DEMAND_PAGE_OOB_TEST_PROCESS created -- pml4=0x118000 code=0x119000 stack=0x11a000
milestone 57: DEMAND_PAGE_OOB_TEST_PROCESS private address space created
milestone 59: creating ERRNO_TEST_PROCESS's private address space...
milestone 30: process errno-test -- user p4 index computed as 170 (code 0x555550000000, stack 0x555560000000)
milestone 30: process errno-test -- new pml4 0x127000 populated: 511 kernel-space entries shared, index 170 left private
milestone 30: process errno-test -- private code page mapped to frame 0x128000, private stack page mapped to frame 0x129000
milestone 100: process errno-test -- 7 extra stack page(s) mapped below USER_STACK_ADDR (32 KiB total stack)
milestone 57: process errno-test -- private heap RESERVED (not mapped): 64 pages at 0x555570000000..0x55557003ffff, 0 physical frames committed until a real page fault demand-pages one
milestone 34: process errno-test -- copied 98 image bytes into private code frame 0x128000
milestone 59: ERRNO_TEST_PROCESS created -- pml4=0x127000 code=0x128000 stack=0x129000
milestone 59: ERRNO_TEST_PROCESS private address space created
milestone 60: creating SIGNAL_TEST_PROCESS's private address space...
milestone 30: process signal-test -- user p4 index computed as 170 (code 0x555550000000, stack 0x555560000000)
milestone 30: process signal-test -- new pml4 0x136000 populated: 511 kernel-space entries shared, index 170 left private
milestone 30: process signal-test -- private code page mapped to frame 0x137000, private stack page mapped to frame 0x138000
milestone 100: process signal-test -- 7 extra stack page(s) mapped below USER_STACK_ADDR (32 KiB total stack)
milestone 57: process signal-test -- private heap RESERVED (not mapped): 64 pages at 0x555570000000..0x55557003ffff, 0 physical frames committed until a real page fault demand-pages one
milestone 34: process signal-test -- copied 125 image bytes into private code frame 0x137000
milestone 60: SIGNAL_TEST_PROCESS created -- pml4=0x136000 code=0x137000 stack=0x138000
milestone 60: SIGNAL_TEST_PROCESS private address space created
milestone 64: creating MMAP_READ_TEST_PROCESS's private address space...
milestone 30: process mmap-read-test -- user p4 index computed as 170 (code 0x555550000000, stack 0x555560000000)
milestone 30: process mmap-read-test -- new pml4 0x145000 populated: 511 kernel-space entries shared, index 170 left private
milestone 30: process mmap-read-test -- private code page mapped to frame 0x146000, private stack page mapped to frame 0x147000
milestone 100: process mmap-read-test -- 7 extra stack page(s) mapped below USER_STACK_ADDR (32 KiB total stack)
milestone 57: process mmap-read-test -- private heap RESERVED (not mapped): 64 pages at 0x555570000000..0x55557003ffff, 0 physical frames committed until a real page fault demand-pages one
milestone 34: process mmap-read-test -- copied 117 image bytes into private code frame 0x146000
milestone 64: MMAP_READ_TEST_PROCESS created -- pml4=0x145000 code=0x146000 stack=0x147000
milestone 64: MMAP_READ_TEST_PROCESS private address space created
milestone 64: creating MMAP_WRITE_BEFORE_READ_FAULT_PROCESS's private address space...
milestone 30: process mmap-write-before-read-fault-test -- user p4 index computed as 170 (code 0x555550000000, stack 0x555560000000)
milestone 30: process mmap-write-before-read-fault-test -- new pml4 0x154000 populated: 511 kernel-space entries shared, index 170 left private
milestone 30: process mmap-write-before-read-fault-test -- private code page mapped to frame 0x155000, private stack page mapped to frame 0x156000
milestone 100: process mmap-write-before-read-fault-test -- 7 extra stack page(s) mapped below USER_STACK_ADDR (32 KiB total stack)
milestone 57: process mmap-write-before-read-fault-test -- private heap RESERVED (not mapped): 64 pages at 0x555570000000..0x55557003ffff, 0 physical frames committed until a real page fault demand-pages one
milestone 34: process mmap-write-before-read-fault-test -- copied 69 image bytes into private code frame 0x155000
milestone 64: MMAP_WRITE_BEFORE_READ_FAULT_PROCESS created -- pml4=0x154000 code=0x155000 stack=0x156000
milestone 64: MMAP_WRITE_BEFORE_READ_FAULT_PROCESS private address space created
milestone 64: creating MMAP_WRITE_AFTER_READ_FAULT_PROCESS's private address space...
milestone 30: process mmap-write-after-read-fault-test -- user p4 index computed as 170 (code 0x555550000000, stack 0x555560000000)
milestone 30: process mmap-write-after-read-fault-test -- new pml4 0x163000 populated: 511 kernel-space entries shared, index 170 left private
milestone 30: process mmap-write-after-read-fault-test -- private code page mapped to frame 0x164000, private stack page mapped to frame 0x165000
milestone 100: process mmap-write-after-read-fault-test -- 7 extra stack page(s) mapped below USER_STACK_ADDR (32 KiB total stack)
milestone 57: process mmap-write-after-read-fault-test -- private heap RESERVED (not mapped): 64 pages at 0x555570000000..0x55557003ffff, 0 physical frames committed until a real page fault demand-pages one
milestone 34: process mmap-write-after-read-fault-test -- copied 85 image bytes into private code frame 0x164000
milestone 64: MMAP_WRITE_AFTER_READ_FAULT_PROCESS created -- pml4=0x163000 code=0x164000 stack=0x165000
milestone 64: MMAP_WRITE_AFTER_READ_FAULT_PROCESS private address space created
milestone 64: creating MMAP_USE_AFTER_UNMAP_FAULT_PROCESS's private address space...
milestone 30: process mmap-use-after-unmap-fault-test -- user p4 index computed as 170 (code 0x555550000000, stack 0x555560000000)
milestone 30: process mmap-use-after-unmap-fault-test -- new pml4 0x172000 populated: 511 kernel-space entries shared, index 170 left private
milestone 30: process mmap-use-after-unmap-fault-test -- private code page mapped to frame 0x173000, private stack page mapped to frame 0x174000
milestone 100: process mmap-use-after-unmap-fault-test -- 7 extra stack page(s) mapped below USER_STACK_ADDR (32 KiB total stack)
milestone 57: process mmap-use-after-unmap-fault-test -- private heap RESERVED (not mapped): 64 pages at 0x555570000000..0x55557003ffff, 0 physical frames committed until a real page fault demand-pages one
milestone 34: process mmap-use-after-unmap-fault-test -- copied 101 image bytes into private code frame 0x173000
milestone 64: MMAP_USE_AFTER_UNMAP_FAULT_PROCESS created -- pml4=0x172000 code=0x173000 stack=0x174000
milestone 64: MMAP_USE_AFTER_UNMAP_FAULT_PROCESS private address space created
milestone 65: creating MMAP_WRITABLE_READ_THEN_WRITE_PROCESS's private address space...
milestone 30: process mmap-writable-read-then-write-test -- user p4 index computed as 170 (code 0x555550000000, stack 0x555560000000)
milestone 30: process mmap-writable-read-then-write-test -- new pml4 0x181000 populated: 511 kernel-space entries shared, index 170 left private
milestone 30: process mmap-writable-read-then-write-test -- private code page mapped to frame 0x182000, private stack page mapped to frame 0x183000
milestone 100: process mmap-writable-read-then-write-test -- 7 extra stack page(s) mapped below USER_STACK_ADDR (32 KiB total stack)
milestone 57: process mmap-writable-read-then-write-test -- private heap RESERVED (not mapped): 64 pages at 0x555570000000..0x55557003ffff, 0 physical frames committed until a real page fault demand-pages one
milestone 34: process mmap-writable-read-then-write-test -- copied 94 image bytes into private code frame 0x182000
milestone 65: MMAP_WRITABLE_READ_THEN_WRITE_PROCESS created -- pml4=0x181000 code=0x182000 stack=0x183000
milestone 65: MMAP_WRITABLE_READ_THEN_WRITE_PROCESS private address space created
milestone 65: creating MMAP_WRITABLE_WRITE_FIRST_PROCESS's private address space...
milestone 30: process mmap-writable-write-first-test -- user p4 index computed as 170 (code 0x555550000000, stack 0x555560000000)
milestone 30: process mmap-writable-write-first-test -- new pml4 0x190000 populated: 511 kernel-space entries shared, index 170 left private
milestone 30: process mmap-writable-write-first-test -- private code page mapped to frame 0x191000, private stack page mapped to frame 0x192000
milestone 100: process mmap-writable-write-first-test -- 7 extra stack page(s) mapped below USER_STACK_ADDR (32 KiB total stack)
milestone 57: process mmap-writable-write-first-test -- private heap RESERVED (not mapped): 64 pages at 0x555570000000..0x55557003ffff, 0 physical frames committed until a real page fault demand-pages one
milestone 34: process mmap-writable-write-first-test -- copied 95 image bytes into private code frame 0x191000
milestone 65: MMAP_WRITABLE_WRITE_FIRST_PROCESS created -- pml4=0x190000 code=0x191000 stack=0x192000
milestone 65: MMAP_WRITABLE_WRITE_FIRST_PROCESS private address space created
milestone 34: frame allocator + phys-mem offset published globally -- 'runfile PATH' can now load and run programs from the real filesystem
milestone 34: self-test -- check_program_size(31) accepted=true (expected true), check_program_size(5096) rejected=true (expected true, 5096 is 1000 bytes over the 4096-byte cap)
milestone 35: self-test -- FDTEST_PROGRAM layout check: path1('fdtest')=true path2('fdout')=true wdata(69 bytes)=true -- all match, layout confirmed
milestone 36: self-test -- parsed the embedded testelf.elf: e_entry=0x555550000000 (expected 0x555550000000), 2 PT_LOAD segment(s)
milestone 36: self-test -- PT_LOAD[0]: p_vaddr=0x555550000000 p_offset=0xb0 p_filesz=0x8 p_memsz=0x8 p_flags=0x5
milestone 36: self-test -- PT_LOAD[1]: p_vaddr=0x555550001000 p_offset=0xc0 p_filesz=0x84 p_memsz=0x84 p_flags=0x5
milestone 37: self-test -- FORK_TEST_PROGRAM layout check: parent_msg=true waitdone_msg=true fallback_msg=true exec_path=true -- all match, layout confirmed
milestone 45: self-test -- EXEC_TEST_PROGRAM layout check: exec_path=true fallback_msg=true -- all match, layout confirmed
fs self-test: disk write+read roundtrip OK -- real bytes matched
milestone 66: self-test -- trait-write/free-read-agree(master)=true free-write/trait-read-agree(master)=true slave-device-roundtrip=true master-unaffected-by-slave-write(no-aliasing)=true
milestone 66: self-test -- OVERALL: PASS
fs self-test: ramfs write+read roundtrip OK -- real bytes matched, routed through the same fs::write_file/read_file surface as the disk path
fs self-test: ramfs list() OK -- 'ramfsselftest' present with the correct length
fs self-test: ramfs isolation OK -- disk root listing does NOT contain 'ramfsselftest' (two real, separate backing stores)
fs self-test: permissions mkdir_root=PASS
fs self-test: permissions mkdir_is_dir=PASS
fs self-test: permissions mkdir_default_mode_0755=PASS
fs self-test: permissions mkdir_owner_root=PASS
fs self-test: permissions mkdir_ctime_eq_mtime_fresh=PASS
fs self-test: permissions write_create_root=PASS
fs self-test: permissions f1_is_file_len5=PASS
fs self-test: permissions f1_default_mode_0644=PASS
fs self-test: permissions f1_owner_root=PASS
fs self-test: permissions write_overwrite_root=PASS
fs self-test: permissions f1_overwrite_preserves_owner_mode=PASS
fs self-test: permissions f1_overwrite_preserves_ctime=PASS
fs self-test: permissions chmod_root_narrows_to_0600=PASS
fs self-test: permissions f1_mode_now_0600=PASS
fs self-test: permissions uid42_read_denied_mode0600=PASS
fs self-test: permissions uid42_write_denied_mode0600=PASS
fs self-test: permissions chmod_root_reopens_to_0644=PASS
fs self-test: permissions uid42_read_allowed_mode0644=PASS
fs self-test: permissions uid42_write_still_denied_mode0644=PASS
fs self-test: permissions uid42_create_denied_parent_0755=PASS
fs self-test: permissions uid42_mkdir_denied_parent_0755=PASS
fs self-test: permissions chmod_root_permtestdir_0777=PASS
fs self-test: permissions uid42_create_allowed_parent_0777=PASS
fs self-test: permissions g1_owned_by_creator_uid42=PASS
fs self-test: permissions uid42_chmod_own_file_allowed=PASS
fs self-test: permissions uid42_chown_denied_root_only=PASS
fs self-test: permissions root_chown_g1_to_7_7=PASS
fs self-test: permissions g1_now_owned_by_7_7=PASS
fs self-test: permissions uid42_delete_via_parent_write_0777=PASS
fs self-test: permissions mkdir_locked_subdir=PASS
fs self-test: permissions write_inner_file=PASS
fs self-test: permissions chmod_inner_world_rw=PASS
fs self-test: permissions chmod_locked_owner_only_0700=PASS
fs self-test: permissions uid42_traversal_denied_despite_file_0666=PASS
fs self-test: permissions uid42_ls_traversal_denied=PASS
fs self-test: permissions stat_root=PASS
fs self-test: permissions uid42_chmod_root_denied=PASS
fs self-test: permissions uid42_chown_root_denied=PASS
fs self-test: permissions root_chown_root_to_5_5=PASS
fs self-test: permissions root_now_owned_by_5_5=PASS
fs self-test: permissions root_restored_to_defaults=PASS
fs self-test: permissions OVERALL=PASS
fs self-test: symlinks mkdir_symtestdir=PASS
fs self-test: symlinks write_real_txt=PASS
fs self-test: symlinks symlink_create_relative=PASS
fs self-test: symlinks read_through_symlink_single_hop=PASS
fs self-test: symlinks stat_link_to_real_is_symlink_lstat_shaped=PASS
fs self-test: symlinks stat_link_to_real_len_is_target_text_len=PASS
fs self-test: symlinks readlink_link_to_real_raw_target=PASS
fs self-test: symlinks symlink_create_chain=PASS
fs self-test: symlinks read_through_symlink_chain_two_hops=PASS
fs self-test: symlinks cleanup_link_to_link=PASS
fs self-test: symlinks symlink_create_broken=PASS
fs self-test: symlinks read_broken_symlink_fails_cleanly=PASS
fs self-test: symlinks cleanup_broken=PASS
fs self-test: symlinks symlink_create_loop_a=PASS
fs self-test: symlinks symlink_create_loop_b=PASS
fs self-test: symlinks read_symlink_cycle_hits_eloop_guard=PASS
fs self-test: symlinks cleanup_loop=PASS
fs self-test: symlinks mkdir_realsub=PASS
fs self-test: symlinks write_inner_txt=PASS
fs self-test: symlinks symlink_create_dir_link=PASS
fs self-test: symlinks read_through_symlinked_directory_component=PASS
fs self-test: symlinks list_through_symlinked_directory_component=PASS
fs self-test: symlinks rmdir_symlink_to_dir_refused_enotdir=PASS
fs self-test: symlinks symlink_create_link2=PASS
fs self-test: symlinks write_through_existing_symlink_refused=PASS
fs self-test: symlinks chmod_link2_acts_on_link_itself=PASS
fs self-test: symlinks link2_mode_now_0600=PASS
fs self-test: symlinks real_txt_mode_unaffected_by_chmod_on_link=PASS
fs self-test: symlinks rm_link_to_real=PASS
fs self-test: symlinks link_to_real_gone_after_rm=PASS
fs self-test: symlinks real_txt_survives_rm_of_its_link=PASS
fs self-test: symlinks mkdir_lockedreal=PASS
fs self-test: symlinks write_secret_txt=PASS
fs self-test: symlinks chmod_lockedreal_owner_only=PASS
fs self-test: symlinks symlink_create_lockedlink=PASS
fs self-test: symlinks uid42_denied_through_symlink_no_privilege_escalation=PASS
fs self-test: symlinks symlink_empty_target_refused=PASS
fs self-test: symlinks symlink_create_absolute=PASS
fs self-test: symlinks read_through_absolute_symlink=PASS
fs self-test: symlinks OVERALL=PASS
milestone 40: self-test -- pipe mechanics: write_ok=true roundtrip_ok=true dup_ok=true dup2_ok=true -- all real, real bytes matched through every path
milestone 42: self-test -- FORK_TEST_PROCESS's own pgid: Some(5) (expected Some(5), founder of its own group)
milestone 30: process forked-child -- user p4 index computed as 170 (code 0x555550000000, stack 0x555560000000)
milestone 30: process forked-child -- new pml4 0x19f000 populated: 511 kernel-space entries shared, index 170 left private
milestone 30: process forked-child -- private code page mapped to frame 0x1a0000, private stack page mapped to frame 0x1a1000
milestone 100: process forked-child -- 7 extra stack page(s) mapped below USER_STACK_ADDR (32 KiB total stack)
milestone 57: process forked-child -- private heap RESERVED (not mapped): 64 pages at 0x555570000000..0x55557003ffff, 0 physical frames committed until a real page fault demand-pages one
milestone 34: process forked-child -- copied 4096 image bytes into private code frame 0x1a0000
milestone 37: fork() -- child's code frame 0x1a0000 holds a REAL byte-for-byte copy of the parent's code frame 0x50000 (independently verifiable: same virtual address USER_CODE_ADDR under either process's own CR3, genuinely different physical frames)
milestone 37: syscall FORK (process 5, 'fork-test') -- created child pid 13: pml4=0x19f000 code_frame=0x1a0000 resume point rip=0x0 rsp=0x0
milestone 42: self-test -- forked child pid 13, its pgid: Some(5) (expected Some(5), real inheritance from the parent) -- confirmed
milestone 42: syscall SETPGID (process 5) -- pid 13's pgid set to 13
milestone 42: self-test -- setpgid(child, child) result=true, child's pgid now Some(13) (expected Some(13)), parent's pgid still Some(5) (expected unchanged Some(5)) -- confirmed, real independent per-process state
milestone 42: syscall SETPGID (process 1) -- REFUSED, pid 13 is neither this process itself nor a live child OF it -- returning failure
milestone 42: self-test -- setpgid() from an unrelated process (PROCESS_A, not this child's parent) correctly refused: true
milestone 54: reclaim_process_frames('forked-child') -- freed 15 physical frame(s) back to the allocator's free list
milestone 41: syscall KILL (process 5) -- pid 13 terminated WITHOUT ever running (bypassed wait()'s normal run-then-reap contract), slot freed for reuse
milestone 42: self-test -- cleanup kill(child) result=true (frees the PROCESS_TABLE slot for later self-tests)
milestone 42: self-test -- OVERALL: PASS
milestone 9: LIF neuron network initialized (LeftKey/RightKey -> Motor)
milestone 11: no saved weights found on disk -- starting from neutral defaults
milestone 4: kernel survived defect injection at slot 3 -- 7 slots still alive and scheduled, no panic
milestone 4: topological (g=+0.6) post-defect fire counts: min=289 max=366 fairness=0.790
milestone 4: trivial     (g=-0.6) post-defect fire counts: min=299 max=341 fairness=0.877
milestone 4: result -- topological coupling did NOT stay fairer under the defect here (reporting honestly, not the assumed outcome)
milestone 48: 4000 ticks over 8 slots (g=0.6, real tasks.rs coupling) -- ternary tiebreak (compare_trit within epsilon=0.01) actually fired on 2 of 4000 ticks
milestone 48: ternary selection  -- fire counts min=399 max=533 total=3995 fairness=0.7486
milestone 48: binary   selection -- fire counts min=399 max=533 total=3995 fairness=0.7486
milestone 48: result -- ternary tiebreak engaged but made no measurable fairness difference here -- a real neutral result, not an assumed win
milestone 5a: GDT/TSS + IDT loaded
EXCEPTION: BREAKPOINT
InterruptStackFrame {
    instruction_pointer: VirtAddr(
        0x10000076451,
    ),
    code_segment: SegmentSelector {
        index: 1,
        rpl: Ring0,
    },
    cpu_flags: RFlags(
        ZERO_FLAG | PARITY_FLAG | 0x2,
    ),
    stack_pointer: VirtAddr(
        0x18000013978,
    ),
    stack_segment: SegmentSelector {
        index: 0,
        rpl: Ring0,
    },
}
milestone 5a: resumed after breakpoint exception -- handler returned correctly
milestone 20: PCI bus 0 scan found 6 device(s)
milestone 20: 00:00.0 vendor=8086 device=1237 class=06 subclass=00
milestone 20: 00:01.0 vendor=8086 device=7000 class=06 subclass=01
milestone 20: 00:01.1 vendor=8086 device=7010 class=01 subclass=01
milestone 20: 00:01.3 vendor=8086 device=7113 class=06 subclass=80
milestone 20: 00:02.0 vendor=1234 device=1111 class=03 subclass=00
milestone 20: 00:03.0 vendor=8086 device=100e class=02 subclass=00
milestone 20: network controller found -- vendor=8086 device=100e
milestone 24: e1000 NIC initialized -- MAC 52:54:00:12:34:56 (address-valid bit: true)
milestone 47: ARP self-test PASS -- 10.0.2.2 is-at 52:55:0a:00:02:02 (real reply from QEMU's slirp gateway over the actual netdev backend, loopback OFF)
milestone 55: ICMP ping self-test -- reply from 10.0.2.2 (expected 10.0.2.2, match=true), id=0x5350 (expected 0x5350, match=true), seq=1 (expected 1, match=true) -- PASS
milestone 56: UDP loopback self-test -- from 10.0.2.15 (expected 10.0.2.15, match=true), src_port=51000 (expected 51000, match=true), dst_port=51001 (expected 51001, match=true), payload 38 bytes (match=true) -- PASS
milestone 56: UDP real-wire send self-test PASS -- ARP-resolved 10.0.2.2 and transmitted a real UDP datagram to it (descriptor DD confirmed, loopback OFF, real netdev backend; no UDP service listens there to reply, so this proves genuine transmission, not a full round trip -- see the UDP loopback self-test above for the receive-side/checksum proof)
milestone 5b: PIC initialized, interrupts enabled
milestone 41: self-test -- SIGSEGV_TEST_PROGRAM layout check: message=true -- confirmed
milestone 41: self-test -- running SIGSEGV_TEST_PROCESS, expecting a real page fault to terminate it without panicking the kernel...
milestone 30: runproc 6 (process sigsegv-test) -- about to switch CR3 to process pml4 0x5e000
milestone 30: CR3 switched -- entering ring 3 for process 6 at 0x555550000000
milestone 31: syscall WRITE (process 6) -- hardware-recorded CS=0x1b (CPL=3) -- ptr=0x55555000002c len=13 -- raw bytes >>>
SIGSEGV test

<<< end of write (13 bytes)
milestone 57: syscall WRITE (process 6) -- heap page 0 at 0x555570000000 is not mapped yet (this process has never touched its heap -- demand paging means no physical frame exists there to read)
milestone 41: SIGSEGV -- process 6 page-faulted at Ok(VirtAddr(0x123456780000)) (real hardware CPL=3, error code PageFaultErrorCode(USER_MODE)) -- terminating this process, kernel continues
milestone 30: runproc 6 -- resumed in kernel context (CR3 already restored by the exit syscall before this point)
milestone 41: self-test -- run() returned normally after the fault (the kernel did not panic/hlt_loop) -- ACTIVE_PROCESS reset to 0 (expected 0)
milestone 41: self-test -- running PROCESS_A right after the fault, real proof of genuine recovery, not just 'hasn't crashed yet'...
milestone 30: runproc 1 (process A) -- about to switch CR3 to process pml4 0x22000
milestone 30: CR3 switched -- entering ring 3 for process 1 at 0x555550000000
milestone 33: syscall SBRK (process 1) -- hardware-recorded CS=0x1b (CPL=3) -- requested 16 bytes, returning heap pointer 0x555570000000
milestone 57: demand-paged heap page 0 for process 1 (fault addr 0x555570000000) -- fresh zeroed physical frame 0x1ad000 mapped, resuming the faulting instruction
milestone 31: syscall WRITE (process 1) -- hardware-recorded CS=0x1b (CPL=3) -- ptr=0x555550000080 len=64 -- raw bytes >>>
hello from process A -- via real write(ptr,len)!                
<<< end of write (64 bytes)
milestone 33: syscall WRITE (process 1) also reads its own private heap at 0x555570000000 -- marker byte 0x41 ('A')
milestone 30: syscall EXIT -- hardware-recorded CS=0x1b (CPL=3) -- discarding ring-3 context, resuming kernel context
milestone 30: runproc 1 -- resumed in kernel context (CR3 already restored by the exit syscall before this point)
milestone 41: self-test -- PROCESS_A ran normally after the SIGSEGV -- kernel genuinely recovered, not just still standing
milestone 41: self-test -- running SIGKILL_TEST_PROCESS (fork, kill without running, fork again to prove the slot was really freed)...
milestone 30: runproc 7 (process sigkill-test) -- about to switch CR3 to process pml4 0x6d000
milestone 30: CR3 switched -- entering ring 3 for process 7 at 0x555550000000
milestone 30: process forked-child -- user p4 index computed as 170 (code 0x555550000000, stack 0x555560000000)
milestone 30: process forked-child -- new pml4 0x1ab000 populated: 511 kernel-space entries shared, index 170 left private
milestone 30: process forked-child -- private code page mapped to frame 0x1aa000, private stack page mapped to frame 0x1a9000
milestone 100: process forked-child -- 7 extra stack page(s) mapped below USER_STACK_ADDR (32 KiB total stack)
milestone 57: process forked-child -- private heap RESERVED (not mapped): 64 pages at 0x555570000000..0x55557003ffff, 0 physical frames committed until a real page fault demand-pages one
milestone 34: process forked-child -- copied 4096 image bytes into private code frame 0x1aa000
milestone 37: fork() -- child's code frame 0x1aa000 holds a REAL byte-for-byte copy of the parent's code frame 0x6e000 (independently verifiable: same virtual address USER_CODE_ADDR under either process's own CR3, genuinely different physical frames)
milestone 37: syscall FORK (process 7, 'sigkill-test') -- created child pid 13: pml4=0x1ab000 code_frame=0x1aa000 resume point rip=0x555550000007 rsp=0x555560001000
milestone 37: syscall FORK (process 7) -- hardware-recorded CS=0x1b (CPL=3) -- created child pid 13
milestone 54: reclaim_process_frames('forked-child') -- freed 15 physical frame(s) back to the allocator's free list
milestone 41: syscall KILL (process 7) -- pid 13 terminated WITHOUT ever running (bypassed wait()'s normal run-then-reap contract), slot freed for reuse
milestone 41: syscall KILL (process 7) -- hardware-recorded CS=0x1b (CPL=3) -- target pid 13, result=true
milestone 30: process forked-child -- user p4 index computed as 170 (code 0x555550000000, stack 0x555560000000)
milestone 30: process forked-child -- new pml4 0x1af000 populated: 511 kernel-space entries shared, index 170 left private
milestone 30: process forked-child -- private code page mapped to frame 0x1ae000, private stack page mapped to frame 0x1a4000
milestone 100: process forked-child -- 7 extra stack page(s) mapped below USER_STACK_ADDR (32 KiB total stack)
milestone 57: process forked-child -- private heap RESERVED (not mapped): 64 pages at 0x555570000000..0x55557003ffff, 0 physical frames committed until a real page fault demand-pages one
milestone 34: process forked-child -- copied 4096 image bytes into private code frame 0x1ae000
milestone 37: fork() -- child's code frame 0x1ae000 holds a REAL byte-for-byte copy of the parent's code frame 0x6e000 (independently verifiable: same virtual address USER_CODE_ADDR under either process's own CR3, genuinely different physical frames)
milestone 37: syscall FORK (process 7, 'sigkill-test') -- created child pid 13: pml4=0x1af000 code_frame=0x1ae000 resume point rip=0x555550000017 rsp=0x555560001000
milestone 37: syscall FORK (process 7) -- hardware-recorded CS=0x1b (CPL=3) -- created child pid 13
milestone 30: syscall EXIT -- hardware-recorded CS=0x1b (CPL=3) -- discarding ring-3 context, resuming kernel context
milestone 30: runproc 7 -- resumed in kernel context (CR3 already restored by the exit syscall before this point)
milestone 41: self-test -- SIGKILL_TEST_PROCESS completed -- PROCESS_TABLE occupied slots: [0] (expected exactly [0]: the SECOND fork's child, since the FIRST was killed unrun and its slot reused)
milestone 30: process forked-child -- user p4 index computed as 170 (code 0x555550000000, stack 0x555560000000)
milestone 30: process forked-child -- new pml4 0x1b0000 populated: 511 kernel-space entries shared, index 170 left private
milestone 30: process forked-child -- private code page mapped to frame 0x1b1000, private stack page mapped to frame 0x1b2000
milestone 100: process forked-child -- 7 extra stack page(s) mapped below USER_STACK_ADDR (32 KiB total stack)
milestone 57: process forked-child -- private heap RESERVED (not mapped): 64 pages at 0x555570000000..0x55557003ffff, 0 physical frames committed until a real page fault demand-pages one
milestone 34: process forked-child -- copied 4096 image bytes into private code frame 0x1b1000
milestone 37: fork() -- child's code frame 0x1b1000 holds a REAL byte-for-byte copy of the parent's code frame 0x7d000 (independently verifiable: same virtual address USER_CODE_ADDR under either process's own CR3, genuinely different physical frames)
milestone 37: syscall FORK (process 8, 'waitstatus-test') -- created child pid 14: pml4=0x1b0000 code_frame=0x1b1000 resume point rip=0x555550000000 rsp=0x555560001000
milestone 37: wait() -- switching CR3 to forked child pid 14's own pml4 0x1b0000, resuming at rip=0x555550000000 rsp=0x555560001000 (its own fork()-time snapshot, rax forced to 0)
milestone 30: syscall EXIT -- hardware-recorded CS=0x1b (CPL=3) -- discarding ring-3 context, resuming kernel context
milestone 37: wait() -- forked child pid 14 resumed in kernel context (its own exit() syscall ran; CR3 is currently the KERNEL's own, restored to the parent's by wait_for_child() next)
milestone 54: reclaim_process_frames('forked-child') -- freed 15 physical frame(s) back to the allocator's free list
milestone 43: syscall WAIT (process 8) -- child pid 14 ran to completion and was reaped (real exit code 42), CR3 restored to parent's own pml4 0x7c000
milestone 43: self-test -- forked+ran child pid 14, wait() reported Exited(reaped=14, code=42) (expected Exited(14, 42)) -- confirmed
milestone 30: process forked-child -- user p4 index computed as 170 (code 0x555550000000, stack 0x555560000000)
milestone 30: process forked-child -- new pml4 0x1be000 populated: 511 kernel-space entries shared, index 170 left private
milestone 30: process forked-child -- private code page mapped to frame 0x1bd000, private stack page mapped to frame 0x1bc000
milestone 100: process forked-child -- 7 extra stack page(s) mapped below USER_STACK_ADDR (32 KiB total stack)
milestone 57: process forked-child -- private heap RESERVED (not mapped): 64 pages at 0x555570000000..0x55557003ffff, 0 physical frames committed until a real page fault demand-pages one
milestone 34: process forked-child -- copied 4096 image bytes into private code frame 0x1bd000
milestone 37: fork() -- child's code frame 0x1bd000 holds a REAL byte-for-byte copy of the parent's code frame 0x7d000 (independently verifiable: same virtual address USER_CODE_ADDR under either process's own CR3, genuinely different physical frames)
milestone 37: syscall FORK (process 8, 'waitstatus-test') -- created child pid 14: pml4=0x1be000 code_frame=0x1bd000 resume point rip=0x0 rsp=0x0
milestone 54: reclaim_process_frames('forked-child') -- freed 15 physical frame(s) back to the allocator's free list
milestone 41: syscall KILL (process 8) -- pid 14 terminated WITHOUT ever running (bypassed wait()'s normal run-then-reap contract), slot freed for reuse
milestone 43: syscall WAIT (process 8) -- pid 14 was killed before it ever ran, reporting WaitOutcome::Killed
milestone 43: self-test -- forked+killed child pid 14, wait() reported Killed(reaped=14) -- confirmed
milestone 43: self-test -- OVERALL: PASS
milestone 45: seedaltentry -- wrote 856 real bytes (a genuine externally-built ELF64 executable whose e_entry does NOT equal USER_CODE_ADDR) to 'altentry' on the real on-disk filesystem
milestone 45: self-test -- seeded 'altentry' (testelf_altentry.elf) to the real on-disk filesystem: true
milestone 45: self-test -- fd opened before exec()=true, before-state: pml4=0x8b000 entry=0x555550000000 pgid=9
milestone 30: runproc 9 (process exec-test) -- about to switch CR3 to process pml4 0x8b000
milestone 30: CR3 switched -- entering ring 3 for process 9 at 0x555550000000
milestone 36: process exec'd -- ELF validated: e_entry=0x555550003000 falls inside a mapped segment, 1 PT_LOAD segment(s), 1 total page(s), all within private p4 index 170
milestone 36: process exec'd -- new pml4 0x1b5000 populated: 511 kernel-space entries shared, index 170 left private
milestone 36: process exec'd -- mapped 1 PT_LOAD page(s): [(93824902770688, 1802240, 98, 5)]
milestone 36: process exec'd -- private stack page mapped to frame 0x1b0000
milestone 100: process exec'd -- 7 extra stack page(s) mapped below USER_STACK_ADDR (32 KiB total stack)
milestone 57: process exec'd -- private heap RESERVED (not mapped): 64 pages at 0x555570000000..0x55557003ffff, 0 physical frames committed until a real page fault demand-pages one
milestone 54: reclaim_process_frames('exec-test') -- freed 15 physical frame(s) back to the allocator's free list
milestone 45: syscall EXEC (process 9) -- REAL teardown-and-rebuild complete: new pml4=0x1b5000, new entry=0x555550003000 (real parsed e_entry), fd table/parent_pid/pgid preserved, CR3 switched
milestone 45: syscall EXEC (process 9) -- hardware-recorded CS=0x1b (CPL=3) -- REAL teardown-and-rebuild from 'altentry' (856 real ELF bytes read from the on-disk filesystem), new address space, jumping directly into the real parsed entry 0x555550003000, never returning to the old one
milestone 31: syscall WRITE (process 9) -- hardware-recorded CS=0x1b (CPL=3) -- ptr=0x55555000301c len=70 -- raw bytes >>>
hello from a non-USER_CODE_ADDR entry point -- milestone 44 confirmed!
<<< end of write (70 bytes)
milestone 57: syscall WRITE (process 9) -- heap page 0 at 0x555570000000 is not mapped yet (this process has never touched its heap -- demand paging means no physical frame exists there to read)
milestone 30: syscall EXIT -- hardware-recorded CS=0x1b (CPL=3) -- discarding ring-3 context, resuming kernel context
milestone 30: runproc 9 -- resumed in kernel context (CR3 already restored by the exit syscall before this point)
milestone 45: self-test -- run_ok=true, after-state: pml4=0x1b5000 entry=0x555550003000 pgid=9 fds[0]_present=true
milestone 45: self-test -- pml4_changed=true (before=0x8b000 after=0x1b5000), entry_changed=true (before=0x555550000000 after=0x555550003000, expected real e_entry=0x555550003000), fd_survived_exec=true, pgid_preserved=true
milestone 45: self-test -- OVERALL: PASS
milestone 44: self-test -- parsed embedded testelf_altentry.elf: e_entry=0x555550003000 (USER_CODE_ADDR=0x555550000000) -- genuinely a non-default entry point
milestone 44: self-test -- running the alt-entry ELF via process::create_loaded_elf_process()/run_loaded_elf_process() (the SAME functions `runelf` itself calls)...
milestone 36: process elf-loaded -- ELF validated: e_entry=0x555550003000 falls inside a mapped segment, 1 PT_LOAD segment(s), 1 total page(s), all within private p4 index 170
milestone 36: process elf-loaded -- new pml4 0x99000 populated: 511 kernel-space entries shared, index 170 left private
milestone 36: process elf-loaded -- mapped 1 PT_LOAD page(s): [(93824902770688, 622592, 98, 5)]
milestone 36: process elf-loaded -- private stack page mapped to frame 0x94000
milestone 100: process elf-loaded -- 7 extra stack page(s) mapped below USER_STACK_ADDR (32 KiB total stack)
milestone 57: process elf-loaded -- private heap RESERVED (not mapped): 64 pages at 0x555570000000..0x55557003ffff, 0 physical frames committed until a real page fault demand-pages one
milestone 36: elf-loaded process -- about to switch CR3 to pml4 0x99000
milestone 36: CR3 switched -- entering ring 3 for the ELF-loaded process at 0x555550003000 (real e_entry)
milestone 31: syscall WRITE (process 3) -- hardware-recorded CS=0x1b (CPL=3) -- ptr=0x55555000301c len=70 -- raw bytes >>>
hello from a non-USER_CODE_ADDR entry point -- milestone 44 confirmed!
<<< end of write (70 bytes)
milestone 57: syscall WRITE (process 3) -- heap page 0 at 0x555570000000 is not mapped yet (this process has never touched its heap -- demand paging means no physical frame exists there to read)
milestone 30: syscall EXIT -- hardware-recorded CS=0x1b (CPL=3) -- discarding ring-3 context, resuming kernel context
milestone 36: elf-loaded process -- resumed in kernel context (CR3 already restored by the exit syscall before this point)
milestone 44: self-test -- run_loaded_elf_process() returned Ok(()) (no panic either way -- see this function's own doc comment for why that alone isn't the real proof)
milestone 44: self-test -- LAST_WRITE_SYSCALL_PID after running = 3 (expected 3, LOADED_PROCESS_ID) -- confirmed: ring-3 execution genuinely reached the write syscall from inside the new entry point's own mapped page
milestone 44: self-test -- OVERALL: PASS
milestone 51: self-test -- parsed the embedded malloctest.elf: e_entry=0x555550000000 (expected 0x555550000000), 1 PT_LOAD segment(s)
milestone 36: process elf-loaded -- ELF validated: e_entry=0x555550000000 falls inside a mapped segment, 1 PT_LOAD segment(s), 1 total page(s), all within private p4 index 170
milestone 36: process elf-loaded -- new pml4 0x1bf000 populated: 511 kernel-space entries shared, index 170 left private
milestone 36: process elf-loaded -- mapped 1 PT_LOAD page(s): [(93824902758400, 1835008, 1430, 7)]
milestone 36: process elf-loaded -- private stack page mapped to frame 0x1c4000
milestone 100: process elf-loaded -- 7 extra stack page(s) mapped below USER_STACK_ADDR (32 KiB total stack)
milestone 57: process elf-loaded -- private heap RESERVED (not mapped): 64 pages at 0x555570000000..0x55557003ffff, 0 physical frames committed until a real page fault demand-pages one
milestone 36: elf-loaded process -- about to switch CR3 to pml4 0x1bf000
milestone 36: CR3 switched -- entering ring 3 for the ELF-loaded process at 0x555550000000 (real e_entry)
milestone 31: syscall WRITE (process 3) -- hardware-recorded CS=0x1b (CPL=3) -- ptr=0x55555000038c len=74 -- raw bytes >>>
milestone 51: malloctest starting -- real malloc()/free() over sys_sbrk()

<<< end of write (74 bytes)
milestone 57: syscall WRITE (process 3) -- heap page 0 at 0x555570000000 is not mapped yet (this process has never touched its heap -- demand paging means no physical frame exists there to read)
milestone 33: syscall SBRK (process 3) -- hardware-recorded CS=0x1b (CPL=3) -- requested 72 bytes, returning heap pointer 0x555570000000
milestone 57: demand-paged heap page 0 for process 3 (fault addr 0x555570000000) -- fresh zeroed physical frame 0x1ce000 mapped, resuming the faulting instruction
milestone 33: syscall SBRK (process 3) -- hardware-recorded CS=0x1b (CPL=3) -- requested 40 bytes, returning heap pointer 0x555570000048
milestone 31: syscall WRITE (process 3) -- hardware-recorded CS=0x1b (CPL=3) -- ptr=0x5555500003d6 len=8 -- raw bytes >>>
  ptr_a=
<<< end of write (8 bytes)
milestone 33: syscall WRITE (process 3) also reads its own private heap at 0x555570000000 -- marker byte 0x40 ('@')
milestone 31: syscall WRITE (process 3) -- hardware-recorded CS=0x1b (CPL=3) -- ptr=0x555560000f9e len=18 -- raw bytes >>>
0x0000555570000008
<<< end of write (18 bytes)
milestone 33: syscall WRITE (process 3) also reads its own private heap at 0x555570000000 -- marker byte 0x40 ('@')
milestone 31: syscall WRITE (process 3) -- hardware-recorded CS=0x1b (CPL=3) -- ptr=0x55555000038b len=1 -- raw bytes >>>


<<< end of write (1 bytes)
milestone 33: syscall WRITE (process 3) also reads its own private heap at 0x555570000000 -- marker byte 0x40 ('@')
milestone 31: syscall WRITE (process 3) -- hardware-recorded CS=0x1b (CPL=3) -- ptr=0x5555500003de len=8 -- raw bytes >>>
  ptr_b=
<<< end of write (8 bytes)
milestone 33: syscall WRITE (process 3) also reads its own private heap at 0x555570000000 -- marker byte 0x40 ('@')
milestone 31: syscall WRITE (process 3) -- hardware-recorded CS=0x1b (CPL=3) -- ptr=0x555560000f9e len=18 -- raw bytes >>>
0x0000555570000050
<<< end of write (18 bytes)
milestone 33: syscall WRITE (process 3) also reads its own private heap at 0x555570000000 -- marker byte 0x40 ('@')
milestone 31: syscall WRITE (process 3) -- hardware-recorded CS=0x1b (CPL=3) -- ptr=0x55555000038b len=1 -- raw bytes >>>


<<< end of write (1 bytes)
milestone 33: syscall WRITE (process 3) also reads its own private heap at 0x555570000000 -- marker byte 0x40 ('@')
milestone 31: syscall WRITE (process 3) -- hardware-recorded CS=0x1b (CPL=3) -- ptr=0x5555500003f6 len=8 -- raw bytes >>>
  ptr_c=
<<< end of write (8 bytes)
milestone 33: syscall WRITE (process 3) also reads its own private heap at 0x555570000000 -- marker byte 0x40 ('@')
milestone 31: syscall WRITE (process 3) -- hardware-recorded CS=0x1b (CPL=3) -- ptr=0x555560000f9e len=18 -- raw bytes >>>
0x0000555570000008
<<< end of write (18 bytes)
milestone 33: syscall WRITE (process 3) also reads its own private heap at 0x555570000000 -- marker byte 0x40 ('@')
milestone 31: syscall WRITE (process 3) -- hardware-recorded CS=0x1b (CPL=3) -- ptr=0x55555000038b len=1 -- raw bytes >>>


<<< end of write (1 bytes)
milestone 33: syscall WRITE (process 3) also reads its own private heap at 0x555570000000 -- marker byte 0x40 ('@')
milestone 33: syscall SBRK (process 3) -- hardware-recorded CS=0x1b (CPL=3) -- requested 72 bytes, returning heap pointer 0x555570000070
milestone 31: syscall WRITE (process 3) -- hardware-recorded CS=0x1b (CPL=3) -- ptr=0x5555500003e6 len=8 -- raw bytes >>>
  ptr_d=
<<< end of write (8 bytes)
milestone 33: syscall WRITE (process 3) also reads its own private heap at 0x555570000000 -- marker byte 0x40 ('@')
milestone 31: syscall WRITE (process 3) -- hardware-recorded CS=0x1b (CPL=3) -- ptr=0x555560000f9e len=18 -- raw bytes >>>
0x0000555570000078
<<< end of write (18 bytes)
milestone 33: syscall WRITE (process 3) also reads its own private heap at 0x555570000000 -- marker byte 0x40 ('@')
milestone 31: syscall WRITE (process 3) -- hardware-recorded CS=0x1b (CPL=3) -- ptr=0x55555000038b len=1 -- raw bytes >>>


<<< end of write (1 bytes)
milestone 33: syscall WRITE (process 3) also reads its own private heap at 0x555570000000 -- marker byte 0x40 ('@')
milestone 31: syscall WRITE (process 3) -- hardware-recorded CS=0x1b (CPL=3) -- ptr=0x5555500003ee len=8 -- raw bytes >>>
  ptr_e=
<<< end of write (8 bytes)
milestone 33: syscall WRITE (process 3) also reads its own private heap at 0x555570000000 -- marker byte 0x40 ('@')
milestone 31: syscall WRITE (process 3) -- hardware-recorded CS=0x1b (CPL=3) -- ptr=0x555560000f9e len=18 -- raw bytes >>>
0x0000555570000078
<<< end of write (18 bytes)
milestone 33: syscall WRITE (process 3) also reads its own private heap at 0x555570000000 -- marker byte 0x40 ('@')
milestone 31: syscall WRITE (process 3) -- hardware-recorded CS=0x1b (CPL=3) -- ptr=0x55555000038b len=1 -- raw bytes >>>


<<< end of write (1 bytes)
milestone 33: syscall WRITE (process 3) also reads its own private heap at 0x555570000000 -- marker byte 0x40 ('@')
milestone 31: syscall WRITE (process 3) -- hardware-recorded CS=0x1b (CPL=3) -- ptr=0x5555500003fe len=8 -- raw bytes >>>
  ptr_f=
<<< end of write (8 bytes)
milestone 33: syscall WRITE (process 3) also reads its own private heap at 0x555570000000 -- marker byte 0x40 ('@')
milestone 31: syscall WRITE (process 3) -- hardware-recorded CS=0x1b (CPL=3) -- ptr=0x555560000f9e len=18 -- raw bytes >>>
0x0000555570000090
<<< end of write (18 bytes)
milestone 33: syscall WRITE (process 3) also reads its own private heap at 0x555570000000 -- marker byte 0x40 ('@')
milestone 31: syscall WRITE (process 3) -- hardware-recorded CS=0x1b (CPL=3) -- ptr=0x55555000038b len=1 -- raw bytes >>>


<<< end of write (1 bytes)
milestone 33: syscall WRITE (process 3) also reads its own private heap at 0x555570000000 -- marker byte 0x40 ('@')
milestone 31: syscall WRITE (process 3) -- hardware-recorded CS=0x1b (CPL=3) -- ptr=0x55555000040e len=9 -- raw bytes >>>
distinct=
<<< end of write (9 bytes)
milestone 33: syscall WRITE (process 3) also reads its own private heap at 0x555570000000 -- marker byte 0x40 ('@')
milestone 31: syscall WRITE (process 3) -- hardware-recorded CS=0x1b (CPL=3) -- ptr=0x555550000356 len=4 -- raw bytes >>>
PASS
<<< end of write (4 bytes)
milestone 33: syscall WRITE (process 3) also reads its own private heap at 0x555570000000 -- marker byte 0x40 ('@')
milestone 31: syscall WRITE (process 3) -- hardware-recorded CS=0x1b (CPL=3) -- ptr=0x55555000035a len=1 -- raw bytes >>>
 
<<< end of write (1 bytes)
milestone 33: syscall WRITE (process 3) also reads its own private heap at 0x555570000000 -- marker byte 0x40 ('@')
milestone 31: syscall WRITE (process 3) -- hardware-recorded CS=0x1b (CPL=3) -- ptr=0x555550000417 len=10 -- raw bytes >>>
integrity=
<<< end of write (10 bytes)
milestone 33: syscall WRITE (process 3) also reads its own private heap at 0x555570000000 -- marker byte 0x40 ('@')
milestone 31: syscall WRITE (process 3) -- hardware-recorded CS=0x1b (CPL=3) -- ptr=0x555550000356 len=4 -- raw bytes >>>
PASS
<<< end of write (4 bytes)
milestone 33: syscall WRITE (process 3) also reads its own private heap at 0x555570000000 -- marker byte 0x40 ('@')
milestone 31: syscall WRITE (process 3) -- hardware-recorded CS=0x1b (CPL=3) -- ptr=0x55555000035a len=1 -- raw bytes >>>
 
<<< end of write (1 bytes)
milestone 33: syscall WRITE (process 3) also reads its own private heap at 0x555570000000 -- marker byte 0x40 ('@')
milestone 31: syscall WRITE (process 3) -- hardware-recorded CS=0x1b (CPL=3) -- ptr=0x555550000421 len=6 -- raw bytes >>>
reuse=
<<< end of write (6 bytes)
milestone 33: syscall WRITE (process 3) also reads its own private heap at 0x555570000000 -- marker byte 0x40 ('@')
milestone 31: syscall WRITE (process 3) -- hardware-recorded CS=0x1b (CPL=3) -- ptr=0x555550000356 len=4 -- raw bytes >>>
PASS
<<< end of write (4 bytes)
milestone 33: syscall WRITE (process 3) also reads its own private heap at 0x555570000000 -- marker byte 0x40 ('@')
milestone 31: syscall WRITE (process 3) -- hardware-recorded CS=0x1b (CPL=3) -- ptr=0x55555000035a len=1 -- raw bytes >>>
 
<<< end of write (1 bytes)
milestone 33: syscall WRITE (process 3) also reads its own private heap at 0x555570000000 -- marker byte 0x40 ('@')
milestone 31: syscall WRITE (process 3) -- hardware-recorded CS=0x1b (CPL=3) -- ptr=0x555550000427 len=12 -- raw bytes >>>
split_reuse=
<<< end of write (12 bytes)
milestone 33: syscall WRITE (process 3) also reads its own private heap at 0x555570000000 -- marker byte 0x40 ('@')
milestone 31: syscall WRITE (process 3) -- hardware-recorded CS=0x1b (CPL=3) -- ptr=0x555550000356 len=4 -- raw bytes >>>
PASS
<<< end of write (4 bytes)
milestone 33: syscall WRITE (process 3) also reads its own private heap at 0x555570000000 -- marker byte 0x40 ('@')
milestone 31: syscall WRITE (process 3) -- hardware-recorded CS=0x1b (CPL=3) -- ptr=0x55555000035a len=1 -- raw bytes >>>
 
<<< end of write (1 bytes)
milestone 33: syscall WRITE (process 3) also reads its own private heap at 0x555570000000 -- marker byte 0x40 ('@')
milestone 31: syscall WRITE (process 3) -- hardware-recorded CS=0x1b (CPL=3) -- ptr=0x55555000036b len=16 -- raw bytes >>>
split_remainder=
<<< end of write (16 bytes)
milestone 33: syscall WRITE (process 3) also reads its own private heap at 0x555570000000 -- marker byte 0x40 ('@')
milestone 31: syscall WRITE (process 3) -- hardware-recorded CS=0x1b (CPL=3) -- ptr=0x555550000356 len=4 -- raw bytes >>>
PASS
<<< end of write (4 bytes)
milestone 33: syscall WRITE (process 3) also reads its own private heap at 0x555570000000 -- marker byte 0x40 ('@')
milestone 31: syscall WRITE (process 3) -- hardware-recorded CS=0x1b (CPL=3) -- ptr=0x55555000035a len=1 -- raw bytes >>>
 
<<< end of write (1 bytes)
milestone 33: syscall WRITE (process 3) also reads its own private heap at 0x555570000000 -- marker byte 0x40 ('@')
milestone 31: syscall WRITE (process 3) -- hardware-recorded CS=0x1b (CPL=3) -- ptr=0x55555000035b len=16 -- raw bytes >>>
split_integrity=
<<< end of write (16 bytes)
milestone 33: syscall WRITE (process 3) also reads its own private heap at 0x555570000000 -- marker byte 0x40 ('@')
milestone 31: syscall WRITE (process 3) -- hardware-recorded CS=0x1b (CPL=3) -- ptr=0x555550000356 len=4 -- raw bytes >>>
PASS
<<< end of write (4 bytes)
milestone 33: syscall WRITE (process 3) also reads its own private heap at 0x555570000000 -- marker byte 0x40 ('@')
milestone 31: syscall WRITE (process 3) -- hardware-recorded CS=0x1b (CPL=3) -- ptr=0x55555000035a len=1 -- raw bytes >>>
 
<<< end of write (1 bytes)
milestone 33: syscall WRITE (process 3) also reads its own private heap at 0x555570000000 -- marker byte 0x40 ('@')
milestone 31: syscall WRITE (process 3) -- hardware-recorded CS=0x1b (CPL=3) -- ptr=0x555550000406 len=8 -- raw bytes >>>
OVERALL=
<<< end of write (8 bytes)
milestone 33: syscall WRITE (process 3) also reads its own private heap at 0x555570000000 -- marker byte 0x40 ('@')
milestone 31: syscall WRITE (process 3) -- hardware-recorded CS=0x1b (CPL=3) -- ptr=0x555550000356 len=4 -- raw bytes >>>
PASS
<<< end of write (4 bytes)
milestone 33: syscall WRITE (process 3) also reads its own private heap at 0x555570000000 -- marker byte 0x40 ('@')
milestone 31: syscall WRITE (process 3) -- hardware-recorded CS=0x1b (CPL=3) -- ptr=0x55555000038b len=1 -- raw bytes >>>


<<< end of write (1 bytes)
milestone 33: syscall WRITE (process 3) also reads its own private heap at 0x555570000000 -- marker byte 0x40 ('@')
milestone 30: syscall EXIT -- hardware-recorded CS=0x1b (CPL=3) -- discarding ring-3 context, resuming kernel context
milestone 36: elf-loaded process -- resumed in kernel context (CR3 already restored by the exit syscall before this point)
milestone 51: self-test -- malloctest.elf ran to completion and returned to the kernel cleanly (no panic, no double fault) -- see the 'milestone 51: malloctest' lines above for the real allocator-correctness evidence written by the program itself
milestone 61: self-test -- parsed the embedded stdiotest.elf: e_entry=0x555550000000 (expected 0x555550000000), 1 PT_LOAD segment(s)
milestone 36: process elf-loaded -- ELF validated: e_entry=0x555550000000 falls inside a mapped segment, 1 PT_LOAD segment(s), 2 total page(s), all within private p4 index 170
milestone 36: process elf-loaded -- new pml4 0x1d0000 populated: 511 kernel-space entries shared, index 170 left private
milestone 36: process elf-loaded -- mapped 2 PT_LOAD page(s): [(93824902758400, 1904640, 4096, 7), (93824902762496, 1921024, 2700, 7)]
milestone 36: process elf-loaded -- private stack page mapped to frame 0x1d6000
milestone 100: process elf-loaded -- 7 extra stack page(s) mapped below USER_STACK_ADDR (32 KiB total stack)
milestone 57: process elf-loaded -- private heap RESERVED (not mapped): 64 pages at 0x555570000000..0x55557003ffff, 0 physical frames committed until a real page fault demand-pages one
milestone 36: elf-loaded process -- about to switch CR3 to pml4 0x1d0000
milestone 36: CR3 switched -- entering ring 3 for the ELF-loaded process at 0x555550000000 (real e_entry)
milestone 31: syscall WRITE (process 3) -- hardware-recorded CS=0x1b (CPL=3) -- ptr=0x555550001260 len=67 -- raw bytes >>>
milestone 61: stdiotest starting -- real string.h + buffered stdio

<<< end of write (67 bytes)
milestone 57: syscall WRITE (process 3) -- heap page 0 at 0x555570000000 is not mapped yet (this process has never touched its heap -- demand paging means no physical frame exists there to read)
milestone 33: syscall SBRK (process 3) -- hardware-recorded CS=0x1b (CPL=3) -- requested 16 bytes, returning heap pointer 0x555570000000
milestone 57: demand-paged heap page 0 for process 3 (fault addr 0x555570000000) -- fresh zeroed physical frame 0x1e0000 mapped, resuming the faulting instruction
milestone 31: syscall WRITE (process 3) -- hardware-recorded CS=0x1b (CPL=3) -- ptr=0x5555500012a8 len=7 -- raw bytes >>>
memcpy=
<<< end of write (7 bytes)
milestone 33: syscall WRITE (process 3) also reads its own private heap at 0x555570000000 -- marker byte 0x08 (' ')
milestone 31: syscall WRITE (process 3) -- hardware-recorded CS=0x1b (CPL=3) -- ptr=0x555550001236 len=4 -- raw bytes >>>
PASS
<<< end of write (4 bytes)
milestone 33: syscall WRITE (process 3) also reads its own private heap at 0x555570000000 -- marker byte 0x08 (' ')
milestone 31: syscall WRITE (process 3) -- hardware-recorded CS=0x1b (CPL=3) -- ptr=0x55555000123e len=1 -- raw bytes >>>
 
<<< end of write (1 bytes)
milestone 33: syscall WRITE (process 3) also reads its own private heap at 0x555570000000 -- marker byte 0x08 (' ')
milestone 33: syscall SBRK (process 3) -- hardware-recorded CS=0x1b (CPL=3) -- requested 16 bytes, returning heap pointer 0x555570000010
milestone 31: syscall WRITE (process 3) -- hardware-recorded CS=0x1b (CPL=3) -- ptr=0x5555500012af len=7 -- raw bytes >>>
memset=
<<< end of write (7 bytes)
milestone 33: syscall WRITE (process 3) also reads its own private heap at 0x555570000000 -- marker byte 0x08 (' ')
milestone 31: syscall WRITE (process 3) -- hardware-recorded CS=0x1b (CPL=3) -- ptr=0x555550001236 len=4 -- raw bytes >>>
PASS
<<< end of write (4 bytes)
milestone 33: syscall WRITE (process 3) also reads its own private heap at 0x555570000000 -- marker byte 0x08 (' ')
milestone 31: syscall WRITE (process 3) -- hardware-recorded CS=0x1b (CPL=3) -- ptr=0x55555000123e len=1 -- raw bytes >>>
 
<<< end of write (1 bytes)
milestone 33: syscall WRITE (process 3) also reads its own private heap at 0x555570000000 -- marker byte 0x08 (' ')
milestone 33: syscall SBRK (process 3) -- hardware-recorded CS=0x1b (CPL=3) -- requested 24 bytes, returning heap pointer 0x555570000020
milestone 31: syscall WRITE (process 3) -- hardware-recorded CS=0x1b (CPL=3) -- ptr=0x5555500012e2 len=8 -- raw bytes >>>
memmove=
<<< end of write (8 bytes)
milestone 33: syscall WRITE (process 3) also reads its own private heap at 0x555570000000 -- marker byte 0x08 (' ')
milestone 31: syscall WRITE (process 3) -- hardware-recorded CS=0x1b (CPL=3) -- ptr=0x555550001236 len=4 -- raw bytes >>>
PASS
<<< end of write (4 bytes)
milestone 33: syscall WRITE (process 3) also reads its own private heap at 0x555570000000 -- marker byte 0x08 (' ')
milestone 31: syscall WRITE (process 3) -- hardware-recorded CS=0x1b (CPL=3) -- ptr=0x55555000123e len=1 -- raw bytes >>>
 
<<< end of write (1 bytes)
milestone 33: syscall WRITE (process 3) also reads its own private heap at 0x555570000000 -- marker byte 0x08 (' ')
milestone 31: syscall WRITE (process 3) -- hardware-recorded CS=0x1b (CPL=3) -- ptr=0x555550001300 len=7 -- raw bytes >>>
memcmp=
<<< end of write (7 bytes)
milestone 33: syscall WRITE (process 3) also reads its own private heap at 0x555570000000 -- marker byte 0x08 (' ')
milestone 31: syscall WRITE (process 3) -- hardware-recorded CS=0x1b (CPL=3) -- ptr=0x555550001236 len=4 -- raw bytes >>>
PASS
<<< end of write (4 bytes)
milestone 33: syscall WRITE (process 3) also reads its own private heap at 0x555570000000 -- marker byte 0x08 (' ')
milestone 31: syscall WRITE (process 3) -- hardware-recorded CS=0x1b (CPL=3) -- ptr=0x55555000123e len=1 -- raw bytes >>>
 
<<< end of write (1 bytes)
milestone 33: syscall WRITE (process 3) also reads its own private heap at 0x555570000000 -- marker byte 0x08 (' ')
milestone 31: syscall WRITE (process 3) -- hardware-recorded CS=0x1b (CPL=3) -- ptr=0x555550001335 len=7 -- raw bytes >>>
strlen=
<<< end of write (7 bytes)
milestone 33: syscall WRITE (process 3) also reads its own private heap at 0x555570000000 -- marker byte 0x08 (' ')
milestone 31: syscall WRITE (process 3) -- hardware-recorded CS=0x1b (CPL=3) -- ptr=0x555550001236 len=4 -- raw bytes >>>
PASS
<<< end of write (4 bytes)
milestone 33: syscall WRITE (process 3) also reads its own private heap at 0x555570000000 -- marker byte 0x08 (' ')
milestone 31: syscall WRITE (process 3) -- hardware-recorded CS=0x1b (CPL=3) -- ptr=0x55555000123e len=1 -- raw bytes >>>
 
<<< end of write (1 bytes)
milestone 33: syscall WRITE (process 3) also reads its own private heap at 0x555570000000 -- marker byte 0x08 (' ')
milestone 31: syscall WRITE (process 3) -- hardware-recorded CS=0x1b (CPL=3) -- ptr=0x55555000133c len=7 -- raw bytes >>>
strcmp=
<<< end of write (7 bytes)
milestone 33: syscall WRITE (process 3) also reads its own private heap at 0x555570000000 -- marker byte 0x08 (' ')
milestone 31: syscall WRITE (process 3) -- hardware-recorded CS=0x1b (CPL=3) -- ptr=0x555550001236 len=4 -- raw bytes >>>
PASS
<<< end of write (4 bytes)
milestone 33: syscall WRITE (process 3) also reads its own private heap at 0x555570000000 -- marker byte 0x08 (' ')
milestone 31: syscall WRITE (process 3) -- hardware-recorded CS=0x1b (CPL=3) -- ptr=0x55555000123e len=1 -- raw bytes >>>
 
<<< end of write (1 bytes)
milestone 33: syscall WRITE (process 3) also reads its own private heap at 0x555570000000 -- marker byte 0x08 (' ')
milestone 31: syscall WRITE (process 3) -- hardware-recorded CS=0x1b (CPL=3) -- ptr=0x5555500012d2 len=8 -- raw bytes >>>
strncmp=
<<< end of write (8 bytes)
milestone 33: syscall WRITE (process 3) also reads its own private heap at 0x555570000000 -- marker byte 0x08 (' ')
milestone 31: syscall WRITE (process 3) -- hardware-recorded CS=0x1b (CPL=3) -- ptr=0x555550001236 len=4 -- raw bytes >>>
PASS
<<< end of write (4 bytes)
milestone 33: syscall WRITE (process 3) also reads its own private heap at 0x555570000000 -- marker byte 0x08 (' ')
milestone 31: syscall WRITE (process 3) -- hardware-recorded CS=0x1b (CPL=3) -- ptr=0x55555000123e len=1 -- raw bytes >>>
 
<<< end of write (1 bytes)
milestone 33: syscall WRITE (process 3) also reads its own private heap at 0x555570000000 -- marker byte 0x08 (' ')
milestone 33: syscall SBRK (process 3) -- hardware-recorded CS=0x1b (CPL=3) -- requested 16 bytes, returning heap pointer 0x555570000038
milestone 31: syscall WRITE (process 3) -- hardware-recorded CS=0x1b (CPL=3) -- ptr=0x555550001343 len=7 -- raw bytes >>>
strcpy=
<<< end of write (7 bytes)
milestone 33: syscall WRITE (process 3) also reads its own private heap at 0x555570000000 -- marker byte 0x08 (' ')
milestone 31: syscall WRITE (process 3) -- hardware-recorded CS=0x1b (CPL=3) -- ptr=0x555550001236 len=4 -- raw bytes >>>
PASS
<<< end of write (4 bytes)
milestone 33: syscall WRITE (process 3) also reads its own private heap at 0x555570000000 -- marker byte 0x08 (' ')
milestone 31: syscall WRITE (process 3) -- hardware-recorded CS=0x1b (CPL=3) -- ptr=0x55555000123e len=1 -- raw bytes >>>
 
<<< end of write (1 bytes)
milestone 33: syscall WRITE (process 3) also reads its own private heap at 0x555570000000 -- marker byte 0x08 (' ')
milestone 33: syscall SBRK (process 3) -- hardware-recorded CS=0x1b (CPL=3) -- requested 16 bytes, returning heap pointer 0x555570000048
milestone 31: syscall WRITE (process 3) -- hardware-recorded CS=0x1b (CPL=3) -- ptr=0x5555500012da len=8 -- raw bytes >>>
strncpy=
<<< end of write (8 bytes)
milestone 33: syscall WRITE (process 3) also reads its own private heap at 0x555570000000 -- marker byte 0x08 (' ')
milestone 31: syscall WRITE (process 3) -- hardware-recorded CS=0x1b (CPL=3) -- ptr=0x555550001236 len=4 -- raw bytes >>>
PASS
<<< end of write (4 bytes)
milestone 33: syscall WRITE (process 3) also reads its own private heap at 0x555570000000 -- marker byte 0x08 (' ')
milestone 31: syscall WRITE (process 3) -- hardware-recorded CS=0x1b (CPL=3) -- ptr=0x55555000123e len=1 -- raw bytes >>>
 
<<< end of write (1 bytes)
milestone 33: syscall WRITE (process 3) also reads its own private heap at 0x555570000000 -- marker byte 0x08 (' ')
milestone 33: syscall SBRK (process 3) -- hardware-recorded CS=0x1b (CPL=3) -- requested 16 bytes, returning heap pointer 0x555570000058
milestone 31: syscall WRITE (process 3) -- hardware-recorded CS=0x1b (CPL=3) -- ptr=0x55555000134f len=7 -- raw bytes >>>
strcat=
<<< end of write (7 bytes)
milestone 33: syscall WRITE (process 3) also reads its own private heap at 0x555570000000 -- marker byte 0x08 (' ')
milestone 31: syscall WRITE (process 3) -- hardware-recorded CS=0x1b (CPL=3) -- ptr=0x555550001236 len=4 -- raw bytes >>>
PASS
<<< end of write (4 bytes)
milestone 33: syscall WRITE (process 3) also reads its own private heap at 0x555570000000 -- marker byte 0x08 (' ')
milestone 31: syscall WRITE (process 3) -- hardware-recorded CS=0x1b (CPL=3) -- ptr=0x55555000123e len=1 -- raw bytes >>>
 
<<< end of write (1 bytes)
milestone 33: syscall WRITE (process 3) also reads its own private heap at 0x555570000000 -- marker byte 0x08 (' ')
milestone 31: syscall WRITE (process 3) -- hardware-recorded CS=0x1b (CPL=3) -- ptr=0x555550001356 len=7 -- raw bytes >>>
strchr=
<<< end of write (7 bytes)
milestone 33: syscall WRITE (process 3) also reads its own private heap at 0x555570000000 -- marker byte 0x08 (' ')
milestone 31: syscall WRITE (process 3) -- hardware-recorded CS=0x1b (CPL=3) -- ptr=0x555550001236 len=4 -- raw bytes >>>
PASS
<<< end of write (4 bytes)
milestone 33: syscall WRITE (process 3) also reads its own private heap at 0x555570000000 -- marker byte 0x08 (' ')
milestone 31: syscall WRITE (process 3) -- hardware-recorded CS=0x1b (CPL=3) -- ptr=0x55555000123e len=1 -- raw bytes >>>
 
<<< end of write (1 bytes)
milestone 33: syscall WRITE (process 3) also reads its own private heap at 0x555570000000 -- marker byte 0x08 (' ')
milestone 31: syscall WRITE (process 3) -- hardware-recorded CS=0x1b (CPL=3) -- ptr=0x55555000125f len=1 -- raw bytes >>>


<<< end of write (1 bytes)
milestone 33: syscall WRITE (process 3) also reads its own private heap at 0x555570000000 -- marker byte 0x08 (' ')
milestone 31: syscall WRITE (process 3) -- hardware-recorded CS=0x1b (CPL=3) -- ptr=0x55555000135d len=18 -- raw bytes >>>
content_len_is_40=
<<< end of write (18 bytes)
milestone 33: syscall WRITE (process 3) also reads its own private heap at 0x555570000000 -- marker byte 0x08 (' ')
milestone 31: syscall WRITE (process 3) -- hardware-recorded CS=0x1b (CPL=3) -- ptr=0x555550001236 len=4 -- raw bytes >>>
PASS
<<< end of write (4 bytes)
milestone 33: syscall WRITE (process 3) also reads its own private heap at 0x555570000000 -- marker byte 0x08 (' ')
milestone 31: syscall WRITE (process 3) -- hardware-recorded CS=0x1b (CPL=3) -- ptr=0x55555000123e len=1 -- raw bytes >>>
 
<<< end of write (1 bytes)
milestone 33: syscall WRITE (process 3) also reads its own private heap at 0x555570000000 -- marker byte 0x08 (' ')
milestone 82: syscall OPEN_TRUNC (process 3) -- hardware-recorded CS=0x1b (CPL=3) -- path='stdiotest_a' -> fd 0 (truncated)
milestone 33: syscall SBRK (process 3) -- hardware-recorded CS=0x1b (CPL=3) -- requested 112 bytes, returning heap pointer 0x555570000068
milestone 31: syscall WRITE (process 3) -- hardware-recorded CS=0x1b (CPL=3) -- ptr=0x5555500012ea len=8 -- raw bytes >>>
fopen_w=
<<< end of write (8 bytes)
milestone 33: syscall WRITE (process 3) also reads its own private heap at 0x555570000000 -- marker byte 0x08 (' ')
milestone 31: syscall WRITE (process 3) -- hardware-recorded CS=0x1b (CPL=3) -- ptr=0x555550001236 len=4 -- raw bytes >>>
PASS
<<< end of write (4 bytes)
milestone 33: syscall WRITE (process 3) also reads its own private heap at 0x555570000000 -- marker byte 0x08 (' ')
milestone 31: syscall WRITE (process 3) -- hardware-recorded CS=0x1b (CPL=3) -- ptr=0x55555000123e len=1 -- raw bytes >>>
 
<<< end of write (1 bytes)
milestone 33: syscall WRITE (process 3) also reads its own private heap at 0x555570000000 -- marker byte 0x08 (' ')
milestone 35: syscall FDWRITE (process 3) -- hardware-recorded CS=0x1b (CPL=3) -- fd=0 requested=32 accepted=32 bytes
milestone 31: syscall WRITE (process 3) -- hardware-recorded CS=0x1b (CPL=3) -- ptr=0x5555500013a2 len=23 -- raw bytes >>>
  wlen after 12B write=
<<< end of write (23 bytes)
milestone 33: syscall WRITE (process 3) also reads its own private heap at 0x555570000000 -- marker byte 0x08 (' ')
milestone 31: syscall WRITE (process 3) -- hardware-recorded CS=0x1b (CPL=3) -- ptr=0x555560000e7e len=18 -- raw bytes >>>
0x000000000000000c
<<< end of write (18 bytes)
milestone 33: syscall WRITE (process 3) also reads its own private heap at 0x555570000000 -- marker byte 0x08 (' ')
milestone 31: syscall WRITE (process 3) -- hardware-recorded CS=0x1b (CPL=3) -- ptr=0x55555000125f len=1 -- raw bytes >>>


<<< end of write (1 bytes)
milestone 33: syscall WRITE (process 3) also reads its own private heap at 0x555570000000 -- marker byte 0x08 (' ')
milestone 31: syscall WRITE (process 3) -- hardware-recorded CS=0x1b (CPL=3) -- ptr=0x5555500013b9 len=24 -- raw bytes >>>
  wlen after +25B write=
<<< end of write (24 bytes)
milestone 33: syscall WRITE (process 3) also reads its own private heap at 0x555570000000 -- marker byte 0x08 (' ')
milestone 31: syscall WRITE (process 3) -- hardware-recorded CS=0x1b (CPL=3) -- ptr=0x555560000e7e len=18 -- raw bytes >>>
0x0000000000000005
<<< end of write (18 bytes)
milestone 33: syscall WRITE (process 3) also reads its own private heap at 0x555570000000 -- marker byte 0x08 (' ')
milestone 31: syscall WRITE (process 3) -- hardware-recorded CS=0x1b (CPL=3) -- ptr=0x55555000125f len=1 -- raw bytes >>>


<<< end of write (1 bytes)
milestone 33: syscall WRITE (process 3) also reads its own private heap at 0x555570000000 -- marker byte 0x08 (' ')
milestone 31: syscall WRITE (process 3) -- hardware-recorded CS=0x1b (CPL=3) -- ptr=0x5555500013d1 len=23 -- raw bytes >>>
  wlen after +3B write=
<<< end of write (23 bytes)
milestone 33: syscall WRITE (process 3) also reads its own private heap at 0x555570000000 -- marker byte 0x08 (' ')
milestone 31: syscall WRITE (process 3) -- hardware-recorded CS=0x1b (CPL=3) -- ptr=0x555560000e7e len=18 -- raw bytes >>>
0x0000000000000008
<<< end of write (18 bytes)
milestone 33: syscall WRITE (process 3) also reads its own private heap at 0x555570000000 -- marker byte 0x08 (' ')
milestone 31: syscall WRITE (process 3) -- hardware-recorded CS=0x1b (CPL=3) -- ptr=0x55555000125f len=1 -- raw bytes >>>


<<< end of write (1 bytes)
milestone 33: syscall WRITE (process 3) also reads its own private heap at 0x555570000000 -- marker byte 0x08 (' ')
milestone 31: syscall WRITE (process 3) -- hardware-recorded CS=0x1b (CPL=3) -- ptr=0x5555500013e8 len=14 -- raw bytes >>>
fwrite_counts=
<<< end of write (14 bytes)
milestone 33: syscall WRITE (process 3) also reads its own private heap at 0x555570000000 -- marker byte 0x08 (' ')
milestone 31: syscall WRITE (process 3) -- hardware-recorded CS=0x1b (CPL=3) -- ptr=0x555550001236 len=4 -- raw bytes >>>
PASS
<<< end of write (4 bytes)
milestone 33: syscall WRITE (process 3) also reads its own private heap at 0x555570000000 -- marker byte 0x08 (' ')
milestone 31: syscall WRITE (process 3) -- hardware-recorded CS=0x1b (CPL=3) -- ptr=0x55555000123e len=1 -- raw bytes >>>
 
<<< end of write (1 bytes)
milestone 33: syscall WRITE (process 3) also reads its own private heap at 0x555570000000 -- marker byte 0x08 (' ')
milestone 31: syscall WRITE (process 3) -- hardware-recorded CS=0x1b (CPL=3) -- ptr=0x5555500013f6 len=22 -- raw bytes >>>
fwrite_real_buffering=
<<< end of write (22 bytes)
milestone 33: syscall WRITE (process 3) also reads its own private heap at 0x555570000000 -- marker byte 0x08 (' ')
milestone 31: syscall WRITE (process 3) -- hardware-recorded CS=0x1b (CPL=3) -- ptr=0x555550001236 len=4 -- raw bytes >>>
PASS
<<< end of write (4 bytes)
milestone 33: syscall WRITE (process 3) also reads its own private heap at 0x555570000000 -- marker byte 0x08 (' ')
milestone 31: syscall WRITE (process 3) -- hardware-recorded CS=0x1b (CPL=3) -- ptr=0x55555000123e len=1 -- raw bytes >>>
 
<<< end of write (1 bytes)
milestone 33: syscall WRITE (process 3) also reads its own private heap at 0x555570000000 -- marker byte 0x08 (' ')
milestone 35: syscall FDWRITE (process 3) -- hardware-recorded CS=0x1b (CPL=3) -- fd=0 requested=8 accepted=8 bytes
milestone 35: syscall CLOSE (process 3) -- fd 0 was dirty, persisted 40 bytes to 'stdiotest_a' on the real on-disk filesystem
milestone 35: syscall CLOSE (process 3) -- hardware-recorded CS=0x1b (CPL=3) -- fd=0 closed successfully
milestone 31: syscall WRITE (process 3) -- hardware-recorded CS=0x1b (CPL=3) -- ptr=0x55555000140c len=9 -- raw bytes >>>
fclose_w=
<<< end of write (9 bytes)
milestone 33: syscall WRITE (process 3) also reads its own private heap at 0x555570000000 -- marker byte 0x08 (' ')
milestone 31: syscall WRITE (process 3) -- hardware-recorded CS=0x1b (CPL=3) -- ptr=0x555550001236 len=4 -- raw bytes >>>
PASS
<<< end of write (4 bytes)
milestone 33: syscall WRITE (process 3) also reads its own private heap at 0x555570000000 -- marker byte 0x08 (' ')
milestone 31: syscall WRITE (process 3) -- hardware-recorded CS=0x1b (CPL=3) -- ptr=0x55555000123e len=1 -- raw bytes >>>
 
<<< end of write (1 bytes)
milestone 33: syscall WRITE (process 3) also reads its own private heap at 0x555570000000 -- marker byte 0x08 (' ')
milestone 35: syscall OPEN (process 3) -- hardware-recorded CS=0x1b (CPL=3) -- path='stdiotest_a' -> fd 0
milestone 31: syscall WRITE (process 3) -- hardware-recorded CS=0x1b (CPL=3) -- ptr=0x5555500012ca len=8 -- raw bytes >>>
fopen_r=
<<< end of write (8 bytes)
milestone 33: syscall WRITE (process 3) also reads its own private heap at 0x555570000000 -- marker byte 0x08 (' ')
milestone 31: syscall WRITE (process 3) -- hardware-recorded CS=0x1b (CPL=3) -- ptr=0x555550001236 len=4 -- raw bytes >>>
PASS
<<< end of write (4 bytes)
milestone 33: syscall WRITE (process 3) also reads its own private heap at 0x555570000000 -- marker byte 0x08 (' ')
milestone 31: syscall WRITE (process 3) -- hardware-recorded CS=0x1b (CPL=3) -- ptr=0x55555000123e len=1 -- raw bytes >>>
 
<<< end of write (1 bytes)
milestone 33: syscall WRITE (process 3) also reads its own private heap at 0x555570000000 -- marker byte 0x08 (' ')
milestone 33: syscall SBRK (process 3) -- hardware-recorded CS=0x1b (CPL=3) -- requested 48 bytes, returning heap pointer 0x5555700000d8
milestone 35: syscall READ (process 3) -- hardware-recorded CS=0x1b (CPL=3) -- fd=0 requested=32 actual=32 bytes
milestone 35: syscall READ (process 3) -- hardware-recorded CS=0x1b (CPL=3) -- fd=0 requested=32 actual=8 bytes
milestone 31: syscall WRITE (process 3) -- hardware-recorded CS=0x1b (CPL=3) -- ptr=0x555550001415 len=21 -- raw bytes >>>
  rlen after 5B read=
<<< end of write (21 bytes)
milestone 33: syscall WRITE (process 3) also reads its own private heap at 0x555570000000 -- marker byte 0x08 (' ')
milestone 31: syscall WRITE (process 3) -- hardware-recorded CS=0x1b (CPL=3) -- ptr=0x555560000e7e len=18 -- raw bytes >>>
0x0000000000000020
<<< end of write (18 bytes)
milestone 33: syscall WRITE (process 3) also reads its own private heap at 0x555570000000 -- marker byte 0x08 (' ')
milestone 31: syscall WRITE (process 3) -- hardware-recorded CS=0x1b (CPL=3) -- ptr=0x55555000125f len=1 -- raw bytes >>>


<<< end of write (1 bytes)
milestone 33: syscall WRITE (process 3) also reads its own private heap at 0x555570000000 -- marker byte 0x08 (' ')
milestone 31: syscall WRITE (process 3) -- hardware-recorded CS=0x1b (CPL=3) -- ptr=0x55555000142a len=21 -- raw bytes >>>
  rpos after 5B read=
<<< end of write (21 bytes)
milestone 33: syscall WRITE (process 3) also reads its own private heap at 0x555570000000 -- marker byte 0x08 (' ')
milestone 31: syscall WRITE (process 3) -- hardware-recorded CS=0x1b (CPL=3) -- ptr=0x555560000e7e len=18 -- raw bytes >>>
0x0000000000000005
<<< end of write (18 bytes)
milestone 33: syscall WRITE (process 3) also reads its own private heap at 0x555570000000 -- marker byte 0x08 (' ')
milestone 31: syscall WRITE (process 3) -- hardware-recorded CS=0x1b (CPL=3) -- ptr=0x55555000125f len=1 -- raw bytes >>>


<<< end of write (1 bytes)
milestone 33: syscall WRITE (process 3) also reads its own private heap at 0x555570000000 -- marker byte 0x08 (' ')
milestone 31: syscall WRITE (process 3) -- hardware-recorded CS=0x1b (CPL=3) -- ptr=0x55555000143f len=23 -- raw bytes >>>
  rlen after +20B read=
<<< end of write (23 bytes)
milestone 33: syscall WRITE (process 3) also reads its own private heap at 0x555570000000 -- marker byte 0x08 (' ')
milestone 31: syscall WRITE (process 3) -- hardware-recorded CS=0x1b (CPL=3) -- ptr=0x555560000e7e len=18 -- raw bytes >>>
0x0000000000000020
<<< end of write (18 bytes)
milestone 33: syscall WRITE (process 3) also reads its own private heap at 0x555570000000 -- marker byte 0x08 (' ')
milestone 31: syscall WRITE (process 3) -- hardware-recorded CS=0x1b (CPL=3) -- ptr=0x55555000125f len=1 -- raw bytes >>>


<<< end of write (1 bytes)
milestone 33: syscall WRITE (process 3) also reads its own private heap at 0x555570000000 -- marker byte 0x08 (' ')
milestone 31: syscall WRITE (process 3) -- hardware-recorded CS=0x1b (CPL=3) -- ptr=0x555550001456 len=23 -- raw bytes >>>
  rpos after +20B read=
<<< end of write (23 bytes)
milestone 33: syscall WRITE (process 3) also reads its own private heap at 0x555570000000 -- marker byte 0x08 (' ')
milestone 31: syscall WRITE (process 3) -- hardware-recorded CS=0x1b (CPL=3) -- ptr=0x555560000e7e len=18 -- raw bytes >>>
0x0000000000000019
<<< end of write (18 bytes)
milestone 33: syscall WRITE (process 3) also reads its own private heap at 0x555570000000 -- marker byte 0x08 (' ')
milestone 31: syscall WRITE (process 3) -- hardware-recorded CS=0x1b (CPL=3) -- ptr=0x55555000125f len=1 -- raw bytes >>>


<<< end of write (1 bytes)
milestone 33: syscall WRITE (process 3) also reads its own private heap at 0x555570000000 -- marker byte 0x08 (' ')
milestone 31: syscall WRITE (process 3) -- hardware-recorded CS=0x1b (CPL=3) -- ptr=0x55555000146d len=23 -- raw bytes >>>
  rlen after +10B read=
<<< end of write (23 bytes)
milestone 33: syscall WRITE (process 3) also reads its own private heap at 0x555570000000 -- marker byte 0x08 (' ')
milestone 31: syscall WRITE (process 3) -- hardware-recorded CS=0x1b (CPL=3) -- ptr=0x555560000e7e len=18 -- raw bytes >>>
0x0000000000000008
<<< end of write (18 bytes)
milestone 33: syscall WRITE (process 3) also reads its own private heap at 0x555570000000 -- marker byte 0x08 (' ')
milestone 31: syscall WRITE (process 3) -- hardware-recorded CS=0x1b (CPL=3) -- ptr=0x55555000125f len=1 -- raw bytes >>>


<<< end of write (1 bytes)
milestone 33: syscall WRITE (process 3) also reads its own private heap at 0x555570000000 -- marker byte 0x08 (' ')
milestone 31: syscall WRITE (process 3) -- hardware-recorded CS=0x1b (CPL=3) -- ptr=0x555550001484 len=23 -- raw bytes >>>
  rpos after +10B read=
<<< end of write (23 bytes)
milestone 33: syscall WRITE (process 3) also reads its own private heap at 0x555570000000 -- marker byte 0x08 (' ')
milestone 31: syscall WRITE (process 3) -- hardware-recorded CS=0x1b (CPL=3) -- ptr=0x555560000e7e len=18 -- raw bytes >>>
0x0000000000000003
<<< end of write (18 bytes)
milestone 33: syscall WRITE (process 3) also reads its own private heap at 0x555570000000 -- marker byte 0x08 (' ')
milestone 31: syscall WRITE (process 3) -- hardware-recorded CS=0x1b (CPL=3) -- ptr=0x55555000125f len=1 -- raw bytes >>>


<<< end of write (1 bytes)
milestone 33: syscall WRITE (process 3) also reads its own private heap at 0x555570000000 -- marker byte 0x08 (' ')
milestone 31: syscall WRITE (process 3) -- hardware-recorded CS=0x1b (CPL=3) -- ptr=0x55555000149b len=13 -- raw bytes >>>
fread_counts=
<<< end of write (13 bytes)
milestone 33: syscall WRITE (process 3) also reads its own private heap at 0x555570000000 -- marker byte 0x08 (' ')
milestone 31: syscall WRITE (process 3) -- hardware-recorded CS=0x1b (CPL=3) -- ptr=0x555550001236 len=4 -- raw bytes >>>
PASS
<<< end of write (4 bytes)
milestone 33: syscall WRITE (process 3) also reads its own private heap at 0x555570000000 -- marker byte 0x08 (' ')
milestone 31: syscall WRITE (process 3) -- hardware-recorded CS=0x1b (CPL=3) -- ptr=0x55555000123e len=1 -- raw bytes >>>
 
<<< end of write (1 bytes)
milestone 33: syscall WRITE (process 3) also reads its own private heap at 0x555570000000 -- marker byte 0x08 (' ')
milestone 31: syscall WRITE (process 3) -- hardware-recorded CS=0x1b (CPL=3) -- ptr=0x5555500014a8 len=21 -- raw bytes >>>
fread_real_buffering=
<<< end of write (21 bytes)
milestone 33: syscall WRITE (process 3) also reads its own private heap at 0x555570000000 -- marker byte 0x08 (' ')
milestone 31: syscall WRITE (process 3) -- hardware-recorded CS=0x1b (CPL=3) -- ptr=0x555550001236 len=4 -- raw bytes >>>
PASS
<<< end of write (4 bytes)
milestone 33: syscall WRITE (process 3) also reads its own private heap at 0x555570000000 -- marker byte 0x08 (' ')
milestone 31: syscall WRITE (process 3) -- hardware-recorded CS=0x1b (CPL=3) -- ptr=0x55555000123e len=1 -- raw bytes >>>
 
<<< end of write (1 bytes)
milestone 33: syscall WRITE (process 3) also reads its own private heap at 0x555570000000 -- marker byte 0x08 (' ')
milestone 31: syscall WRITE (process 3) -- hardware-recorded CS=0x1b (CPL=3) -- ptr=0x5555500014bd len=18 -- raw bytes >>>
content_roundtrip=
<<< end of write (18 bytes)
milestone 33: syscall WRITE (process 3) also reads its own private heap at 0x555570000000 -- marker byte 0x08 (' ')
milestone 31: syscall WRITE (process 3) -- hardware-recorded CS=0x1b (CPL=3) -- ptr=0x555550001236 len=4 -- raw bytes >>>
PASS
<<< end of write (4 bytes)
milestone 33: syscall WRITE (process 3) also reads its own private heap at 0x555570000000 -- marker byte 0x08 (' ')
milestone 31: syscall WRITE (process 3) -- hardware-recorded CS=0x1b (CPL=3) -- ptr=0x55555000123e len=1 -- raw bytes >>>
 
<<< end of write (1 bytes)
milestone 33: syscall WRITE (process 3) also reads its own private heap at 0x555570000000 -- marker byte 0x08 (' ')
milestone 35: syscall READ (process 3) -- hardware-recorded CS=0x1b (CPL=3) -- fd=0 requested=32 actual=0 bytes
milestone 31: syscall WRITE (process 3) -- hardware-recorded CS=0x1b (CPL=3) -- ptr=0x5555500014cf len=14 -- raw bytes >>>
eof_semantics=
<<< end of write (14 bytes)
milestone 33: syscall WRITE (process 3) also reads its own private heap at 0x555570000000 -- marker byte 0x08 (' ')
milestone 31: syscall WRITE (process 3) -- hardware-recorded CS=0x1b (CPL=3) -- ptr=0x555550001236 len=4 -- raw bytes >>>
PASS
<<< end of write (4 bytes)
milestone 33: syscall WRITE (process 3) also reads its own private heap at 0x555570000000 -- marker byte 0x08 (' ')
milestone 31: syscall WRITE (process 3) -- hardware-recorded CS=0x1b (CPL=3) -- ptr=0x55555000123e len=1 -- raw bytes >>>
 
<<< end of write (1 bytes)
milestone 33: syscall WRITE (process 3) also reads its own private heap at 0x555570000000 -- marker byte 0x08 (' ')
milestone 35: syscall CLOSE (process 3) -- hardware-recorded CS=0x1b (CPL=3) -- fd=0 closed successfully
milestone 31: syscall WRITE (process 3) -- hardware-recorded CS=0x1b (CPL=3) -- ptr=0x5555500014dd len=9 -- raw bytes >>>
fclose_r=
<<< end of write (9 bytes)
milestone 33: syscall WRITE (process 3) also reads its own private heap at 0x555570000000 -- marker byte 0x08 (' ')
milestone 31: syscall WRITE (process 3) -- hardware-recorded CS=0x1b (CPL=3) -- ptr=0x555550001236 len=4 -- raw bytes >>>
PASS
<<< end of write (4 bytes)
milestone 33: syscall WRITE (process 3) also reads its own private heap at 0x555570000000 -- marker byte 0x08 (' ')
milestone 31: syscall WRITE (process 3) -- hardware-recorded CS=0x1b (CPL=3) -- ptr=0x55555000123e len=1 -- raw bytes >>>
 
<<< end of write (1 bytes)
milestone 33: syscall WRITE (process 3) also reads its own private heap at 0x555570000000 -- marker byte 0x08 (' ')
milestone 31: syscall WRITE (process 3) -- hardware-recorded CS=0x1b (CPL=3) -- ptr=0x55555000125f len=1 -- raw bytes >>>


<<< end of write (1 bytes)
milestone 33: syscall WRITE (process 3) also reads its own private heap at 0x555570000000 -- marker byte 0x08 (' ')
milestone 35: syscall OPEN (process 3) -- hardware-recorded CS=0x1b (CPL=3) -- path='stdiotest_a' -> fd 0
milestone 35: syscall READ (process 3) -- hardware-recorded CS=0x1b (CPL=3) -- fd=0 requested=32 actual=32 bytes
milestone 35: syscall READ (process 3) -- hardware-recorded CS=0x1b (CPL=3) -- fd=0 requested=32 actual=8 bytes
milestone 35: syscall READ (process 3) -- hardware-recorded CS=0x1b (CPL=3) -- fd=0 requested=32 actual=0 bytes
milestone 35: syscall FDWRITE (process 3) -- hardware-recorded CS=0x1b (CPL=3) -- fd=0 requested=4 accepted=4 bytes
milestone 35: syscall CLOSE (process 3) -- fd 0 was dirty, persisted 44 bytes to 'stdiotest_a' on the real on-disk filesystem
milestone 35: syscall CLOSE (process 3) -- hardware-recorded CS=0x1b (CPL=3) -- fd=0 closed successfully
milestone 31: syscall WRITE (process 3) -- hardware-recorded CS=0x1b (CPL=3) -- ptr=0x5555500014e6 len=13 -- raw bytes >>>
append_write=
<<< end of write (13 bytes)
milestone 33: syscall WRITE (process 3) also reads its own private heap at 0x555570000000 -- marker byte 0x08 (' ')
milestone 31: syscall WRITE (process 3) -- hardware-recorded CS=0x1b (CPL=3) -- ptr=0x555550001236 len=4 -- raw bytes >>>
PASS
<<< end of write (4 bytes)
milestone 33: syscall WRITE (process 3) also reads its own private heap at 0x555570000000 -- marker byte 0x08 (' ')
milestone 31: syscall WRITE (process 3) -- hardware-recorded CS=0x1b (CPL=3) -- ptr=0x55555000123e len=1 -- raw bytes >>>
 
<<< end of write (1 bytes)
milestone 33: syscall WRITE (process 3) also reads its own private heap at 0x555570000000 -- marker byte 0x08 (' ')
milestone 35: syscall OPEN (process 3) -- hardware-recorded CS=0x1b (CPL=3) -- path='stdiotest_a' -> fd 0
milestone 33: syscall SBRK (process 3) -- hardware-recorded CS=0x1b (CPL=3) -- requested 56 bytes, returning heap pointer 0x555570000108
milestone 35: syscall READ (process 3) -- hardware-recorded CS=0x1b (CPL=3) -- fd=0 requested=32 actual=32 bytes
milestone 35: syscall READ (process 3) -- hardware-recorded CS=0x1b (CPL=3) -- fd=0 requested=32 actual=12 bytes
milestone 35: syscall CLOSE (process 3) -- hardware-recorded CS=0x1b (CPL=3) -- fd=0 closed successfully
milestone 31: syscall WRITE (process 3) -- hardware-recorded CS=0x1b (CPL=3) -- ptr=0x5555500014f3 len=17 -- raw bytes >>>
append_roundtrip=
<<< end of write (17 bytes)
milestone 33: syscall WRITE (process 3) also reads its own private heap at 0x555570000000 -- marker byte 0x08 (' ')
milestone 31: syscall WRITE (process 3) -- hardware-recorded CS=0x1b (CPL=3) -- ptr=0x555550001236 len=4 -- raw bytes >>>
PASS
<<< end of write (4 bytes)
milestone 33: syscall WRITE (process 3) also reads its own private heap at 0x555570000000 -- marker byte 0x08 (' ')
milestone 31: syscall WRITE (process 3) -- hardware-recorded CS=0x1b (CPL=3) -- ptr=0x55555000123e len=1 -- raw bytes >>>
 
<<< end of write (1 bytes)
milestone 33: syscall WRITE (process 3) also reads its own private heap at 0x555570000000 -- marker byte 0x08 (' ')
milestone 31: syscall WRITE (process 3) -- hardware-recorded CS=0x1b (CPL=3) -- ptr=0x55555000125f len=1 -- raw bytes >>>


<<< end of write (1 bytes)
milestone 33: syscall WRITE (process 3) also reads its own private heap at 0x555570000000 -- marker byte 0x08 (' ')
milestone 82: syscall OPEN_TRUNC (process 3) -- hardware-recorded CS=0x1b (CPL=3) -- path='stdiotest_b' -> fd 0 (truncated)
milestone 35: syscall FDWRITE (process 3) -- hardware-recorded CS=0x1b (CPL=3) -- fd=0 requested=32 accepted=32 bytes
milestone 35: syscall FDWRITE (process 3) -- hardware-recorded CS=0x1b (CPL=3) -- fd=0 requested=1 accepted=1 bytes
milestone 35: syscall CLOSE (process 3) -- fd 0 was dirty, persisted 33 bytes to 'stdiotest_b' on the real on-disk filesystem
milestone 35: syscall CLOSE (process 3) -- hardware-recorded CS=0x1b (CPL=3) -- fd=0 closed successfully
milestone 35: syscall OPEN (process 3) -- hardware-recorded CS=0x1b (CPL=3) -- path='stdiotest_b' -> fd 0
milestone 33: syscall SBRK (process 3) -- hardware-recorded CS=0x1b (CPL=3) -- requested 48 bytes, returning heap pointer 0x555570000140
milestone 35: syscall READ (process 3) -- hardware-recorded CS=0x1b (CPL=3) -- fd=0 requested=32 actual=32 bytes
milestone 35: syscall READ (process 3) -- hardware-recorded CS=0x1b (CPL=3) -- fd=0 requested=32 actual=1 bytes
milestone 35: syscall CLOSE (process 3) -- hardware-recorded CS=0x1b (CPL=3) -- fd=0 closed successfully
milestone 31: syscall WRITE (process 3) -- hardware-recorded CS=0x1b (CPL=3) -- ptr=0x555550001554 len=12 -- raw bytes >>>
fprintf_len=
<<< end of write (12 bytes)
milestone 33: syscall WRITE (process 3) also reads its own private heap at 0x555570000000 -- marker byte 0x08 (' ')
milestone 31: syscall WRITE (process 3) -- hardware-recorded CS=0x1b (CPL=3) -- ptr=0x555550001236 len=4 -- raw bytes >>>
PASS
<<< end of write (4 bytes)
milestone 33: syscall WRITE (process 3) also reads its own private heap at 0x555570000000 -- marker byte 0x08 (' ')
milestone 31: syscall WRITE (process 3) -- hardware-recorded CS=0x1b (CPL=3) -- ptr=0x55555000123e len=1 -- raw bytes >>>
 
<<< end of write (1 bytes)
milestone 33: syscall WRITE (process 3) also reads its own private heap at 0x555570000000 -- marker byte 0x08 (' ')
milestone 31: syscall WRITE (process 3) -- hardware-recorded CS=0x1b (CPL=3) -- ptr=0x55555000123f len=16 -- raw bytes >>>
fprintf_content=
<<< end of write (16 bytes)
milestone 33: syscall WRITE (process 3) also reads its own private heap at 0x555570000000 -- marker byte 0x08 (' ')
milestone 31: syscall WRITE (process 3) -- hardware-recorded CS=0x1b (CPL=3) -- ptr=0x555550001236 len=4 -- raw bytes >>>
PASS
<<< end of write (4 bytes)
milestone 33: syscall WRITE (process 3) also reads its own private heap at 0x555570000000 -- marker byte 0x08 (' ')
milestone 31: syscall WRITE (process 3) -- hardware-recorded CS=0x1b (CPL=3) -- ptr=0x55555000123e len=1 -- raw bytes >>>
 
<<< end of write (1 bytes)
milestone 33: syscall WRITE (process 3) also reads its own private heap at 0x555570000000 -- marker byte 0x08 (' ')
milestone 31: syscall WRITE (process 3) -- hardware-recorded CS=0x1b (CPL=3) -- ptr=0x55555000125f len=1 -- raw bytes >>>


<<< end of write (1 bytes)
milestone 33: syscall WRITE (process 3) also reads its own private heap at 0x555570000000 -- marker byte 0x08 (' ')
milestone 31: syscall WRITE (process 3) -- hardware-recorded CS=0x1b (CPL=3) -- ptr=0x5555500012f2 len=8 -- raw bytes >>>
OVERALL=
<<< end of write (8 bytes)
milestone 33: syscall WRITE (process 3) also reads its own private heap at 0x555570000000 -- marker byte 0x08 (' ')
milestone 31: syscall WRITE (process 3) -- hardware-recorded CS=0x1b (CPL=3) -- ptr=0x555550001236 len=4 -- raw bytes >>>
PASS
<<< end of write (4 bytes)
milestone 33: syscall WRITE (process 3) also reads its own private heap at 0x555570000000 -- marker byte 0x08 (' ')
milestone 31: syscall WRITE (process 3) -- hardware-recorded CS=0x1b (CPL=3) -- ptr=0x55555000125f len=1 -- raw bytes >>>


<<< end of write (1 bytes)
milestone 33: syscall WRITE (process 3) also reads its own private heap at 0x555570000000 -- marker byte 0x08 (' ')
milestone 30: syscall EXIT -- hardware-recorded CS=0x1b (CPL=3) -- discarding ring-3 context, resuming kernel context
milestone 36: elf-loaded process -- resumed in kernel context (CR3 already restored by the exit syscall before this point)
milestone 61: self-test -- stdiotest.elf ran to completion and returned to the kernel cleanly (no panic, no double fault) -- see the 'milestone 61: stdiotest' lines above for the real string.h/stdio-correctness evidence written by the program itself
milestone 53: self-test -- forking FAULT_TEST_PROCESS's child (its entire code page is a single faulting instruction, no exit() anywhere), expecting wait() to report Signaled, not a stale Exited...
milestone 30: process forked-child -- user p4 index computed as 170 (code 0x555550000000, stack 0x555560000000)
milestone 30: process forked-child -- new pml4 0x1e2000 populated: 511 kernel-space entries shared, index 170 left private
milestone 30: process forked-child -- private code page mapped to frame 0x1e3000, private stack page mapped to frame 0x1e4000
milestone 100: process forked-child -- 7 extra stack page(s) mapped below USER_STACK_ADDR (32 KiB total stack)
milestone 57: process forked-child -- private heap RESERVED (not mapped): 64 pages at 0x555570000000..0x55557003ffff, 0 physical frames committed until a real page fault demand-pages one
milestone 34: process forked-child -- copied 4096 image bytes into private code frame 0x1e3000
milestone 37: fork() -- child's code frame 0x1e3000 holds a REAL byte-for-byte copy of the parent's code frame 0x9b000 (independently verifiable: same virtual address USER_CODE_ADDR under either process's own CR3, genuinely different physical frames)
milestone 37: syscall FORK (process 10, 'fault-test') -- created child pid 14: pml4=0x1e2000 code_frame=0x1e3000 resume point rip=0x555550000000 rsp=0x555560001000
milestone 37: wait() -- switching CR3 to forked child pid 14's own pml4 0x1e2000, resuming at rip=0x555550000000 rsp=0x555560001000 (its own fork()-time snapshot, rax forced to 0)
milestone 41: SIGSEGV -- process 14 page-faulted at Ok(VirtAddr(0x123456780000)) (real hardware CPL=3, error code PageFaultErrorCode(USER_MODE)) -- terminating this process, kernel continues
milestone 37: wait() -- forked child pid 14 resumed in kernel context (its own exit() syscall ran; CR3 is currently the KERNEL's own, restored to the parent's by wait_for_child() next)
milestone 54: reclaim_process_frames('forked-child') -- freed 15 physical frame(s) back to the allocator's free list
milestone 53: syscall WAIT (process 10) -- child pid 14 was signal-terminated (real hardware fault, not its own exit()) and was reaped, CR3 restored to parent's own pml4 0x9a000
milestone 53: self-test -- forked+faulted child pid 14, wait() reported Signaled(reaped=14) -- confirmed
milestone 53: self-test -- running PROCESS_A right after, real proof the kernel genuinely recovered from a fault inside a nested wait() excursion specifically (not just a top-level fault, which M41 already covers)...
milestone 30: runproc 1 (process A) -- about to switch CR3 to process pml4 0x22000
milestone 30: CR3 switched -- entering ring 3 for process 1 at 0x555550000000
milestone 33: syscall SBRK (process 1) -- hardware-recorded CS=0x1b (CPL=3) -- requested 16 bytes, returning heap pointer 0x555570000010
milestone 31: syscall WRITE (process 1) -- hardware-recorded CS=0x1b (CPL=3) -- ptr=0x555550000080 len=64 -- raw bytes >>>
hello from process A -- via real write(ptr,len)!                
<<< end of write (64 bytes)
milestone 33: syscall WRITE (process 1) also reads its own private heap at 0x555570000000 -- marker byte 0x41 ('A')
milestone 30: syscall EXIT -- hardware-recorded CS=0x1b (CPL=3) -- discarding ring-3 context, resuming kernel context
milestone 30: runproc 1 -- resumed in kernel context (CR3 already restored by the exit syscall before this point)
milestone 53: self-test -- PROCESS_A ran normally after the nested-wait() fault -- kernel genuinely recovered
milestone 30: process forked-child -- user p4 index computed as 170 (code 0x555550000000, stack 0x555560000000)
milestone 30: process forked-child -- new pml4 0x1f0000 populated: 511 kernel-space entries shared, index 170 left private
milestone 30: process forked-child -- private code page mapped to frame 0x1ef000, private stack page mapped to frame 0x1ee000
milestone 100: process forked-child -- 7 extra stack page(s) mapped below USER_STACK_ADDR (32 KiB total stack)
milestone 57: process forked-child -- private heap RESERVED (not mapped): 64 pages at 0x555570000000..0x55557003ffff, 0 physical frames committed until a real page fault demand-pages one
milestone 34: process forked-child -- copied 4096 image bytes into private code frame 0x1ef000
milestone 37: fork() -- child's code frame 0x1ef000 holds a REAL byte-for-byte copy of the parent's code frame 0x9b000 (independently verifiable: same virtual address USER_CODE_ADDR under either process's own CR3, genuinely different physical frames)
milestone 37: syscall FORK (process 10, 'fault-test') -- created child pid 14: pml4=0x1f0000 code_frame=0x1ef000 resume point rip=0x0 rsp=0x0
milestone 54: reclaim_process_frames('forked-child') -- freed 15 physical frame(s) back to the allocator's free list
milestone 41: syscall KILL (process 10) -- pid 14 terminated WITHOUT ever running (bypassed wait()'s normal run-then-reap contract), slot freed for reuse
milestone 53: self-test -- second fork() from FAULT_TEST_PROCESS_ID succeeded (pid 14, killed=true) -- real proof the first faulted child's slot was genuinely freed, not just marked. PROCESS_TABLE occupied slots after cleanup: [0], own slot 1 freed=true (other slots may be legitimately occupied by unrelated earlier milestones' own self-tests, e.g. M41's SIGKILL_TEST_PROCESS)
milestone 53: self-test -- OVERALL: PASS
milestone 57: self-test -- layout check: far heap page index=63 (expect 63), offset=0x3f000 -- confirmed
milestone 57: self-test -- BEFORE running DEMAND_PAGE_TEST_PROCESS: all 64 heap slots unmapped -- Some(true) (expect Some(true), real proof create_process_from_image() no longer eagerly maps any heap page)
milestone 30: runproc 11 (process demand-page-test) -- about to switch CR3 to process pml4 0x109000
milestone 30: CR3 switched -- entering ring 3 for process 11 at 0x555550000000
milestone 33: syscall SBRK (process 11) -- hardware-recorded CS=0x1b (CPL=3) -- requested 258056 bytes, returning heap pointer 0x555570000000
milestone 57: demand-paged heap page 63 for process 11 (fault addr 0x55557003f000) -- fresh zeroed physical frame 0x1e7000 mapped, resuming the faulting instruction
milestone 30: syscall EXIT -- hardware-recorded CS=0x1b (CPL=3) -- discarding ring-3 context, resuming kernel context
milestone 30: runproc 11 -- resumed in kernel context (CR3 already restored by the exit syscall before this point)
milestone 57: self-test -- DEMAND_PAGE_TEST_PROCESS ran and returned to the kernel (run() returned Ok)
milestone 57: self-test -- AFTER running: heap_frames[63] mapped=true, marker byte correct=true (expect true, true -- a real physical frame was demand-paged for the FAR page specifically, and real content survived the fault+retry)
milestone 57: self-test -- heap_frames[0] still unmapped=true (expect true -- proves demand paging is genuinely per-page, not per-reservation)
milestone 57: self-test -- running DEMAND_PAGE_OOB_TEST_PROCESS: same target page (63) as the positive case, but this process never sbrk()'d anywhere near it -- expecting a real SIGSEGV, not a silent demand-page
milestone 30: runproc 12 (process demand-page-oob-test) -- about to switch CR3 to process pml4 0x118000
milestone 30: CR3 switched -- entering ring 3 for process 12 at 0x555550000000
milestone 33: syscall SBRK (process 12) -- hardware-recorded CS=0x1b (CPL=3) -- requested 64 bytes, returning heap pointer 0x555570000000
milestone 41: SIGSEGV -- process 12 page-faulted at Ok(VirtAddr(0x55557003fff8)) (real hardware CPL=3, error code PageFaultErrorCode(USER_MODE)) -- terminating this process, kernel continues
milestone 30: runproc 12 -- resumed in kernel context (CR3 already restored by the exit syscall before this point)
milestone 57: self-test -- DEMAND_PAGE_OOB_TEST_PROCESS: run() returned Ok(()), heap_frames[63] still unmapped=true (expect true -- the committed-vs-reserved boundary was actually enforced, not silently allowed through)
milestone 30: runproc 1 (process A) -- about to switch CR3 to process pml4 0x22000
milestone 30: CR3 switched -- entering ring 3 for process 1 at 0x555550000000
milestone 33: syscall SBRK (process 1) -- hardware-recorded CS=0x1b (CPL=3) -- requested 16 bytes, returning heap pointer 0x555570000020
milestone 31: syscall WRITE (process 1) -- hardware-recorded CS=0x1b (CPL=3) -- ptr=0x555550000080 len=64 -- raw bytes >>>
hello from process A -- via real write(ptr,len)!                
<<< end of write (64 bytes)
milestone 33: syscall WRITE (process 1) also reads its own private heap at 0x555570000000 -- marker byte 0x41 ('A')
milestone 30: syscall EXIT -- hardware-recorded CS=0x1b (CPL=3) -- discarding ring-3 context, resuming kernel context
milestone 30: runproc 1 -- resumed in kernel context (CR3 already restored by the exit syscall before this point)
milestone 57: self-test -- PROCESS_A ran normally right after the OOB fault -- kernel genuinely recovered
milestone 57: self-test -- OVERALL: PASS
milestone 64: self-test -- layout check: all four programs' embedded 'mmapf' path bytes match their own declared offsets, and fs::MAX_FILE_BYTES == PAGE_SIZE -- confirmed
milestone 64: self-test -- wrote real fixture file 'mmapf' (31 bytes) to the real on-disk filesystem -- confirmed
milestone 30: runproc 19 (process mmap-read-test) -- about to switch CR3 to process pml4 0x145000
milestone 30: CR3 switched -- entering ring 3 for process 19 at 0x555550000000
milestone 33: syscall SBRK (process 19) -- hardware-recorded CS=0x1b (CPL=3) -- requested 64 bytes, returning heap pointer 0x555570000000
milestone 35: syscall OPEN (process 19) -- hardware-recorded CS=0x1b (CPL=3) -- path='mmapf' -> fd 0
milestone 64: syscall MMAP (process 19) -- fd=0 slot=0 -- reserved 0x555580000000 (not yet backed by any physical frame -- real demand paging on first touch, same mechanism as the per-process heap)
milestone 64: syscall MMAP (process 19) -- hardware-recorded CS=0x1b (CPL=3) -- fd=0 -> 0x555580000000
milestone 64: demand-paged mmap slot 0 for process 19 (fault addr 0x555580000000, is_write=false) -- fresh physical frame 0x1e8000 mapped READ-ONLY with real file content, resuming the faulting instruction
milestone 57: demand-paged heap page 0 for process 19 (fault addr 0x555570000000) -- fresh zeroed physical frame 0x1e2000 mapped, resuming the faulting instruction
milestone 64: syscall MUNMAP (process 19) -- slot=0 addr=0x555580000000 -- unmapped (physical frame released), slot freed for reuse
milestone 64: syscall MUNMAP (process 19) -- hardware-recorded CS=0x1b (CPL=3) -- addr=0x555580000000 unmapped successfully
milestone 30: syscall EXIT -- hardware-recorded CS=0x1b (CPL=3) -- discarding ring-3 context, resuming kernel context
milestone 30: runproc 19 -- resumed in kernel context (CR3 already restored by the exit syscall before this point)
milestone 64: self-test -- CASE 1 (positive read+munmap): ran=true first-4-bytes-match-real-file-content=true munmap-result-byte=Some(0) (expect Some(0)) slot-cleared-after-munmap=true -- PASS
milestone 30: runproc 20 (process mmap-write-before-read-fault-test) -- about to switch CR3 to process pml4 0x154000
milestone 30: CR3 switched -- entering ring 3 for process 20 at 0x555550000000
milestone 35: syscall OPEN (process 20) -- hardware-recorded CS=0x1b (CPL=3) -- path='mmapf' -> fd 0
milestone 64: syscall MMAP (process 20) -- fd=0 slot=0 -- reserved 0x555580000000 (not yet backed by any physical frame -- real demand paging on first touch, same mechanism as the per-process heap)
milestone 64: syscall MMAP (process 20) -- hardware-recorded CS=0x1b (CPL=3) -- fd=0 -> 0x555580000000
milestone 41: SIGSEGV -- process 20 page-faulted at Ok(VirtAddr(0x555580000000)) (real hardware CPL=3, error code PageFaultErrorCode(CAUSED_BY_WRITE | USER_MODE)) -- terminating this process, kernel continues
milestone 30: runproc 20 -- resumed in kernel context (CR3 already restored by the exit syscall before this point)
milestone 64: self-test -- CASE 2 (write before read, expect not-present+write refusal): run()_ok=true mmap-slot-frame-stayed-none=true -- PASS
milestone 30: runproc 21 (process mmap-write-after-read-fault-test) -- about to switch CR3 to process pml4 0x163000
milestone 30: CR3 switched -- entering ring 3 for process 21 at 0x555550000000
milestone 33: syscall SBRK (process 21) -- hardware-recorded CS=0x1b (CPL=3) -- requested 64 bytes, returning heap pointer 0x555570000000
milestone 35: syscall OPEN (process 21) -- hardware-recorded CS=0x1b (CPL=3) -- path='mmapf' -> fd 0
milestone 64: syscall MMAP (process 21) -- fd=0 slot=0 -- reserved 0x555580000000 (not yet backed by any physical frame -- real demand paging on first touch, same mechanism as the per-process heap)
milestone 64: syscall MMAP (process 21) -- hardware-recorded CS=0x1b (CPL=3) -- fd=0 -> 0x555580000000
milestone 64: demand-paged mmap slot 0 for process 21 (fault addr 0x555580000000, is_write=false) -- fresh physical frame 0x1e8000 mapped READ-ONLY with real file content, resuming the faulting instruction
milestone 57: demand-paged heap page 0 for process 21 (fault addr 0x555570000000) -- fresh zeroed physical frame 0x1f0000 mapped, resuming the faulting instruction
milestone 41: SIGSEGV -- process 21 page-faulted at Ok(VirtAddr(0x555580000000)) (real hardware CPL=3, error code PageFaultErrorCode(PROTECTION_VIOLATION | CAUSED_BY_WRITE | USER_MODE)) -- terminating this process, kernel continues
milestone 30: runproc 21 -- resumed in kernel context (CR3 already restored by the exit syscall before this point)
milestone 64: self-test -- CASE 3 (read then write, expect protection-violation refusal): run()_ok=true first-read-succeeded=true unreachable-0xEE-marker-absent=true -- PASS
milestone 30: runproc 22 (process mmap-use-after-unmap-fault-test) -- about to switch CR3 to process pml4 0x172000
milestone 30: CR3 switched -- entering ring 3 for process 22 at 0x555550000000
milestone 33: syscall SBRK (process 22) -- hardware-recorded CS=0x1b (CPL=3) -- requested 64 bytes, returning heap pointer 0x555570000000
milestone 35: syscall OPEN (process 22) -- hardware-recorded CS=0x1b (CPL=3) -- path='mmapf' -> fd 0
milestone 64: syscall MMAP (process 22) -- fd=0 slot=0 -- reserved 0x555580000000 (not yet backed by any physical frame -- real demand paging on first touch, same mechanism as the per-process heap)
milestone 64: syscall MMAP (process 22) -- hardware-recorded CS=0x1b (CPL=3) -- fd=0 -> 0x555580000000
milestone 64: demand-paged mmap slot 0 for process 22 (fault addr 0x555580000000, is_write=false) -- fresh physical frame 0x1ec000 mapped READ-ONLY with real file content, resuming the faulting instruction
milestone 57: demand-paged heap page 0 for process 22 (fault addr 0x555570000000) -- fresh zeroed physical frame 0x1eb000 mapped, resuming the faulting instruction
milestone 64: syscall MUNMAP (process 22) -- slot=0 addr=0x555580000000 -- unmapped (physical frame released), slot freed for reuse
milestone 64: syscall MUNMAP (process 22) -- hardware-recorded CS=0x1b (CPL=3) -- addr=0x555580000000 unmapped successfully
milestone 41: SIGSEGV -- process 22 page-faulted at Ok(VirtAddr(0x555580000000)) (real hardware CPL=3, error code PageFaultErrorCode(USER_MODE)) -- terminating this process, kernel continues
milestone 30: runproc 22 -- resumed in kernel context (CR3 already restored by the exit syscall before this point)
milestone 64: self-test -- CASE 4 (use after unmap, expect cleared-slot refusal): run()_ok=true first-read-succeeded=true munmap-succeeded=true unreachable-0xEE-marker-absent=true slot-stayed-cleared=true -- PASS
milestone 30: runproc 1 (process A) -- about to switch CR3 to process pml4 0x22000
milestone 30: CR3 switched -- entering ring 3 for process 1 at 0x555550000000
milestone 33: syscall SBRK (process 1) -- hardware-recorded CS=0x1b (CPL=3) -- requested 16 bytes, returning heap pointer 0x555570000030
milestone 31: syscall WRITE (process 1) -- hardware-recorded CS=0x1b (CPL=3) -- ptr=0x555550000080 len=64 -- raw bytes >>>
hello from process A -- via real write(ptr,len)!                
<<< end of write (64 bytes)
milestone 33: syscall WRITE (process 1) also reads its own private heap at 0x555570000000 -- marker byte 0x41 ('A')
milestone 30: syscall EXIT -- hardware-recorded CS=0x1b (CPL=3) -- discarding ring-3 context, resuming kernel context
milestone 30: runproc 1 -- resumed in kernel context (CR3 already restored by the exit syscall before this point)
milestone 64: self-test -- PROCESS_A ran normally right after all four mmap test processes -- kernel genuinely recovered
milestone 64: self-test -- OVERALL: PASS
milestone 65: self-test -- layout check: both writable-mmap programs' embedded 'mmapf' path bytes match their own declared offsets -- confirmed
milestone 30: runproc 23 (process mmap-writable-read-then-write-test) -- about to switch CR3 to process pml4 0x181000
milestone 30: CR3 switched -- entering ring 3 for process 23 at 0x555550000000
milestone 33: syscall SBRK (process 23) -- hardware-recorded CS=0x1b (CPL=3) -- requested 64 bytes, returning heap pointer 0x555570000000
milestone 35: syscall OPEN (process 23) -- hardware-recorded CS=0x1b (CPL=3) -- path='mmapf' -> fd 0
milestone 65: syscall MMAP_WRITABLE (process 23) -- fd=0 slot=0 -- reserved 0x555580000000 (not yet backed by any physical frame -- real demand paging on first touch, same mechanism as the per-process heap)
milestone 65: syscall MMAP_WRITABLE (process 23) -- hardware-recorded CS=0x1b (CPL=3) -- fd=0 -> 0x555580000000
milestone 65: demand-paged mmap slot 0 for process 23 (fault addr 0x555580000000, is_write=false) -- fresh physical frame 0x1ec000 mapped READ-WRITE with real file content, resuming the faulting instruction
milestone 57: demand-paged heap page 0 for process 23 (fault addr 0x555570000000) -- fresh zeroed physical frame 0x1f4000 mapped, resuming the faulting instruction
milestone 64: syscall MUNMAP (process 23) -- slot=0 addr=0x555580000000 -- unmapped (physical frame released), slot freed for reuse
milestone 64: syscall MUNMAP (process 23) -- hardware-recorded CS=0x1b (CPL=3) -- addr=0x555580000000 unmapped successfully
milestone 30: syscall EXIT -- hardware-recorded CS=0x1b (CPL=3) -- discarding ring-3 context, resuming kernel context
milestone 30: runproc 23 -- resumed in kernel context (CR3 already restored by the exit syscall before this point)
milestone 65: self-test -- CASE 5 (writable: read then write, expect write to succeed with no second fault): run()_ok=true original-first-byte-matched-real-file=true write-of-0x99-stuck=true munmap-result-byte=Some(0) (expect Some(0)) -- PASS
milestone 30: runproc 24 (process mmap-writable-write-first-test) -- about to switch CR3 to process pml4 0x190000
milestone 30: CR3 switched -- entering ring 3 for process 24 at 0x555550000000
milestone 33: syscall SBRK (process 24) -- hardware-recorded CS=0x1b (CPL=3) -- requested 64 bytes, returning heap pointer 0x555570000000
milestone 35: syscall OPEN (process 24) -- hardware-recorded CS=0x1b (CPL=3) -- path='mmapf' -> fd 0
milestone 65: syscall MMAP_WRITABLE (process 24) -- fd=0 slot=0 -- reserved 0x555580000000 (not yet backed by any physical frame -- real demand paging on first touch, same mechanism as the per-process heap)
milestone 65: syscall MMAP_WRITABLE (process 24) -- hardware-recorded CS=0x1b (CPL=3) -- fd=0 -> 0x555580000000
milestone 65: demand-paged mmap slot 0 for process 24 (fault addr 0x555580000000, is_write=true) -- fresh physical frame 0x1ec000 mapped READ-WRITE with real file content, resuming the faulting instruction
milestone 57: demand-paged heap page 0 for process 24 (fault addr 0x555570000000) -- fresh zeroed physical frame 0x1f8000 mapped, resuming the faulting instruction
milestone 64: syscall MUNMAP (process 24) -- slot=0 addr=0x555580000000 -- unmapped (physical frame released), slot freed for reuse
milestone 64: syscall MUNMAP (process 24) -- hardware-recorded CS=0x1b (CPL=3) -- addr=0x555580000000 unmapped successfully
milestone 30: syscall EXIT -- hardware-recorded CS=0x1b (CPL=3) -- discarding ring-3 context, resuming kernel context
milestone 30: runproc 24 -- resumed in kernel context (CR3 already restored by the exit syscall before this point)
milestone 65: self-test -- CASE 6 (writable: write as first-ever touch, expect real demand-page-and-service instead of refusal): run()_ok=true write-of-0x77-stuck=true untouched-byte-still-real-file-content=true munmap-result-byte=Some(0) (expect Some(0)) -- PASS
milestone 65: self-test -- real on-disk file 'mmapf' re-read directly after both writable mappings wrote into their own private copies -- unchanged-from-original=true
milestone 30: runproc 1 (process A) -- about to switch CR3 to process pml4 0x22000
milestone 30: CR3 switched -- entering ring 3 for process 1 at 0x555550000000
milestone 33: syscall SBRK (process 1) -- hardware-recorded CS=0x1b (CPL=3) -- requested 16 bytes, returning heap pointer 0x555570000040
milestone 31: syscall WRITE (process 1) -- hardware-recorded CS=0x1b (CPL=3) -- ptr=0x555550000080 len=64 -- raw bytes >>>
hello from process A -- via real write(ptr,len)!                
<<< end of write (64 bytes)
milestone 33: syscall WRITE (process 1) also reads its own private heap at 0x555570000000 -- marker byte 0x41 ('A')
milestone 30: syscall EXIT -- hardware-recorded CS=0x1b (CPL=3) -- discarding ring-3 context, resuming kernel context
milestone 30: runproc 1 -- resumed in kernel context (CR3 already restored by the exit syscall before this point)
milestone 65: self-test -- PROCESS_A ran normally right after both writable-mmap test processes -- kernel genuinely recovered
milestone 65: self-test -- OVERALL: PASS
milestone 58: seedargvtarget -- wrote 3040 real bytes (a genuine externally-built ELF64 executable that reads real argv/envp off its own initial stack) to 'argvtarget' on the real on-disk filesystem
milestone 58: self-test -- parsed the embedded argvlauncher.elf: e_entry=0x555550000000 (expected 0x555550000000), 1 PT_LOAD segment(s)
milestone 36: process elf-loaded -- ELF validated: e_entry=0x555550000000 falls inside a mapped segment, 1 PT_LOAD segment(s), 1 total page(s), all within private p4 index 170
milestone 36: process elf-loaded -- new pml4 0x1ec000 populated: 511 kernel-space entries shared, index 170 left private
milestone 36: process elf-loaded -- mapped 1 PT_LOAD page(s): [(93824902758400, 2072576, 370, 7)]
milestone 36: process elf-loaded -- private stack page mapped to frame 0x1fe000
milestone 100: process elf-loaded -- 7 extra stack page(s) mapped below USER_STACK_ADDR (32 KiB total stack)
milestone 57: process elf-loaded -- private heap RESERVED (not mapped): 64 pages at 0x555570000000..0x55557003ffff, 0 physical frames committed until a real page fault demand-pages one
milestone 36: elf-loaded process -- about to switch CR3 to pml4 0x1ec000
milestone 36: CR3 switched -- entering ring 3 for the ELF-loaded process at 0x555550000000 (real e_entry)
milestone 31: syscall WRITE (process 3) -- hardware-recorded CS=0x1b (CPL=3) -- ptr=0x555550000099 len=90 -- raw bytes >>>
milestone 58: argvlauncher starting -- calling real EXECARGV with 3 argv + 1 envp entries

<<< end of write (90 bytes)
milestone 57: syscall WRITE (process 3) -- heap page 0 at 0x555570000000 is not mapped yet (this process has never touched its heap -- demand paging means no physical frame exists there to read)
milestone 36: process exec'd-argv -- ELF validated: e_entry=0x555550000000 falls inside a mapped segment, 1 PT_LOAD segment(s), 1 total page(s), all within private p4 index 170
milestone 36: process exec'd-argv -- new pml4 0x208000 populated: 511 kernel-space entries shared, index 170 left private
milestone 36: process exec'd-argv -- mapped 1 PT_LOAD page(s): [(93824902758400, 2134016, 1329, 7)]
milestone 36: process exec'd-argv -- private stack page mapped to frame 0x20d000
milestone 100: process exec'd-argv -- 7 extra stack page(s) mapped below USER_STACK_ADDR (32 KiB total stack)
milestone 57: process exec'd-argv -- private heap RESERVED (not mapped): 64 pages at 0x555570000000..0x55557003ffff, 0 physical frames committed until a real page fault demand-pages one
milestone 54: reclaim_process_frames('elf-loaded') -- freed 15 physical frame(s) back to the allocator's free list
milestone 58: syscall EXECARGV (process 3) -- REAL teardown-and-rebuild complete WITH argv/envp: new pml4=0x208000, new entry=0x555550000000 (real parsed e_entry), new rsp=0x555560000fa0 (3 argv string(s), 1 envp string(s), real SysV process-entry stack layout), fd table/parent_pid/pgid preserved, CR3 switched
milestone 58: syscall EXECARGV (process 3) -- hardware-recorded CS=0x1b (CPL=3) -- REAL teardown-and-rebuild from 'argvtarget' WITH real argv/envp, new entry=0x555550000000, new rsp=0x555560000fa0, never returning to the old one
milestone 31: syscall WRITE (process 3) -- hardware-recorded CS=0x1b (CPL=3) -- ptr=0x555550000026 len=98 -- raw bytes >>>
milestone 58: argvtarget starting -- reading real argv/envp off the real SysV process-entry stack

<<< end of write (98 bytes)
milestone 57: syscall WRITE (process 3) -- heap page 0 at 0x555570000000 is not mapped yet (this process has never touched its heap -- demand paging means no physical frame exists there to read)
milestone 31: syscall WRITE (process 3) -- hardware-recorded CS=0x1b (CPL=3) -- ptr=0x555550000088 len=7 -- raw bytes >>>
  argc=
<<< end of write (7 bytes)
milestone 57: syscall WRITE (process 3) -- heap page 0 at 0x555570000000 is not mapped yet (this process has never touched its heap -- demand paging means no physical frame exists there to read)
milestone 31: syscall WRITE (process 3) -- hardware-recorded CS=0x1b (CPL=3) -- ptr=0x555560000f43 len=1 -- raw bytes >>>
3
<<< end of write (1 bytes)
milestone 57: syscall WRITE (process 3) -- heap page 0 at 0x555570000000 is not mapped yet (this process has never touched its heap -- demand paging means no physical frame exists there to read)
milestone 31: syscall WRITE (process 3) -- hardware-recorded CS=0x1b (CPL=3) -- ptr=0x55555000008f len=1 -- raw bytes >>>


<<< end of write (1 bytes)
milestone 57: syscall WRITE (process 3) -- heap page 0 at 0x555570000000 is not mapped yet (this process has never touched its heap -- demand paging means no physical frame exists there to read)
milestone 31: syscall WRITE (process 3) -- hardware-recorded CS=0x1b (CPL=3) -- ptr=0x555550000116 len=7 -- raw bytes >>>
  argv[
<<< end of write (7 bytes)
milestone 57: syscall WRITE (process 3) -- heap page 0 at 0x555570000000 is not mapped yet (this process has never touched its heap -- demand paging means no physical frame exists there to read)
milestone 31: syscall WRITE (process 3) -- hardware-recorded CS=0x1b (CPL=3) -- ptr=0x55555000011d len=1 -- raw bytes >>>
0
<<< end of write (1 bytes)
milestone 57: syscall WRITE (process 3) -- heap page 0 at 0x555570000000 is not mapped yet (this process has never touched its heap -- demand paging means no physical frame exists there to read)
milestone 31: syscall WRITE (process 3) -- hardware-recorded CS=0x1b (CPL=3) -- ptr=0x555550000114 len=2 -- raw bytes >>>
]=
<<< end of write (2 bytes)
milestone 57: syscall WRITE (process 3) -- heap page 0 at 0x555570000000 is not mapped yet (this process has never touched its heap -- demand paging means no physical frame exists there to read)
milestone 31: syscall WRITE (process 3) -- hardware-recorded CS=0x1b (CPL=3) -- ptr=0x555560000fdd len=10 -- raw bytes >>>
argvtarget
<<< end of write (10 bytes)
milestone 57: syscall WRITE (process 3) -- heap page 0 at 0x555570000000 is not mapped yet (this process has never touched its heap -- demand paging means no physical frame exists there to read)
milestone 31: syscall WRITE (process 3) -- hardware-recorded CS=0x1b (CPL=3) -- ptr=0x55555000008f len=1 -- raw bytes >>>


<<< end of write (1 bytes)
milestone 57: syscall WRITE (process 3) -- heap page 0 at 0x555570000000 is not mapped yet (this process has never touched its heap -- demand paging means no physical frame exists there to read)
milestone 31: syscall WRITE (process 3) -- hardware-recorded CS=0x1b (CPL=3) -- ptr=0x555550000116 len=7 -- raw bytes >>>
  argv[
<<< end of write (7 bytes)
milestone 57: syscall WRITE (process 3) -- heap page 0 at 0x555570000000 is not mapped yet (this process has never touched its heap -- demand paging means no physical frame exists there to read)
milestone 31: syscall WRITE (process 3) -- hardware-recorded CS=0x1b (CPL=3) -- ptr=0x555560000f43 len=1 -- raw bytes >>>
1
<<< end of write (1 bytes)
milestone 57: syscall WRITE (process 3) -- heap page 0 at 0x555570000000 is not mapped yet (this process has never touched its heap -- demand paging means no physical frame exists there to read)
milestone 31: syscall WRITE (process 3) -- hardware-recorded CS=0x1b (CPL=3) -- ptr=0x555550000114 len=2 -- raw bytes >>>
]=
<<< end of write (2 bytes)
milestone 57: syscall WRITE (process 3) -- heap page 0 at 0x555570000000 is not mapped yet (this process has never touched its heap -- demand paging means no physical frame exists there to read)
milestone 31: syscall WRITE (process 3) -- hardware-recorded CS=0x1b (CPL=3) -- ptr=0x555560000fe8 len=5 -- raw bytes >>>
hello
<<< end of write (5 bytes)
milestone 57: syscall WRITE (process 3) -- heap page 0 at 0x555570000000 is not mapped yet (this process has never touched its heap -- demand paging means no physical frame exists there to read)
milestone 31: syscall WRITE (process 3) -- hardware-recorded CS=0x1b (CPL=3) -- ptr=0x55555000008f len=1 -- raw bytes >>>


<<< end of write (1 bytes)
milestone 57: syscall WRITE (process 3) -- heap page 0 at 0x555570000000 is not mapped yet (this process has never touched its heap -- demand paging means no physical frame exists there to read)
milestone 31: syscall WRITE (process 3) -- hardware-recorded CS=0x1b (CPL=3) -- ptr=0x555550000116 len=7 -- raw bytes >>>
  argv[
<<< end of write (7 bytes)
milestone 57: syscall WRITE (process 3) -- heap page 0 at 0x555570000000 is not mapped yet (this process has never touched its heap -- demand paging means no physical frame exists there to read)
milestone 31: syscall WRITE (process 3) -- hardware-recorded CS=0x1b (CPL=3) -- ptr=0x555560000f43 len=1 -- raw bytes >>>
2
<<< end of write (1 bytes)
milestone 57: syscall WRITE (process 3) -- heap page 0 at 0x555570000000 is not mapped yet (this process has never touched its heap -- demand paging means no physical frame exists there to read)
milestone 31: syscall WRITE (process 3) -- hardware-recorded CS=0x1b (CPL=3) -- ptr=0x555550000114 len=2 -- raw bytes >>>
]=
<<< end of write (2 bytes)
milestone 57: syscall WRITE (process 3) -- heap page 0 at 0x555570000000 is not mapped yet (this process has never touched its heap -- demand paging means no physical frame exists there to read)
milestone 31: syscall WRITE (process 3) -- hardware-recorded CS=0x1b (CPL=3) -- ptr=0x555560000fee len=5 -- raw bytes >>>
world
<<< end of write (5 bytes)
milestone 57: syscall WRITE (process 3) -- heap page 0 at 0x555570000000 is not mapped yet (this process has never touched its heap -- demand paging means no physical frame exists there to read)
milestone 31: syscall WRITE (process 3) -- hardware-recorded CS=0x1b (CPL=3) -- ptr=0x55555000008f len=1 -- raw bytes >>>


<<< end of write (1 bytes)
milestone 57: syscall WRITE (process 3) -- heap page 0 at 0x555570000000 is not mapped yet (this process has never touched its heap -- demand paging means no physical frame exists there to read)
milestone 31: syscall WRITE (process 3) -- hardware-recorded CS=0x1b (CPL=3) -- ptr=0x55555000010d len=7 -- raw bytes >>>
  envp[
<<< end of write (7 bytes)
milestone 57: syscall WRITE (process 3) -- heap page 0 at 0x555570000000 is not mapped yet (this process has never touched its heap -- demand paging means no physical frame exists there to read)
milestone 31: syscall WRITE (process 3) -- hardware-recorded CS=0x1b (CPL=3) -- ptr=0x55555000011d len=1 -- raw bytes >>>
0
<<< end of write (1 bytes)
milestone 57: syscall WRITE (process 3) -- heap page 0 at 0x555570000000 is not mapped yet (this process has never touched its heap -- demand paging means no physical frame exists there to read)
milestone 31: syscall WRITE (process 3) -- hardware-recorded CS=0x1b (CPL=3) -- ptr=0x555550000114 len=2 -- raw bytes >>>
]=
<<< end of write (2 bytes)
milestone 57: syscall WRITE (process 3) -- heap page 0 at 0x555570000000 is not mapped yet (this process has never touched its heap -- demand paging means no physical frame exists there to read)
milestone 31: syscall WRITE (process 3) -- hardware-recorded CS=0x1b (CPL=3) -- ptr=0x555560000ff4 len=11 -- raw bytes >>>
GREETING=hi
<<< end of write (11 bytes)
milestone 57: syscall WRITE (process 3) -- heap page 0 at 0x555570000000 is not mapped yet (this process has never touched its heap -- demand paging means no physical frame exists there to read)
milestone 31: syscall WRITE (process 3) -- hardware-recorded CS=0x1b (CPL=3) -- ptr=0x55555000008f len=1 -- raw bytes >>>


<<< end of write (1 bytes)
milestone 57: syscall WRITE (process 3) -- heap page 0 at 0x555570000000 is not mapped yet (this process has never touched its heap -- demand paging means no physical frame exists there to read)
milestone 31: syscall WRITE (process 3) -- hardware-recorded CS=0x1b (CPL=3) -- ptr=0x555550000090 len=7 -- raw bytes >>>
  envc=
<<< end of write (7 bytes)
milestone 57: syscall WRITE (process 3) -- heap page 0 at 0x555570000000 is not mapped yet (this process has never touched its heap -- demand paging means no physical frame exists there to read)
milestone 31: syscall WRITE (process 3) -- hardware-recorded CS=0x1b (CPL=3) -- ptr=0x555560000f43 len=1 -- raw bytes >>>
1
<<< end of write (1 bytes)
milestone 57: syscall WRITE (process 3) -- heap page 0 at 0x555570000000 is not mapped yet (this process has never touched its heap -- demand paging means no physical frame exists there to read)
milestone 31: syscall WRITE (process 3) -- hardware-recorded CS=0x1b (CPL=3) -- ptr=0x55555000008f len=1 -- raw bytes >>>


<<< end of write (1 bytes)
milestone 57: syscall WRITE (process 3) -- heap page 0 at 0x555570000000 is not mapped yet (this process has never touched its heap -- demand paging means no physical frame exists there to read)
milestone 31: syscall WRITE (process 3) -- hardware-recorded CS=0x1b (CPL=3) -- ptr=0x5555500000b6 len=8 -- raw bytes >>>
argc=3: 
<<< end of write (8 bytes)
milestone 57: syscall WRITE (process 3) -- heap page 0 at 0x555570000000 is not mapped yet (this process has never touched its heap -- demand paging means no physical frame exists there to read)
milestone 31: syscall WRITE (process 3) -- hardware-recorded CS=0x1b (CPL=3) -- ptr=0x555550000021 len=4 -- raw bytes >>>
PASS
<<< end of write (4 bytes)
milestone 57: syscall WRITE (process 3) -- heap page 0 at 0x555570000000 is not mapped yet (this process has never touched its heap -- demand paging means no physical frame exists there to read)
milestone 31: syscall WRITE (process 3) -- hardware-recorded CS=0x1b (CPL=3) -- ptr=0x555550000025 len=1 -- raw bytes >>>
 
<<< end of write (1 bytes)
milestone 57: syscall WRITE (process 3) -- heap page 0 at 0x555570000000 is not mapped yet (this process has never touched its heap -- demand paging means no physical frame exists there to read)
milestone 31: syscall WRITE (process 3) -- hardware-recorded CS=0x1b (CPL=3) -- ptr=0x5555500000ce len=18 -- raw bytes >>>
argv0=argvtarget: 
<<< end of write (18 bytes)
milestone 57: syscall WRITE (process 3) -- heap page 0 at 0x555570000000 is not mapped yet (this process has never touched its heap -- demand paging means no physical frame exists there to read)
milestone 31: syscall WRITE (process 3) -- hardware-recorded CS=0x1b (CPL=3) -- ptr=0x555550000021 len=4 -- raw bytes >>>
PASS
<<< end of write (4 bytes)
milestone 57: syscall WRITE (process 3) -- heap page 0 at 0x555570000000 is not mapped yet (this process has never touched its heap -- demand paging means no physical frame exists there to read)
milestone 31: syscall WRITE (process 3) -- hardware-recorded CS=0x1b (CPL=3) -- ptr=0x555550000025 len=1 -- raw bytes >>>
 
<<< end of write (1 bytes)
milestone 57: syscall WRITE (process 3) -- heap page 0 at 0x555570000000 is not mapped yet (this process has never touched its heap -- demand paging means no physical frame exists there to read)
milestone 31: syscall WRITE (process 3) -- hardware-recorded CS=0x1b (CPL=3) -- ptr=0x5555500000e0 len=13 -- raw bytes >>>
argv1=hello: 
<<< end of write (13 bytes)
milestone 57: syscall WRITE (process 3) -- heap page 0 at 0x555570000000 is not mapped yet (this process has never touched its heap -- demand paging means no physical frame exists there to read)
milestone 31: syscall WRITE (process 3) -- hardware-recorded CS=0x1b (CPL=3) -- ptr=0x555550000021 len=4 -- raw bytes >>>
PASS
<<< end of write (4 bytes)
milestone 57: syscall WRITE (process 3) -- heap page 0 at 0x555570000000 is not mapped yet (this process has never touched its heap -- demand paging means no physical frame exists there to read)
milestone 31: syscall WRITE (process 3) -- hardware-recorded CS=0x1b (CPL=3) -- ptr=0x555550000025 len=1 -- raw bytes >>>
 
<<< end of write (1 bytes)
milestone 57: syscall WRITE (process 3) -- heap page 0 at 0x555570000000 is not mapped yet (this process has never touched its heap -- demand paging means no physical frame exists there to read)
milestone 31: syscall WRITE (process 3) -- hardware-recorded CS=0x1b (CPL=3) -- ptr=0x5555500000ed len=13 -- raw bytes >>>
argv2=world: 
<<< end of write (13 bytes)
milestone 57: syscall WRITE (process 3) -- heap page 0 at 0x555570000000 is not mapped yet (this process has never touched its heap -- demand paging means no physical frame exists there to read)
milestone 31: syscall WRITE (process 3) -- hardware-recorded CS=0x1b (CPL=3) -- ptr=0x555550000021 len=4 -- raw bytes >>>
PASS
<<< end of write (4 bytes)
milestone 57: syscall WRITE (process 3) -- heap page 0 at 0x555570000000 is not mapped yet (this process has never touched its heap -- demand paging means no physical frame exists there to read)
milestone 31: syscall WRITE (process 3) -- hardware-recorded CS=0x1b (CPL=3) -- ptr=0x555550000025 len=1 -- raw bytes >>>
 
<<< end of write (1 bytes)
milestone 57: syscall WRITE (process 3) -- heap page 0 at 0x555570000000 is not mapped yet (this process has never touched its heap -- demand paging means no physical frame exists there to read)
milestone 31: syscall WRITE (process 3) -- hardware-recorded CS=0x1b (CPL=3) -- ptr=0x5555500000be len=8 -- raw bytes >>>
envc=1: 
<<< end of write (8 bytes)
milestone 57: syscall WRITE (process 3) -- heap page 0 at 0x555570000000 is not mapped yet (this process has never touched its heap -- demand paging means no physical frame exists there to read)
milestone 31: syscall WRITE (process 3) -- hardware-recorded CS=0x1b (CPL=3) -- ptr=0x555550000021 len=4 -- raw bytes >>>
PASS
<<< end of write (4 bytes)
milestone 57: syscall WRITE (process 3) -- heap page 0 at 0x555570000000 is not mapped yet (this process has never touched its heap -- demand paging means no physical frame exists there to read)
milestone 31: syscall WRITE (process 3) -- hardware-recorded CS=0x1b (CPL=3) -- ptr=0x555550000025 len=1 -- raw bytes >>>
 
<<< end of write (1 bytes)
milestone 57: syscall WRITE (process 3) -- heap page 0 at 0x555570000000 is not mapped yet (this process has never touched its heap -- demand paging means no physical frame exists there to read)
milestone 31: syscall WRITE (process 3) -- hardware-recorded CS=0x1b (CPL=3) -- ptr=0x5555500000fa len=19 -- raw bytes >>>
envp0=GREETING=hi: 
<<< end of write (19 bytes)
milestone 57: syscall WRITE (process 3) -- heap page 0 at 0x555570000000 is not mapped yet (this process has never touched its heap -- demand paging means no physical frame exists there to read)
milestone 31: syscall WRITE (process 3) -- hardware-recorded CS=0x1b (CPL=3) -- ptr=0x555550000021 len=4 -- raw bytes >>>
PASS
<<< end of write (4 bytes)
milestone 57: syscall WRITE (process 3) -- heap page 0 at 0x555570000000 is not mapped yet (this process has never touched its heap -- demand paging means no physical frame exists there to read)
milestone 31: syscall WRITE (process 3) -- hardware-recorded CS=0x1b (CPL=3) -- ptr=0x555550000025 len=1 -- raw bytes >>>
 
<<< end of write (1 bytes)
milestone 57: syscall WRITE (process 3) -- heap page 0 at 0x555570000000 is not mapped yet (this process has never touched its heap -- demand paging means no physical frame exists there to read)
milestone 31: syscall WRITE (process 3) -- hardware-recorded CS=0x1b (CPL=3) -- ptr=0x5555500000c6 len=8 -- raw bytes >>>
OVERALL=
<<< end of write (8 bytes)
milestone 57: syscall WRITE (process 3) -- heap page 0 at 0x555570000000 is not mapped yet (this process has never touched its heap -- demand paging means no physical frame exists there to read)
milestone 31: syscall WRITE (process 3) -- hardware-recorded CS=0x1b (CPL=3) -- ptr=0x555550000021 len=4 -- raw bytes >>>
PASS
<<< end of write (4 bytes)
milestone 57: syscall WRITE (process 3) -- heap page 0 at 0x555570000000 is not mapped yet (this process has never touched its heap -- demand paging means no physical frame exists there to read)
milestone 31: syscall WRITE (process 3) -- hardware-recorded CS=0x1b (CPL=3) -- ptr=0x55555000008f len=1 -- raw bytes >>>


<<< end of write (1 bytes)
milestone 57: syscall WRITE (process 3) -- heap page 0 at 0x555570000000 is not mapped yet (this process has never touched its heap -- demand paging means no physical frame exists there to read)
milestone 30: syscall EXIT -- hardware-recorded CS=0x1b (CPL=3) -- discarding ring-3 context, resuming kernel context
milestone 36: elf-loaded process -- resumed in kernel context (CR3 already restored by the exit syscall before this point)
milestone 58: self-test -- argvlauncher.elf's real EXECARGV replaced it with argvtarget.elf, which ran to completion and returned to the kernel cleanly (no panic, no double fault) -- see the 'milestone 58:' lines above for the real argv/envp-correctness evidence written by the programs themselves
milestone 59: self-test -- running ERRNO_TEST_PROCESS (read/wait/sbrk/getpgid, each deliberately failing for a different real reason, GETERRNO read back after each -- watch the syscall log lines just below for the four distinct errno values)...
milestone 30: runproc 17 (process errno-test) -- about to switch CR3 to process pml4 0x127000
milestone 30: CR3 switched -- entering ring 3 for process 17 at 0x555550000000
milestone 35: syscall READ (process 17) -- FAILED, fd 99 is not open -- returning u64::MAX
milestone 59: syscall GETERRNO (process 17) -- hardware-recorded CS=0x1b (CPL=3) -- errno=9 (EBADF)
milestone 37: syscall WAIT (process 17) -- FAILED (pid 250 is not a live child of this process, or see process.rs's own log line above) -- returning u64::MAX
milestone 59: syscall GETERRNO (process 17) -- hardware-recorded CS=0x1b (CPL=3) -- errno=10 (ECHILD)
milestone 33: syscall SBRK (process 17) -- FAILED (requested 4294967295 bytes would exceed this process's fixed per-process heap) -- returning 0
milestone 59: syscall GETERRNO (process 17) -- hardware-recorded CS=0x1b (CPL=3) -- errno=12 (ENOMEM)
milestone 42: syscall GETPGID (process 17) -- FAILED, pid 250 not a live process -- returning u64::MAX
milestone 59: syscall GETERRNO (process 17) -- hardware-recorded CS=0x1b (CPL=3) -- errno=3 (ESRCH)
milestone 30: syscall EXIT -- hardware-recorded CS=0x1b (CPL=3) -- discarding ring-3 context, resuming kernel context
milestone 30: runproc 17 -- resumed in kernel context (CR3 already restored by the exit syscall before this point)
milestone 59: self-test -- ERRNO_TEST_PROCESS ran to completion (its own exit() syscall returned normally)
milestone 59: self-test -- ERRNO_TEST_PROCESS's own final errno field: 3 (ESRCH) -- expected 3 (ESRCH, the getpgid(250) call's real failure, the LAST syscall before exit()) -- confirmed
milestone 59: self-test -- OVERALL: PASS
milestone 60: self-test -- layout check: resume opcode ok=true, handler opcode ok=true, embedded self-pid ok=true -- confirmed
milestone 60: self-test -- running SIGNAL_TEST_PROCESS (register a real SIGUSR1 handler, self-signal, expect genuine mid-execution redirection into it and a real SIGRETURN back out)...
milestone 30: runproc 18 (process signal-test) -- about to switch CR3 to process pml4 0x136000
milestone 30: CR3 switched -- entering ring 3 for process 18 at 0x555550000000
milestone 33: syscall SBRK (process 18) -- hardware-recorded CS=0x1b (CPL=3) -- requested 64 bytes, returning heap pointer 0x555570000000
milestone 57: demand-paged heap page 0 for process 18 (fault addr 0x555570000000) -- fresh zeroed physical frame 0x207000 mapped, resuming the faulting instruction
milestone 60: syscall SIGACTION (process 18) -- hardware-recorded CS=0x1b (CPL=3) -- signum 10 (SIGUSR1), handler=0x555550000064
milestone 60: syscall SIGSEND (process 18) -- hardware-recorded CS=0x1b (CPL=3) -- target pid 18, signum 10 (SIGUSR1) raised
milestone 60: real signal delivery -- process 18 redirected into handler 0x555550000064 for signum 10 (SIGUSR1), interrupted rip=0x555550000046 saved, trampoline frame at 0x555560000f00
milestone 60: syscall SIGRETURN (process 18) -- real context restored, resuming at rip=0x555550000046 rsp=0x555560001000
milestone 30: syscall EXIT -- hardware-recorded CS=0x1b (CPL=3) -- discarding ring-3 context, resuming kernel context
milestone 30: runproc 18 -- resumed in kernel context (CR3 already restored by the exit syscall before this point)
milestone 60: self-test -- SIGNAL_TEST_PROCESS ran to completion (its own exit() syscall returned normally)
milestone 60: self-test -- HEAP_START markers: main-before-signal ran=true (expect true), handler genuinely ran=true (expect true), canary register (0x1234ABCD, clobbered by the handler to 0xDEADBEEF in between) survived SIGRETURN intact=true (expect true), resumed-after-handler code ran=true (expect true), handler received the real signum (10, SIGUSR1) as its SysV first argument=true (expect true)
milestone 60: self-test -- OVERALL: PASS
milestone 67: self-test -- parsed the embedded cc.elf: e_entry=0x555550000000 (expected 0x555550000000), 1 PT_LOAD segment(s)
milestone 36: process elf-loaded -- ELF validated: e_entry=0x555550000000 falls inside a mapped segment, 1 PT_LOAD segment(s), 16 total page(s), all within private p4 index 170
milestone 36: process elf-loaded -- new pml4 0x205000 populated: 511 kernel-space entries shared, index 170 left private
milestone 36: process elf-loaded -- mapped 16 PT_LOAD page(s): [(93824902758400, 2113536, 4096, 7), (93824902762496, 2088960, 4096, 7), (93824902766592, 2072576, 4096, 7), (93824902770688, 2015232, 4096, 7), (93824902774784, 2076672, 4096, 7), (93824902778880, 2080768, 4096, 7), (93824902782976, 2093056, 4096, 7), (93824902787072, 2101248, 4096, 7), (93824902791168, 2084864, 4096, 7), (93824902795264, 2191360, 4096, 7), (93824902799360, 2195456, 4096, 7), (93824902803456, 2199552, 4096, 7), (93824902807552, 2203648, 4096, 7), (93824902811648, 2207744, 4096, 7), (93824902815744, 2211840, 4096, 7), (93824902819840, 2215936, 2092, 7)]
milestone 36: process elf-loaded -- private stack page mapped to frame 0x21e000
milestone 100: process elf-loaded -- 7 extra stack page(s) mapped below USER_STACK_ADDR (32 KiB total stack)
milestone 57: process elf-loaded -- private heap RESERVED (not mapped): 64 pages at 0x555570000000..0x55557003ffff, 0 physical frames committed until a real page fault demand-pages one
milestone 36: elf-loaded process -- about to switch CR3 to pml4 0x205000
milestone 36: CR3 switched -- entering ring 3 for the ELF-loaded process at 0x555550000000 (real e_entry)
milestone 31: syscall WRITE (process 3) -- hardware-recorded CS=0x1b (CPL=3) -- ptr=0x555550006316 len=68 -- raw bytes >>>
milestone 67: cc (subset-C lexer + parser, no codegen yet) starting

<<< end of write (68 bytes)
milestone 57: syscall WRITE (process 3) -- heap page 0 at 0x555570000000 is not mapped yet (this process has never touched its heap -- demand paging means no physical frame exists there to read)
milestone 33: syscall SBRK (process 3) -- hardware-recorded CS=0x1b (CPL=3) -- requested 6152 bytes, returning heap pointer 0x555570000000
milestone 57: demand-paged heap page 0 for process 3 (fault addr 0x555570000000) -- fresh zeroed physical frame 0x228000 mapped, resuming the faulting instruction
milestone 31: syscall WRITE (process 3) -- hardware-recorded CS=0x1b (CPL=3) -- ptr=0x555550006392 len=13 -- raw bytes >>>
case1_lex_ok=
<<< end of write (13 bytes)
milestone 33: syscall WRITE (process 3) also reads its own private heap at 0x555570000000 -- marker byte 0x00 (' ')
milestone 31: syscall WRITE (process 3) -- hardware-recorded CS=0x1b (CPL=3) -- ptr=0x55555000627c len=4 -- raw bytes >>>
PASS
<<< end of write (4 bytes)
milestone 33: syscall WRITE (process 3) also reads its own private heap at 0x555570000000 -- marker byte 0x00 (' ')
milestone 31: syscall WRITE (process 3) -- hardware-recorded CS=0x1b (CPL=3) -- ptr=0x555550006294 len=1 -- raw bytes >>>
 
<<< end of write (1 bytes)
milestone 33: syscall WRITE (process 3) also reads its own private heap at 0x555570000000 -- marker byte 0x00 (' ')
milestone 31: syscall WRITE (process 3) -- hardware-recorded CS=0x1b (CPL=3) -- ptr=0x55555000639f len=9 -- raw bytes >>>
  ntoks1=
<<< end of write (9 bytes)
milestone 33: syscall WRITE (process 3) also reads its own private heap at 0x555570000000 -- marker byte 0x00 (' ')
milestone 31: syscall WRITE (process 3) -- hardware-recorded CS=0x1b (CPL=3) -- ptr=0x555560000e17 len=1 -- raw bytes >>>
1
<<< end of write (1 bytes)
milestone 33: syscall WRITE (process 3) also reads its own private heap at 0x555570000000 -- marker byte 0x00 (' ')
milestone 31: syscall WRITE (process 3) -- hardware-recorded CS=0x1b (CPL=3) -- ptr=0x555560000e17 len=1 -- raw bytes >>>
9
<<< end of write (1 bytes)
milestone 33: syscall WRITE (process 3) also reads its own private heap at 0x555570000000 -- marker byte 0x00 (' ')
milestone 31: syscall WRITE (process 3) -- hardware-recorded CS=0x1b (CPL=3) -- ptr=0x5555500063a8 len=1 -- raw bytes >>>


<<< end of write (1 bytes)
milestone 33: syscall WRITE (process 3) also reads its own private heap at 0x555570000000 -- marker byte 0x00 (' ')
milestone 31: syscall WRITE (process 3) -- hardware-recorded CS=0x1b (CPL=3) -- ptr=0x5555500063a9 len=18 -- raw bytes >>>
case1_ntoks_is_19=
<<< end of write (18 bytes)
milestone 33: syscall WRITE (process 3) also reads its own private heap at 0x555570000000 -- marker byte 0x00 (' ')
milestone 31: syscall WRITE (process 3) -- hardware-recorded CS=0x1b (CPL=3) -- ptr=0x55555000627c len=4 -- raw bytes >>>
PASS
<<< end of write (4 bytes)
milestone 33: syscall WRITE (process 3) also reads its own private heap at 0x555570000000 -- marker byte 0x00 (' ')
milestone 31: syscall WRITE (process 3) -- hardware-recorded CS=0x1b (CPL=3) -- ptr=0x555550006294 len=1 -- raw bytes >>>
 
<<< end of write (1 bytes)
milestone 33: syscall WRITE (process 3) also reads its own private heap at 0x555570000000 -- marker byte 0x00 (' ')
milestone 31: syscall WRITE (process 3) -- hardware-recorded CS=0x1b (CPL=3) -- ptr=0x5555500063ce len=24 -- raw bytes >>>
case1_token_kinds_match=
<<< end of write (24 bytes)
milestone 33: syscall WRITE (process 3) also reads its own private heap at 0x555570000000 -- marker byte 0x00 (' ')
milestone 31: syscall WRITE (process 3) -- hardware-recorded CS=0x1b (CPL=3) -- ptr=0x55555000627c len=4 -- raw bytes >>>
PASS
<<< end of write (4 bytes)
milestone 33: syscall WRITE (process 3) also reads its own private heap at 0x555570000000 -- marker byte 0x00 (' ')
milestone 31: syscall WRITE (process 3) -- hardware-recorded CS=0x1b (CPL=3) -- ptr=0x555550006294 len=1 -- raw bytes >>>
 
<<< end of write (1 bytes)
milestone 33: syscall WRITE (process 3) also reads its own private heap at 0x555570000000 -- marker byte 0x00 (' ')
milestone 31: syscall WRITE (process 3) -- hardware-recorded CS=0x1b (CPL=3) -- ptr=0x5555500063e6 len=27 -- raw bytes >>>
case1_token_payloads_match=
<<< end of write (27 bytes)
milestone 33: syscall WRITE (process 3) also reads its own private heap at 0x555570000000 -- marker byte 0x00 (' ')
milestone 31: syscall WRITE (process 3) -- hardware-recorded CS=0x1b (CPL=3) -- ptr=0x55555000627c len=4 -- raw bytes >>>
PASS
<<< end of write (4 bytes)
milestone 33: syscall WRITE (process 3) also reads its own private heap at 0x555570000000 -- marker byte 0x00 (' ')
milestone 31: syscall WRITE (process 3) -- hardware-recorded CS=0x1b (CPL=3) -- ptr=0x555550006294 len=1 -- raw bytes >>>
 
<<< end of write (1 bytes)
milestone 33: syscall WRITE (process 3) also reads its own private heap at 0x555570000000 -- marker byte 0x00 (' ')
milestone 33: syscall SBRK (process 3) -- hardware-recorded CS=0x1b (CPL=3) -- requested 56 bytes, returning heap pointer 0x555570001808
milestone 57: demand-paged heap page 1 for process 3 (fault addr 0x555570001808) -- fresh zeroed physical frame 0x22a000 mapped, resuming the faulting instruction
milestone 33: syscall SBRK (process 3) -- hardware-recorded CS=0x1b (CPL=3) -- requested 64 bytes, returning heap pointer 0x555570001840
milestone 33: syscall SBRK (process 3) -- hardware-recorded CS=0x1b (CPL=3) -- requested 64 bytes, returning heap pointer 0x555570001880
milestone 33: syscall SBRK (process 3) -- hardware-recorded CS=0x1b (CPL=3) -- requested 64 bytes, returning heap pointer 0x5555700018c0
milestone 33: syscall SBRK (process 3) -- hardware-recorded CS=0x1b (CPL=3) -- requested 56 bytes, returning heap pointer 0x555570001900
milestone 33: syscall SBRK (process 3) -- hardware-recorded CS=0x1b (CPL=3) -- requested 64 bytes, returning heap pointer 0x555570001938
milestone 33: syscall SBRK (process 3) -- hardware-recorded CS=0x1b (CPL=3) -- requested 56 bytes, returning heap pointer 0x555570001978
milestone 33: syscall SBRK (process 3) -- hardware-recorded CS=0x1b (CPL=3) -- requested 56 bytes, returning heap pointer 0x5555700019b0
milestone 31: syscall WRITE (process 3) -- hardware-recorded CS=0x1b (CPL=3) -- ptr=0x555550006401 len=15 -- raw bytes >>>
case1_parse_ok=
<<< end of write (15 bytes)
milestone 33: syscall WRITE (process 3) also reads its own private heap at 0x555570000000 -- marker byte 0x00 (' ')
milestone 31: syscall WRITE (process 3) -- hardware-recorded CS=0x1b (CPL=3) -- ptr=0x55555000627c len=4 -- raw bytes >>>
PASS
<<< end of write (4 bytes)
milestone 33: syscall WRITE (process 3) also reads its own private heap at 0x555570000000 -- marker byte 0x00 (' ')
milestone 31: syscall WRITE (process 3) -- hardware-recorded CS=0x1b (CPL=3) -- ptr=0x555550006294 len=1 -- raw bytes >>>
 
<<< end of write (1 bytes)
milestone 33: syscall WRITE (process 3) also reads its own private heap at 0x555570000000 -- marker byte 0x00 (' ')
milestone 31: syscall WRITE (process 3) -- hardware-recorded CS=0x1b (CPL=3) -- ptr=0x555550006410 len=24 -- raw bytes >>>
case1_func_name_is_main=
<<< end of write (24 bytes)
milestone 33: syscall WRITE (process 3) also reads its own private heap at 0x555570000000 -- marker byte 0x00 (' ')
milestone 31: syscall WRITE (process 3) -- hardware-recorded CS=0x1b (CPL=3) -- ptr=0x55555000627c len=4 -- raw bytes >>>
PASS
<<< end of write (4 bytes)
milestone 33: syscall WRITE (process 3) also reads its own private heap at 0x555570000000 -- marker byte 0x00 (' ')
milestone 31: syscall WRITE (process 3) -- hardware-recorded CS=0x1b (CPL=3) -- ptr=0x555550006294 len=1 -- raw bytes >>>
 
<<< end of write (1 bytes)
milestone 33: syscall WRITE (process 3) also reads its own private heap at 0x555570000000 -- marker byte 0x00 (' ')
milestone 31: syscall WRITE (process 3) -- hardware-recorded CS=0x1b (CPL=3) -- ptr=0x555550006428 len=22 -- raw bytes >>>
case1_stmt_count_is_3=
<<< end of write (22 bytes)
milestone 33: syscall WRITE (process 3) also reads its own private heap at 0x555570000000 -- marker byte 0x00 (' ')
milestone 31: syscall WRITE (process 3) -- hardware-recorded CS=0x1b (CPL=3) -- ptr=0x55555000627c len=4 -- raw bytes >>>
PASS
<<< end of write (4 bytes)
milestone 33: syscall WRITE (process 3) also reads its own private heap at 0x555570000000 -- marker byte 0x00 (' ')
milestone 31: syscall WRITE (process 3) -- hardware-recorded CS=0x1b (CPL=3) -- ptr=0x555550006294 len=1 -- raw bytes >>>
 
<<< end of write (1 bytes)
milestone 33: syscall WRITE (process 3) also reads its own private heap at 0x555570000000 -- marker byte 0x00 (' ')
milestone 31: syscall WRITE (process 3) -- hardware-recorded CS=0x1b (CPL=3) -- ptr=0x55555000643f len=22 -- raw bytes >>>
case1_stmt0_is_decl_x=
<<< end of write (22 bytes)
milestone 33: syscall WRITE (process 3) also reads its own private heap at 0x555570000000 -- marker byte 0x00 (' ')
milestone 31: syscall WRITE (process 3) -- hardware-recorded CS=0x1b (CPL=3) -- ptr=0x55555000627c len=4 -- raw bytes >>>
PASS
<<< end of write (4 bytes)
milestone 33: syscall WRITE (process 3) also reads its own private heap at 0x555570000000 -- marker byte 0x00 (' ')
milestone 31: syscall WRITE (process 3) -- hardware-recorded CS=0x1b (CPL=3) -- ptr=0x555550006294 len=1 -- raw bytes >>>
 
<<< end of write (1 bytes)
milestone 33: syscall WRITE (process 3) also reads its own private heap at 0x555570000000 -- marker byte 0x00 (' ')
milestone 31: syscall WRITE (process 3) -- hardware-recorded CS=0x1b (CPL=3) -- ptr=0x555550006495 len=32 -- raw bytes >>>
case1_stmt1_is_assign_x_40plus2=
<<< end of write (32 bytes)
milestone 33: syscall WRITE (process 3) also reads its own private heap at 0x555570000000 -- marker byte 0x00 (' ')
milestone 31: syscall WRITE (process 3) -- hardware-recorded CS=0x1b (CPL=3) -- ptr=0x55555000627c len=4 -- raw bytes >>>
PASS
<<< end of write (4 bytes)
milestone 33: syscall WRITE (process 3) also reads its own private heap at 0x555570000000 -- marker byte 0x00 (' ')
milestone 31: syscall WRITE (process 3) -- hardware-recorded CS=0x1b (CPL=3) -- ptr=0x555550006294 len=1 -- raw bytes >>>
 
<<< end of write (1 bytes)
milestone 33: syscall WRITE (process 3) also reads its own private heap at 0x555570000000 -- marker byte 0x00 (' ')
milestone 31: syscall WRITE (process 3) -- hardware-recorded CS=0x1b (CPL=3) -- ptr=0x5555500064b5 len=24 -- raw bytes >>>
case1_stmt2_is_return_x=
<<< end of write (24 bytes)
milestone 33: syscall WRITE (process 3) also reads its own private heap at 0x555570000000 -- marker byte 0x00 (' ')
milestone 31: syscall WRITE (process 3) -- hardware-recorded CS=0x1b (CPL=3) -- ptr=0x55555000627c len=4 -- raw bytes >>>
PASS
<<< end of write (4 bytes)
milestone 33: syscall WRITE (process 3) also reads its own private heap at 0x555570000000 -- marker byte 0x00 (' ')
milestone 31: syscall WRITE (process 3) -- hardware-recorded CS=0x1b (CPL=3) -- ptr=0x555550006294 len=1 -- raw bytes >>>
 
<<< end of write (1 bytes)
milestone 33: syscall WRITE (process 3) also reads its own private heap at 0x555570000000 -- marker byte 0x00 (' ')
milestone 31: syscall WRITE (process 3) -- hardware-recorded CS=0x1b (CPL=3) -- ptr=0x5555500063a8 len=1 -- raw bytes >>>


<<< end of write (1 bytes)
milestone 33: syscall WRITE (process 3) also reads its own private heap at 0x555570000000 -- marker byte 0x00 (' ')
milestone 33: syscall SBRK (process 3) -- hardware-recorded CS=0x1b (CPL=3) -- requested 6152 bytes, returning heap pointer 0x5555700019e8
milestone 31: syscall WRITE (process 3) -- hardware-recorded CS=0x1b (CPL=3) -- ptr=0x5555500064eb len=13 -- raw bytes >>>
case2_lex_ok=
<<< end of write (13 bytes)
milestone 33: syscall WRITE (process 3) also reads its own private heap at 0x555570000000 -- marker byte 0x00 (' ')
milestone 31: syscall WRITE (process 3) -- hardware-recorded CS=0x1b (CPL=3) -- ptr=0x55555000627c len=4 -- raw bytes >>>
PASS
<<< end of write (4 bytes)
milestone 33: syscall WRITE (process 3) also reads its own private heap at 0x555570000000 -- marker byte 0x00 (' ')
milestone 31: syscall WRITE (process 3) -- hardware-recorded CS=0x1b (CPL=3) -- ptr=0x555550006294 len=1 -- raw bytes >>>
 
<<< end of write (1 bytes)
milestone 33: syscall WRITE (process 3) also reads its own private heap at 0x555570000000 -- marker byte 0x00 (' ')
milestone 33: syscall SBRK (process 3) -- hardware-recorded CS=0x1b (CPL=3) -- requested 56 bytes, returning heap pointer 0x5555700031f0
milestone 57: demand-paged heap page 3 for process 3 (fault addr 0x5555700031f0) -- fresh zeroed physical frame 0x22b000 mapped, resuming the faulting instruction
milestone 31: syscall WRITE (process 3) -- hardware-recorded CS=0x1b (CPL=3) -- ptr=0x5555500064f8 len=40 -- raw bytes >>>
  case2 real parse error at token index=
<<< end of write (40 bytes)
milestone 33: syscall WRITE (process 3) also reads its own private heap at 0x555570000000 -- marker byte 0x00 (' ')
milestone 31: syscall WRITE (process 3) -- hardware-recorded CS=0x1b (CPL=3) -- ptr=0x555560000e17 len=1 -- raw bytes >>>
7
<<< end of write (1 bytes)
milestone 33: syscall WRITE (process 3) also reads its own private heap at 0x555570000000 -- marker byte 0x00 (' ')
milestone 31: syscall WRITE (process 3) -- hardware-recorded CS=0x1b (CPL=3) -- ptr=0x5555500063a8 len=1 -- raw bytes >>>


<<< end of write (1 bytes)
milestone 33: syscall WRITE (process 3) also reads its own private heap at 0x555570000000 -- marker byte 0x00 (' ')
milestone 31: syscall WRITE (process 3) -- hardware-recorded CS=0x1b (CPL=3) -- ptr=0x555550006520 len=33 -- raw bytes >>>
case2_real_parse_error_at_token7=
<<< end of write (33 bytes)
milestone 33: syscall WRITE (process 3) also reads its own private heap at 0x555570000000 -- marker byte 0x00 (' ')
milestone 31: syscall WRITE (process 3) -- hardware-recorded CS=0x1b (CPL=3) -- ptr=0x55555000627c len=4 -- raw bytes >>>
PASS
<<< end of write (4 bytes)
milestone 33: syscall WRITE (process 3) also reads its own private heap at 0x555570000000 -- marker byte 0x00 (' ')
milestone 31: syscall WRITE (process 3) -- hardware-recorded CS=0x1b (CPL=3) -- ptr=0x555550006294 len=1 -- raw bytes >>>
 
<<< end of write (1 bytes)
milestone 33: syscall WRITE (process 3) also reads its own private heap at 0x555570000000 -- marker byte 0x00 (' ')
milestone 31: syscall WRITE (process 3) -- hardware-recorded CS=0x1b (CPL=3) -- ptr=0x5555500063a8 len=1 -- raw bytes >>>


<<< end of write (1 bytes)
milestone 33: syscall WRITE (process 3) also reads its own private heap at 0x555570000000 -- marker byte 0x00 (' ')
milestone 33: syscall SBRK (process 3) -- hardware-recorded CS=0x1b (CPL=3) -- requested 6152 bytes, returning heap pointer 0x555570003228
milestone 31: syscall WRITE (process 3) -- hardware-recorded CS=0x1b (CPL=3) -- ptr=0x555550006542 len=38 -- raw bytes >>>
  case3 real lex error at byte offset=
<<< end of write (38 bytes)
milestone 33: syscall WRITE (process 3) also reads its own private heap at 0x555570000000 -- marker byte 0x00 (' ')
milestone 31: syscall WRITE (process 3) -- hardware-recorded CS=0x1b (CPL=3) -- ptr=0x555550006295 len=1 -- raw bytes >>>
0
<<< end of write (1 bytes)
milestone 33: syscall WRITE (process 3) also reads its own private heap at 0x555570000000 -- marker byte 0x00 (' ')
milestone 31: syscall WRITE (process 3) -- hardware-recorded CS=0x1b (CPL=3) -- ptr=0x5555500063a8 len=1 -- raw bytes >>>


<<< end of write (1 bytes)
milestone 33: syscall WRITE (process 3) also reads its own private heap at 0x555570000000 -- marker byte 0x00 (' ')
milestone 31: syscall WRITE (process 3) -- hardware-recorded CS=0x1b (CPL=3) -- ptr=0x555550006455 len=32 -- raw bytes >>>
case3_real_lex_error_at_offset0=
<<< end of write (32 bytes)
milestone 33: syscall WRITE (process 3) also reads its own private heap at 0x555570000000 -- marker byte 0x00 (' ')
milestone 31: syscall WRITE (process 3) -- hardware-recorded CS=0x1b (CPL=3) -- ptr=0x55555000627c len=4 -- raw bytes >>>
PASS
<<< end of write (4 bytes)
milestone 33: syscall WRITE (process 3) also reads its own private heap at 0x555570000000 -- marker byte 0x00 (' ')
milestone 31: syscall WRITE (process 3) -- hardware-recorded CS=0x1b (CPL=3) -- ptr=0x555550006294 len=1 -- raw bytes >>>
 
<<< end of write (1 bytes)
milestone 33: syscall WRITE (process 3) also reads its own private heap at 0x555570000000 -- marker byte 0x00 (' ')
milestone 31: syscall WRITE (process 3) -- hardware-recorded CS=0x1b (CPL=3) -- ptr=0x5555500063a8 len=1 -- raw bytes >>>


<<< end of write (1 bytes)
milestone 33: syscall WRITE (process 3) also reads its own private heap at 0x555570000000 -- marker byte 0x00 (' ')
milestone 31: syscall WRITE (process 3) -- hardware-recorded CS=0x1b (CPL=3) -- ptr=0x5555500062ae len=8 -- raw bytes >>>
OVERALL=
<<< end of write (8 bytes)
milestone 33: syscall WRITE (process 3) also reads its own private heap at 0x555570000000 -- marker byte 0x00 (' ')
milestone 31: syscall WRITE (process 3) -- hardware-recorded CS=0x1b (CPL=3) -- ptr=0x55555000627c len=4 -- raw bytes >>>
PASS
<<< end of write (4 bytes)
milestone 33: syscall WRITE (process 3) also reads its own private heap at 0x555570000000 -- marker byte 0x00 (' ')
milestone 31: syscall WRITE (process 3) -- hardware-recorded CS=0x1b (CPL=3) -- ptr=0x555550006568 len=2 -- raw bytes >>>



<<< end of write (2 bytes)
milestone 33: syscall WRITE (process 3) also reads its own private heap at 0x555570000000 -- marker byte 0x00 (' ')
milestone 31: syscall WRITE (process 3) -- hardware-recorded CS=0x1b (CPL=3) -- ptr=0x55555000656a len=79 -- raw bytes >>>
milestone 68: cc codegen (real x86_64 machine code, direct execution) starting

<<< end of write (79 bytes)
milestone 33: syscall WRITE (process 3) also reads its own private heap at 0x555570000000 -- marker byte 0x00 (' ')
milestone 33: syscall SBRK (process 3) -- hardware-recorded CS=0x1b (CPL=3) -- requested 104 bytes, returning heap pointer 0x555570004a30
milestone 57: demand-paged heap page 4 for process 3 (fault addr 0x555570004a30) -- fresh zeroed physical frame 0x22c000 mapped, resuming the faulting instruction
milestone 33: syscall SBRK (process 3) -- hardware-recorded CS=0x1b (CPL=3) -- requested 1032 bytes, returning heap pointer 0x555570004a98
milestone 31: syscall WRITE (process 3) -- hardware-recorded CS=0x1b (CPL=3) -- ptr=0x5555500065ed len=17 -- raw bytes >>>
  case4 returned=
<<< end of write (17 bytes)
milestone 33: syscall WRITE (process 3) also reads its own private heap at 0x555570000000 -- marker byte 0x00 (' ')
milestone 31: syscall WRITE (process 3) -- hardware-recorded CS=0x1b (CPL=3) -- ptr=0x555560000e17 len=1 -- raw bytes >>>
4
<<< end of write (1 bytes)
milestone 33: syscall WRITE (process 3) also reads its own private heap at 0x555570000000 -- marker byte 0x00 (' ')
milestone 31: syscall WRITE (process 3) -- hardware-recorded CS=0x1b (CPL=3) -- ptr=0x555560000e17 len=1 -- raw bytes >>>
2
<<< end of write (1 bytes)
milestone 33: syscall WRITE (process 3) also reads its own private heap at 0x555570000000 -- marker byte 0x00 (' ')
milestone 31: syscall WRITE (process 3) -- hardware-recorded CS=0x1b (CPL=3) -- ptr=0x5555500065fe len=15 -- raw bytes >>>
 (expected 42)

<<< end of write (15 bytes)
milestone 33: syscall WRITE (process 3) also reads its own private heap at 0x555570000000 -- marker byte 0x00 (' ')
milestone 31: syscall WRITE (process 3) -- hardware-recorded CS=0x1b (CPL=3) -- ptr=0x555550006643 len=30 -- raw bytes >>>
case4_codegen_exec_returns_42=
<<< end of write (30 bytes)
milestone 33: syscall WRITE (process 3) also reads its own private heap at 0x555570000000 -- marker byte 0x00 (' ')
milestone 31: syscall WRITE (process 3) -- hardware-recorded CS=0x1b (CPL=3) -- ptr=0x55555000627c len=4 -- raw bytes >>>
PASS
<<< end of write (4 bytes)
milestone 33: syscall WRITE (process 3) also reads its own private heap at 0x555570000000 -- marker byte 0x00 (' ')
milestone 31: syscall WRITE (process 3) -- hardware-recorded CS=0x1b (CPL=3) -- ptr=0x555550006294 len=1 -- raw bytes >>>
 
<<< end of write (1 bytes)
milestone 33: syscall WRITE (process 3) also reads its own private heap at 0x555570000000 -- marker byte 0x00 (' ')
milestone 31: syscall WRITE (process 3) -- hardware-recorded CS=0x1b (CPL=3) -- ptr=0x5555500063a8 len=1 -- raw bytes >>>


<<< end of write (1 bytes)
milestone 33: syscall WRITE (process 3) also reads its own private heap at 0x555570000000 -- marker byte 0x00 (' ')
milestone 87: syscall SBRK_RESET (process 3) -- hardware-recorded CS=0x1b (CPL=3) -- heap break rewound to 0x555570000000
milestone 33: syscall SBRK (process 3) -- hardware-recorded CS=0x1b (CPL=3) -- requested 6152 bytes, returning heap pointer 0x555570000000
milestone 33: syscall SBRK (process 3) -- hardware-recorded CS=0x1b (CPL=3) -- requested 56 bytes, returning heap pointer 0x555570001808
milestone 33: syscall SBRK (process 3) -- hardware-recorded CS=0x1b (CPL=3) -- requested 56 bytes, returning heap pointer 0x555570001840
milestone 33: syscall SBRK (process 3) -- hardware-recorded CS=0x1b (CPL=3) -- requested 64 bytes, returning heap pointer 0x555570001878
milestone 33: syscall SBRK (process 3) -- hardware-recorded CS=0x1b (CPL=3) -- requested 56 bytes, returning heap pointer 0x5555700018b8
milestone 33: syscall SBRK (process 3) -- hardware-recorded CS=0x1b (CPL=3) -- requested 64 bytes, returning heap pointer 0x5555700018f0
milestone 33: syscall SBRK (process 3) -- hardware-recorded CS=0x1b (CPL=3) -- requested 64 bytes, returning heap pointer 0x555570001930
milestone 33: syscall SBRK (process 3) -- hardware-recorded CS=0x1b (CPL=3) -- requested 64 bytes, returning heap pointer 0x555570001970
milestone 33: syscall SBRK (process 3) -- hardware-recorded CS=0x1b (CPL=3) -- requested 56 bytes, returning heap pointer 0x5555700019b0
milestone 33: syscall SBRK (process 3) -- hardware-recorded CS=0x1b (CPL=3) -- requested 64 bytes, returning heap pointer 0x5555700019e8
milestone 33: syscall SBRK (process 3) -- hardware-recorded CS=0x1b (CPL=3) -- requested 64 bytes, returning heap pointer 0x555570001a28
milestone 33: syscall SBRK (process 3) -- hardware-recorded CS=0x1b (CPL=3) -- requested 64 bytes, returning heap pointer 0x555570001a68
milestone 33: syscall SBRK (process 3) -- hardware-recorded CS=0x1b (CPL=3) -- requested 56 bytes, returning heap pointer 0x555570001aa8
milestone 33: syscall SBRK (process 3) -- hardware-recorded CS=0x1b (CPL=3) -- requested 56 bytes, returning heap pointer 0x555570001ae0
milestone 33: syscall SBRK (process 3) -- hardware-recorded CS=0x1b (CPL=3) -- requested 104 bytes, returning heap pointer 0x555570001b18
milestone 33: syscall SBRK (process 3) -- hardware-recorded CS=0x1b (CPL=3) -- requested 1032 bytes, returning heap pointer 0x555570001b80
milestone 31: syscall WRITE (process 3) -- hardware-recorded CS=0x1b (CPL=3) -- ptr=0x5555500066b2 len=17 -- raw bytes >>>
  case5 returned=
<<< end of write (17 bytes)
milestone 33: syscall WRITE (process 3) also reads its own private heap at 0x555570000000 -- marker byte 0x00 (' ')
milestone 31: syscall WRITE (process 3) -- hardware-recorded CS=0x1b (CPL=3) -- ptr=0x555560000e17 len=1 -- raw bytes >>>
4
<<< end of write (1 bytes)
milestone 33: syscall WRITE (process 3) also reads its own private heap at 0x555570000000 -- marker byte 0x00 (' ')
milestone 31: syscall WRITE (process 3) -- hardware-recorded CS=0x1b (CPL=3) -- ptr=0x555560000e17 len=1 -- raw bytes >>>
1
<<< end of write (1 bytes)
milestone 33: syscall WRITE (process 3) also reads its own private heap at 0x555570000000 -- marker byte 0x00 (' ')
milestone 31: syscall WRITE (process 3) -- hardware-recorded CS=0x1b (CPL=3) -- ptr=0x555550006723 len=15 -- raw bytes >>>
 (expected 41)

<<< end of write (15 bytes)
milestone 33: syscall WRITE (process 3) also reads its own private heap at 0x555570000000 -- marker byte 0x00 (' ')
milestone 31: syscall WRITE (process 3) -- hardware-recorded CS=0x1b (CPL=3) -- ptr=0x555550006732 len=34 -- raw bytes >>>
case5_two_vars_mul_sub_returns_41=
<<< end of write (34 bytes)
milestone 33: syscall WRITE (process 3) also reads its own private heap at 0x555570000000 -- marker byte 0x00 (' ')
milestone 31: syscall WRITE (process 3) -- hardware-recorded CS=0x1b (CPL=3) -- ptr=0x55555000627c len=4 -- raw bytes >>>
PASS
<<< end of write (4 bytes)
milestone 33: syscall WRITE (process 3) also reads its own private heap at 0x555570000000 -- marker byte 0x00 (' ')
milestone 31: syscall WRITE (process 3) -- hardware-recorded CS=0x1b (CPL=3) -- ptr=0x555550006294 len=1 -- raw bytes >>>
 
<<< end of write (1 bytes)
milestone 33: syscall WRITE (process 3) also reads its own private heap at 0x555570000000 -- marker byte 0x00 (' ')
milestone 31: syscall WRITE (process 3) -- hardware-recorded CS=0x1b (CPL=3) -- ptr=0x5555500063a8 len=1 -- raw bytes >>>


<<< end of write (1 bytes)
milestone 33: syscall WRITE (process 3) also reads its own private heap at 0x555570000000 -- marker byte 0x00 (' ')
milestone 87: syscall SBRK_RESET (process 3) -- hardware-recorded CS=0x1b (CPL=3) -- heap break rewound to 0x555570000000
milestone 33: syscall SBRK (process 3) -- hardware-recorded CS=0x1b (CPL=3) -- requested 6152 bytes, returning heap pointer 0x555570000000
milestone 33: syscall SBRK (process 3) -- hardware-recorded CS=0x1b (CPL=3) -- requested 56 bytes, returning heap pointer 0x555570001808
milestone 33: syscall SBRK (process 3) -- hardware-recorded CS=0x1b (CPL=3) -- requested 64 bytes, returning heap pointer 0x555570001840
milestone 33: syscall SBRK (process 3) -- hardware-recorded CS=0x1b (CPL=3) -- requested 56 bytes, returning heap pointer 0x555570001880
milestone 33: syscall SBRK (process 3) -- hardware-recorded CS=0x1b (CPL=3) -- requested 64 bytes, returning heap pointer 0x5555700018b8
milestone 33: syscall SBRK (process 3) -- hardware-recorded CS=0x1b (CPL=3) -- requested 64 bytes, returning heap pointer 0x5555700018f8
milestone 33: syscall SBRK (process 3) -- hardware-recorded CS=0x1b (CPL=3) -- requested 64 bytes, returning heap pointer 0x555570001938
milestone 33: syscall SBRK (process 3) -- hardware-recorded CS=0x1b (CPL=3) -- requested 64 bytes, returning heap pointer 0x555570001978
milestone 33: syscall SBRK (process 3) -- hardware-recorded CS=0x1b (CPL=3) -- requested 64 bytes, returning heap pointer 0x5555700019b8
milestone 33: syscall SBRK (process 3) -- hardware-recorded CS=0x1b (CPL=3) -- requested 56 bytes, returning heap pointer 0x5555700019f8
milestone 33: syscall SBRK (process 3) -- hardware-recorded CS=0x1b (CPL=3) -- requested 56 bytes, returning heap pointer 0x555570001a30
milestone 33: syscall SBRK (process 3) -- hardware-recorded CS=0x1b (CPL=3) -- requested 104 bytes, returning heap pointer 0x555570001a68
milestone 33: syscall SBRK (process 3) -- hardware-recorded CS=0x1b (CPL=3) -- requested 1032 bytes, returning heap pointer 0x555570001ad0
milestone 31: syscall WRITE (process 3) -- hardware-recorded CS=0x1b (CPL=3) -- ptr=0x555550006791 len=17 -- raw bytes >>>
  case6 returned=
<<< end of write (17 bytes)
milestone 33: syscall WRITE (process 3) also reads its own private heap at 0x555570000000 -- marker byte 0x00 (' ')
milestone 31: syscall WRITE (process 3) -- hardware-recorded CS=0x1b (CPL=3) -- ptr=0x555560000e17 len=1 -- raw bytes >>>
2
<<< end of write (1 bytes)
milestone 33: syscall WRITE (process 3) also reads its own private heap at 0x555570000000 -- marker byte 0x00 (' ')
milestone 31: syscall WRITE (process 3) -- hardware-recorded CS=0x1b (CPL=3) -- ptr=0x555560000e17 len=1 -- raw bytes >>>
8
<<< end of write (1 bytes)
milestone 33: syscall WRITE (process 3) also reads its own private heap at 0x555570000000 -- marker byte 0x00 (' ')
milestone 31: syscall WRITE (process 3) -- hardware-recorded CS=0x1b (CPL=3) -- ptr=0x5555500067a2 len=15 -- raw bytes >>>
 (expected 28)

<<< end of write (15 bytes)
milestone 33: syscall WRITE (process 3) also reads its own private heap at 0x555570000000 -- marker byte 0x00 (' ')
milestone 31: syscall WRITE (process 3) -- hardware-recorded CS=0x1b (CPL=3) -- ptr=0x5555500067b1 len=41 -- raw bytes >>>
case6_division_and_precedence_returns_28=
<<< end of write (41 bytes)
milestone 33: syscall WRITE (process 3) also reads its own private heap at 0x555570000000 -- marker byte 0x00 (' ')
milestone 31: syscall WRITE (process 3) -- hardware-recorded CS=0x1b (CPL=3) -- ptr=0x55555000627c len=4 -- raw bytes >>>
PASS
<<< end of write (4 bytes)
milestone 33: syscall WRITE (process 3) also reads its own private heap at 0x555570000000 -- marker byte 0x00 (' ')
milestone 31: syscall WRITE (process 3) -- hardware-recorded CS=0x1b (CPL=3) -- ptr=0x555550006294 len=1 -- raw bytes >>>
 
<<< end of write (1 bytes)
milestone 33: syscall WRITE (process 3) also reads its own private heap at 0x555570000000 -- marker byte 0x00 (' ')
milestone 31: syscall WRITE (process 3) -- hardware-recorded CS=0x1b (CPL=3) -- ptr=0x5555500063a8 len=1 -- raw bytes >>>


<<< end of write (1 bytes)
milestone 33: syscall WRITE (process 3) also reads its own private heap at 0x555570000000 -- marker byte 0x00 (' ')
milestone 33: syscall SBRK (process 3) -- hardware-recorded CS=0x1b (CPL=3) -- requested 6152 bytes, returning heap pointer 0x555570001ed8
milestone 57: demand-paged heap page 2 for process 3 (fault addr 0x555570002000) -- fresh zeroed physical frame 0x22d000 mapped, resuming the faulting instruction
milestone 33: syscall SBRK (process 3) -- hardware-recorded CS=0x1b (CPL=3) -- requested 56 bytes, returning heap pointer 0x5555700036e0
milestone 33: syscall SBRK (process 3) -- hardware-recorded CS=0x1b (CPL=3) -- requested 64 bytes, returning heap pointer 0x555570003718
milestone 33: syscall SBRK (process 3) -- hardware-recorded CS=0x1b (CPL=3) -- requested 56 bytes, returning heap pointer 0x555570003758
milestone 33: syscall SBRK (process 3) -- hardware-recorded CS=0x1b (CPL=3) -- requested 56 bytes, returning heap pointer 0x555570003790
milestone 33: syscall SBRK (process 3) -- hardware-recorded CS=0x1b (CPL=3) -- requested 104 bytes, returning heap pointer 0x5555700037c8
milestone 33: syscall SBRK (process 3) -- hardware-recorded CS=0x1b (CPL=3) -- requested 1032 bytes, returning heap pointer 0x555570003830
milestone 31: syscall WRITE (process 3) -- hardware-recorded CS=0x1b (CPL=3) -- ptr=0x5555500067f9 len=65 -- raw bytes >>>
  case7 real codegen error -- undeclared variable at byte offset=
<<< end of write (65 bytes)
milestone 33: syscall WRITE (process 3) also reads its own private heap at 0x555570000000 -- marker byte 0x00 (' ')
milestone 31: syscall WRITE (process 3) -- hardware-recorded CS=0x1b (CPL=3) -- ptr=0x555560000e17 len=1 -- raw bytes >>>
2
<<< end of write (1 bytes)
milestone 33: syscall WRITE (process 3) also reads its own private heap at 0x555570000000 -- marker byte 0x00 (' ')
milestone 31: syscall WRITE (process 3) -- hardware-recorded CS=0x1b (CPL=3) -- ptr=0x555560000e17 len=1 -- raw bytes >>>
7
<<< end of write (1 bytes)
milestone 33: syscall WRITE (process 3) also reads its own private heap at 0x555570000000 -- marker byte 0x00 (' ')
milestone 31: syscall WRITE (process 3) -- hardware-recorded CS=0x1b (CPL=3) -- ptr=0x5555500063a8 len=1 -- raw bytes >>>


<<< end of write (1 bytes)
milestone 33: syscall WRITE (process 3) also reads its own private heap at 0x555570000000 -- marker byte 0x00 (' ')
milestone 31: syscall WRITE (process 3) -- hardware-recorded CS=0x1b (CPL=3) -- ptr=0x5555500068cc len=44 -- raw bytes >>>
case7_undeclared_variable_error_at_offset27=
<<< end of write (44 bytes)
milestone 33: syscall WRITE (process 3) also reads its own private heap at 0x555570000000 -- marker byte 0x00 (' ')
milestone 31: syscall WRITE (process 3) -- hardware-recorded CS=0x1b (CPL=3) -- ptr=0x55555000627c len=4 -- raw bytes >>>
PASS
<<< end of write (4 bytes)
milestone 33: syscall WRITE (process 3) also reads its own private heap at 0x555570000000 -- marker byte 0x00 (' ')
milestone 31: syscall WRITE (process 3) -- hardware-recorded CS=0x1b (CPL=3) -- ptr=0x555550006294 len=1 -- raw bytes >>>
 
<<< end of write (1 bytes)
milestone 33: syscall WRITE (process 3) also reads its own private heap at 0x555570000000 -- marker byte 0x00 (' ')
milestone 31: syscall WRITE (process 3) -- hardware-recorded CS=0x1b (CPL=3) -- ptr=0x5555500063a8 len=1 -- raw bytes >>>


<<< end of write (1 bytes)
milestone 33: syscall WRITE (process 3) also reads its own private heap at 0x555570000000 -- marker byte 0x00 (' ')
milestone 31: syscall WRITE (process 3) -- hardware-recorded CS=0x1b (CPL=3) -- ptr=0x5555500068f8 len=12 -- raw bytes >>>
OVERALL_M68=
<<< end of write (12 bytes)
milestone 33: syscall WRITE (process 3) also reads its own private heap at 0x555570000000 -- marker byte 0x00 (' ')
milestone 31: syscall WRITE (process 3) -- hardware-recorded CS=0x1b (CPL=3) -- ptr=0x55555000627c len=4 -- raw bytes >>>
PASS
<<< end of write (4 bytes)
milestone 33: syscall WRITE (process 3) also reads its own private heap at 0x555570000000 -- marker byte 0x00 (' ')
milestone 31: syscall WRITE (process 3) -- hardware-recorded CS=0x1b (CPL=3) -- ptr=0x555550006568 len=2 -- raw bytes >>>



<<< end of write (2 bytes)
milestone 33: syscall WRITE (process 3) also reads its own private heap at 0x555570000000 -- marker byte 0x00 (' ')
milestone 31: syscall WRITE (process 3) -- hardware-recorded CS=0x1b (CPL=3) -- ptr=0x555550006904 len=99 -- raw bytes >>>
milestone 69: cc ELF64 writer + real exec() (real on-disk executable, real kernel exec()) starting

<<< end of write (99 bytes)
milestone 33: syscall WRITE (process 3) also reads its own private heap at 0x555570000000 -- marker byte 0x00 (' ')
milestone 87: syscall SBRK_RESET (process 3) -- hardware-recorded CS=0x1b (CPL=3) -- heap break rewound to 0x555570000000
milestone 33: syscall SBRK (process 3) -- hardware-recorded CS=0x1b (CPL=3) -- requested 6152 bytes, returning heap pointer 0x555570000000
milestone 33: syscall SBRK (process 3) -- hardware-recorded CS=0x1b (CPL=3) -- requested 56 bytes, returning heap pointer 0x555570001808
milestone 33: syscall SBRK (process 3) -- hardware-recorded CS=0x1b (CPL=3) -- requested 64 bytes, returning heap pointer 0x555570001840
milestone 33: syscall SBRK (process 3) -- hardware-recorded CS=0x1b (CPL=3) -- requested 64 bytes, returning heap pointer 0x555570001880
milestone 33: syscall SBRK (process 3) -- hardware-recorded CS=0x1b (CPL=3) -- requested 64 bytes, returning heap pointer 0x5555700018c0
milestone 33: syscall SBRK (process 3) -- hardware-recorded CS=0x1b (CPL=3) -- requested 56 bytes, returning heap pointer 0x555570001900
milestone 33: syscall SBRK (process 3) -- hardware-recorded CS=0x1b (CPL=3) -- requested 64 bytes, returning heap pointer 0x555570001938
milestone 33: syscall SBRK (process 3) -- hardware-recorded CS=0x1b (CPL=3) -- requested 56 bytes, returning heap pointer 0x555570001978
milestone 33: syscall SBRK (process 3) -- hardware-recorded CS=0x1b (CPL=3) -- requested 56 bytes, returning heap pointer 0x5555700019b0
milestone 33: syscall SBRK (process 3) -- hardware-recorded CS=0x1b (CPL=3) -- requested 104 bytes, returning heap pointer 0x5555700019e8
milestone 33: syscall SBRK (process 3) -- hardware-recorded CS=0x1b (CPL=3) -- requested 1032 bytes, returning heap pointer 0x555570001a50
milestone 33: syscall SBRK (process 3) -- hardware-recorded CS=0x1b (CPL=3) -- requested 184 bytes, returning heap pointer 0x555570001e58
milestone 82: syscall OPEN_TRUNC (process 3) -- hardware-recorded CS=0x1b (CPL=3) -- path='ccout1' -> fd 0 (truncated)
milestone 35: syscall FDWRITE (process 3) -- hardware-recorded CS=0x1b (CPL=3) -- fd=0 requested=174 accepted=174 bytes
milestone 35: syscall CLOSE (process 3) -- fd 0 was dirty, persisted 174 bytes to 'ccout1' on the real on-disk filesystem
milestone 35: syscall CLOSE (process 3) -- hardware-recorded CS=0x1b (CPL=3) -- fd=0 closed successfully
milestone 30: process forked-child -- user p4 index computed as 170 (code 0x555550000000, stack 0x555560000000)
milestone 30: process forked-child -- new pml4 0x22e000 populated: 511 kernel-space entries shared, index 170 left private
milestone 30: process forked-child -- private code page mapped to frame 0x22f000, private stack page mapped to frame 0x230000
milestone 100: process forked-child -- 7 extra stack page(s) mapped below USER_STACK_ADDR (32 KiB total stack)
milestone 57: process forked-child -- private heap RESERVED (not mapped): 64 pages at 0x555570000000..0x55557003ffff, 0 physical frames committed until a real page fault demand-pages one
milestone 34: process forked-child -- copied 4096 image bytes into private code frame 0x22f000
milestone 37: fork() -- child's code frame 0x22f000 holds a REAL byte-for-byte copy of the parent's code frame 0x204000 (independently verifiable: same virtual address USER_CODE_ADDR under either process's own CR3, genuinely different physical frames)
milestone 69: fork() -- child also got 15 extra code page(s) REALLY remapped+copied (real fix -- see extra_frames' own doc comment on Process for the bug this closes; a multi-page ELF-loaded parent's pages beyond page 0 used to be silently dropped by fork())
milestone 37: syscall FORK (process 3, 'elf-loaded') -- created child pid 14: pml4=0x22e000 code_frame=0x22f000 resume point rip=0x555550000b11 rsp=0x555560000e38
milestone 37: syscall FORK (process 3) -- hardware-recorded CS=0x1b (CPL=3) -- created child pid 14
milestone 37: wait() -- switching CR3 to forked child pid 14's own pml4 0x22e000, resuming at rip=0x555550000b11 rsp=0x555560000e38 (its own fork()-time snapshot, rax forced to 0)
milestone 36: process exec'd -- ELF validated: e_entry=0x555550000078 falls inside a mapped segment, 1 PT_LOAD segment(s), 1 total page(s), all within private p4 index 170
milestone 36: process exec'd -- new pml4 0x252000 populated: 511 kernel-space entries shared, index 170 left private
milestone 36: process exec'd -- mapped 1 PT_LOAD page(s): [(93824902758400, 2437120, 174, 5)]
milestone 36: process exec'd -- private stack page mapped to frame 0x257000
milestone 100: process exec'd -- 7 extra stack page(s) mapped below USER_STACK_ADDR (32 KiB total stack)
milestone 57: process exec'd -- private heap RESERVED (not mapped): 64 pages at 0x555570000000..0x55557003ffff, 0 physical frames committed until a real page fault demand-pages one
milestone 54: reclaim_process_frames('forked-child') -- freed 36 physical frame(s) back to the allocator's free list
milestone 45: syscall EXEC (process 14) -- REAL teardown-and-rebuild complete: new pml4=0x252000, new entry=0x555550000078 (real parsed e_entry), fd table/parent_pid/pgid preserved, CR3 switched
milestone 45: syscall EXEC (process 14) -- hardware-recorded CS=0x1b (CPL=3) -- REAL teardown-and-rebuild from 'ccout1' (174 real ELF bytes read from the on-disk filesystem), new address space, jumping directly into the real parsed entry 0x555550000078, never returning to the old one
milestone 30: syscall EXIT -- hardware-recorded CS=0x1b (CPL=3) -- discarding ring-3 context, resuming kernel context
milestone 37: wait() -- forked child pid 14 resumed in kernel context (its own exit() syscall ran; CR3 is currently the KERNEL's own, restored to the parent's by wait_for_child() next)
milestone 54: reclaim_process_frames('exec'd') -- freed 15 physical frame(s) back to the allocator's free list
milestone 43: syscall WAIT (process 3) -- child pid 14 ran to completion and was reaped (real exit code 42), CR3 restored to parent's own pml4 0x205000
milestone 43: syscall WAIT (process 3) -- hardware-recorded CS=0x1b (CPL=3) -- reaped child pid 14, exited normally with code 42
milestone 31: syscall WRITE (process 3) -- hardware-recorded CS=0x1b (CPL=3) -- ptr=0x555550006a21 len=70 -- raw bytes >>>
  real on-disk ELF written, real fork()+exec()+wait() -- child exited=
<<< end of write (70 bytes)
milestone 33: syscall WRITE (process 3) also reads its own private heap at 0x555570000000 -- marker byte 0x00 (' ')
milestone 31: syscall WRITE (process 3) -- hardware-recorded CS=0x1b (CPL=3) -- ptr=0x555550006280 len=4 -- raw bytes >>>
true
<<< end of write (4 bytes)
milestone 33: syscall WRITE (process 3) also reads its own private heap at 0x555570000000 -- marker byte 0x00 (' ')
milestone 31: syscall WRITE (process 3) -- hardware-recorded CS=0x1b (CPL=3) -- ptr=0x555550006703 len=16 -- raw bytes >>>
 real exit code=
<<< end of write (16 bytes)
milestone 33: syscall WRITE (process 3) also reads its own private heap at 0x555570000000 -- marker byte 0x00 (' ')
milestone 31: syscall WRITE (process 3) -- hardware-recorded CS=0x1b (CPL=3) -- ptr=0x555560000e17 len=1 -- raw bytes >>>
4
<<< end of write (1 bytes)
milestone 33: syscall WRITE (process 3) also reads its own private heap at 0x555570000000 -- marker byte 0x00 (' ')
milestone 31: syscall WRITE (process 3) -- hardware-recorded CS=0x1b (CPL=3) -- ptr=0x555560000e17 len=1 -- raw bytes >>>
2
<<< end of write (1 bytes)
milestone 33: syscall WRITE (process 3) also reads its own private heap at 0x555570000000 -- marker byte 0x00 (' ')
milestone 31: syscall WRITE (process 3) -- hardware-recorded CS=0x1b (CPL=3) -- ptr=0x555550006a6c len=28 -- raw bytes >>>
 (expected exited=true code=
<<< end of write (28 bytes)
milestone 33: syscall WRITE (process 3) also reads its own private heap at 0x555570000000 -- marker byte 0x00 (' ')
milestone 31: syscall WRITE (process 3) -- hardware-recorded CS=0x1b (CPL=3) -- ptr=0x555560000e17 len=1 -- raw bytes >>>
4
<<< end of write (1 bytes)
milestone 33: syscall WRITE (process 3) also reads its own private heap at 0x555570000000 -- marker byte 0x00 (' ')
milestone 31: syscall WRITE (process 3) -- hardware-recorded CS=0x1b (CPL=3) -- ptr=0x555560000e17 len=1 -- raw bytes >>>
2
<<< end of write (1 bytes)
milestone 33: syscall WRITE (process 3) also reads its own private heap at 0x555570000000 -- marker byte 0x00 (' ')
milestone 31: syscall WRITE (process 3) -- hardware-recorded CS=0x1b (CPL=3) -- ptr=0x555550006a88 len=2 -- raw bytes >>>
)

<<< end of write (2 bytes)
milestone 33: syscall WRITE (process 3) also reads its own private heap at 0x555570000000 -- marker byte 0x00 (' ')
milestone 31: syscall WRITE (process 3) -- hardware-recorded CS=0x1b (CPL=3) -- ptr=0x555550006b67 len=31 -- raw bytes >>>
case8_real_elf_exec_returns_42=
<<< end of write (31 bytes)
milestone 33: syscall WRITE (process 3) also reads its own private heap at 0x555570000000 -- marker byte 0x00 (' ')
milestone 31: syscall WRITE (process 3) -- hardware-recorded CS=0x1b (CPL=3) -- ptr=0x55555000627c len=4 -- raw bytes >>>
PASS
<<< end of write (4 bytes)
milestone 33: syscall WRITE (process 3) also reads its own private heap at 0x555570000000 -- marker byte 0x00 (' ')
milestone 31: syscall WRITE (process 3) -- hardware-recorded CS=0x1b (CPL=3) -- ptr=0x555550006294 len=1 -- raw bytes >>>
 
<<< end of write (1 bytes)
milestone 33: syscall WRITE (process 3) also reads its own private heap at 0x555570000000 -- marker byte 0x00 (' ')
milestone 31: syscall WRITE (process 3) -- hardware-recorded CS=0x1b (CPL=3) -- ptr=0x5555500063a8 len=1 -- raw bytes >>>


<<< end of write (1 bytes)
milestone 33: syscall WRITE (process 3) also reads its own private heap at 0x555570000000 -- marker byte 0x00 (' ')
milestone 33: syscall SBRK (process 3) -- hardware-recorded CS=0x1b (CPL=3) -- requested 6152 bytes, returning heap pointer 0x555570001f10
milestone 33: syscall SBRK (process 3) -- hardware-recorded CS=0x1b (CPL=3) -- requested 56 bytes, returning heap pointer 0x555570003718
milestone 33: syscall SBRK (process 3) -- hardware-recorded CS=0x1b (CPL=3) -- requested 56 bytes, returning heap pointer 0x555570003750
milestone 33: syscall SBRK (process 3) -- hardware-recorded CS=0x1b (CPL=3) -- requested 64 bytes, returning heap pointer 0x555570003788
milestone 33: syscall SBRK (process 3) -- hardware-recorded CS=0x1b (CPL=3) -- requested 56 bytes, returning heap pointer 0x5555700037c8
milestone 33: syscall SBRK (process 3) -- hardware-recorded CS=0x1b (CPL=3) -- requested 64 bytes, returning heap pointer 0x555570003800
milestone 33: syscall SBRK (process 3) -- hardware-recorded CS=0x1b (CPL=3) -- requested 64 bytes, returning heap pointer 0x555570003840
milestone 33: syscall SBRK (process 3) -- hardware-recorded CS=0x1b (CPL=3) -- requested 64 bytes, returning heap pointer 0x555570003880
milestone 33: syscall SBRK (process 3) -- hardware-recorded CS=0x1b (CPL=3) -- requested 56 bytes, returning heap pointer 0x5555700038c0
milestone 33: syscall SBRK (process 3) -- hardware-recorded CS=0x1b (CPL=3) -- requested 64 bytes, returning heap pointer 0x5555700038f8
milestone 33: syscall SBRK (process 3) -- hardware-recorded CS=0x1b (CPL=3) -- requested 64 bytes, returning heap pointer 0x555570003938
milestone 33: syscall SBRK (process 3) -- hardware-recorded CS=0x1b (CPL=3) -- requested 64 bytes, returning heap pointer 0x555570003978
milestone 33: syscall SBRK (process 3) -- hardware-recorded CS=0x1b (CPL=3) -- requested 56 bytes, returning heap pointer 0x5555700039b8
milestone 33: syscall SBRK (process 3) -- hardware-recorded CS=0x1b (CPL=3) -- requested 56 bytes, returning heap pointer 0x5555700039f0
milestone 33: syscall SBRK (process 3) -- hardware-recorded CS=0x1b (CPL=3) -- requested 104 bytes, returning heap pointer 0x555570003a28
milestone 33: syscall SBRK (process 3) -- hardware-recorded CS=0x1b (CPL=3) -- requested 1032 bytes, returning heap pointer 0x555570003a90
milestone 33: syscall SBRK (process 3) -- hardware-recorded CS=0x1b (CPL=3) -- requested 208 bytes, returning heap pointer 0x555570003e98
milestone 82: syscall OPEN_TRUNC (process 3) -- hardware-recorded CS=0x1b (CPL=3) -- path='ccout2' -> fd 0 (truncated)
milestone 35: syscall FDWRITE (process 3) -- hardware-recorded CS=0x1b (CPL=3) -- fd=0 requested=196 accepted=196 bytes
milestone 35: syscall CLOSE (process 3) -- fd 0 was dirty, persisted 196 bytes to 'ccout2' on the real on-disk filesystem
milestone 35: syscall CLOSE (process 3) -- hardware-recorded CS=0x1b (CPL=3) -- fd=0 closed successfully
milestone 30: process forked-child -- user p4 index computed as 170 (code 0x555550000000, stack 0x555560000000)
milestone 30: process forked-child -- new pml4 0x260000 populated: 511 kernel-space entries shared, index 170 left private
milestone 30: process forked-child -- private code page mapped to frame 0x25f000, private stack page mapped to frame 0x25e000
milestone 100: process forked-child -- 7 extra stack page(s) mapped below USER_STACK_ADDR (32 KiB total stack)
milestone 57: process forked-child -- private heap RESERVED (not mapped): 64 pages at 0x555570000000..0x55557003ffff, 0 physical frames committed until a real page fault demand-pages one
milestone 34: process forked-child -- copied 4096 image bytes into private code frame 0x25f000
milestone 37: fork() -- child's code frame 0x25f000 holds a REAL byte-for-byte copy of the parent's code frame 0x204000 (independently verifiable: same virtual address USER_CODE_ADDR under either process's own CR3, genuinely different physical frames)
milestone 69: fork() -- child also got 15 extra code page(s) REALLY remapped+copied (real fix -- see extra_frames' own doc comment on Process for the bug this closes; a multi-page ELF-loaded parent's pages beyond page 0 used to be silently dropped by fork())
milestone 37: syscall FORK (process 3, 'elf-loaded') -- created child pid 14: pml4=0x260000 code_frame=0x25f000 resume point rip=0x555550000cff rsp=0x555560000e38
milestone 37: syscall FORK (process 3) -- hardware-recorded CS=0x1b (CPL=3) -- created child pid 14
milestone 37: wait() -- switching CR3 to forked child pid 14's own pml4 0x260000, resuming at rip=0x555550000cff rsp=0x555560000e38 (its own fork()-time snapshot, rax forced to 0)
milestone 36: process exec'd -- ELF validated: e_entry=0x555550000078 falls inside a mapped segment, 1 PT_LOAD segment(s), 1 total page(s), all within private p4 index 170
milestone 36: process exec'd -- new pml4 0x23b000 populated: 511 kernel-space entries shared, index 170 left private
milestone 36: process exec'd -- mapped 1 PT_LOAD page(s): [(93824902758400, 2334720, 196, 5)]
milestone 36: process exec'd -- private stack page mapped to frame 0x235000
milestone 100: process exec'd -- 7 extra stack page(s) mapped below USER_STACK_ADDR (32 KiB total stack)
milestone 57: process exec'd -- private heap RESERVED (not mapped): 64 pages at 0x555570000000..0x55557003ffff, 0 physical frames committed until a real page fault demand-pages one
milestone 54: reclaim_process_frames('forked-child') -- freed 36 physical frame(s) back to the allocator's free list
milestone 45: syscall EXEC (process 14) -- REAL teardown-and-rebuild complete: new pml4=0x23b000, new entry=0x555550000078 (real parsed e_entry), fd table/parent_pid/pgid preserved, CR3 switched
milestone 45: syscall EXEC (process 14) -- hardware-recorded CS=0x1b (CPL=3) -- REAL teardown-and-rebuild from 'ccout2' (196 real ELF bytes read from the on-disk filesystem), new address space, jumping directly into the real parsed entry 0x555550000078, never returning to the old one
milestone 30: syscall EXIT -- hardware-recorded CS=0x1b (CPL=3) -- discarding ring-3 context, resuming kernel context
milestone 37: wait() -- forked child pid 14 resumed in kernel context (its own exit() syscall ran; CR3 is currently the KERNEL's own, restored to the parent's by wait_for_child() next)
milestone 54: reclaim_process_frames('exec'd') -- freed 15 physical frame(s) back to the allocator's free list
milestone 43: syscall WAIT (process 3) -- child pid 14 ran to completion and was reaped (real exit code 25), CR3 restored to parent's own pml4 0x205000
milestone 43: syscall WAIT (process 3) -- hardware-recorded CS=0x1b (CPL=3) -- reaped child pid 14, exited normally with code 25
milestone 31: syscall WRITE (process 3) -- hardware-recorded CS=0x1b (CPL=3) -- ptr=0x555550006a21 len=70 -- raw bytes >>>
  real on-disk ELF written, real fork()+exec()+wait() -- child exited=
<<< end of write (70 bytes)
milestone 33: syscall WRITE (process 3) also reads its own private heap at 0x555570000000 -- marker byte 0x00 (' ')
milestone 31: syscall WRITE (process 3) -- hardware-recorded CS=0x1b (CPL=3) -- ptr=0x555550006280 len=4 -- raw bytes >>>
true
<<< end of write (4 bytes)
milestone 33: syscall WRITE (process 3) also reads its own private heap at 0x555570000000 -- marker byte 0x00 (' ')
milestone 31: syscall WRITE (process 3) -- hardware-recorded CS=0x1b (CPL=3) -- ptr=0x555550006703 len=16 -- raw bytes >>>
 real exit code=
<<< end of write (16 bytes)
milestone 33: syscall WRITE (process 3) also reads its own private heap at 0x555570000000 -- marker byte 0x00 (' ')
milestone 31: syscall WRITE (process 3) -- hardware-recorded CS=0x1b (CPL=3) -- ptr=0x555560000e17 len=1 -- raw bytes >>>
2
<<< end of write (1 bytes)
milestone 33: syscall WRITE (process 3) also reads its own private heap at 0x555570000000 -- marker byte 0x00 (' ')
milestone 31: syscall WRITE (process 3) -- hardware-recorded CS=0x1b (CPL=3) -- ptr=0x555560000e17 len=1 -- raw bytes >>>
5
<<< end of write (1 bytes)
milestone 33: syscall WRITE (process 3) also reads its own private heap at 0x555570000000 -- marker byte 0x00 (' ')
milestone 31: syscall WRITE (process 3) -- hardware-recorded CS=0x1b (CPL=3) -- ptr=0x555550006a6c len=28 -- raw bytes >>>
 (expected exited=true code=
<<< end of write (28 bytes)
milestone 33: syscall WRITE (process 3) also reads its own private heap at 0x555570000000 -- marker byte 0x00 (' ')
milestone 31: syscall WRITE (process 3) -- hardware-recorded CS=0x1b (CPL=3) -- ptr=0x555560000e17 len=1 -- raw bytes >>>
2
<<< end of write (1 bytes)
milestone 33: syscall WRITE (process 3) also reads its own private heap at 0x555570000000 -- marker byte 0x00 (' ')
milestone 31: syscall WRITE (process 3) -- hardware-recorded CS=0x1b (CPL=3) -- ptr=0x555560000e17 len=1 -- raw bytes >>>
5
<<< end of write (1 bytes)
milestone 33: syscall WRITE (process 3) also reads its own private heap at 0x555570000000 -- marker byte 0x00 (' ')
milestone 31: syscall WRITE (process 3) -- hardware-recorded CS=0x1b (CPL=3) -- ptr=0x555550006a88 len=2 -- raw bytes >>>
)

<<< end of write (2 bytes)
milestone 33: syscall WRITE (process 3) also reads its own private heap at 0x555570000000 -- marker byte 0x00 (' ')
milestone 31: syscall WRITE (process 3) -- hardware-recorded CS=0x1b (CPL=3) -- ptr=0x555550006c03 len=44 -- raw bytes >>>
case9_fresh_source_real_elf_exec_returns_25=
<<< end of write (44 bytes)
milestone 33: syscall WRITE (process 3) also reads its own private heap at 0x555570000000 -- marker byte 0x00 (' ')
milestone 31: syscall WRITE (process 3) -- hardware-recorded CS=0x1b (CPL=3) -- ptr=0x55555000627c len=4 -- raw bytes >>>
PASS
<<< end of write (4 bytes)
milestone 33: syscall WRITE (process 3) also reads its own private heap at 0x555570000000 -- marker byte 0x00 (' ')
milestone 31: syscall WRITE (process 3) -- hardware-recorded CS=0x1b (CPL=3) -- ptr=0x555550006294 len=1 -- raw bytes >>>
 
<<< end of write (1 bytes)
milestone 33: syscall WRITE (process 3) also reads its own private heap at 0x555570000000 -- marker byte 0x00 (' ')
milestone 31: syscall WRITE (process 3) -- hardware-recorded CS=0x1b (CPL=3) -- ptr=0x5555500063a8 len=1 -- raw bytes >>>


<<< end of write (1 bytes)
milestone 33: syscall WRITE (process 3) also reads its own private heap at 0x555570000000 -- marker byte 0x00 (' ')
milestone 33: syscall SBRK (process 3) -- hardware-recorded CS=0x1b (CPL=3) -- requested 6152 bytes, returning heap pointer 0x555570003f68
milestone 33: syscall SBRK (process 3) -- hardware-recorded CS=0x1b (CPL=3) -- requested 56 bytes, returning heap pointer 0x555570005770
milestone 57: demand-paged heap page 5 for process 3 (fault addr 0x555570005770) -- fresh zeroed physical frame 0x233000 mapped, resuming the faulting instruction
milestone 33: syscall SBRK (process 3) -- hardware-recorded CS=0x1b (CPL=3) -- requested 64 bytes, returning heap pointer 0x5555700057a8
milestone 33: syscall SBRK (process 3) -- hardware-recorded CS=0x1b (CPL=3) -- requested 56 bytes, returning heap pointer 0x5555700057e8
milestone 33: syscall SBRK (process 3) -- hardware-recorded CS=0x1b (CPL=3) -- requested 64 bytes, returning heap pointer 0x555570005820
milestone 33: syscall SBRK (process 3) -- hardware-recorded CS=0x1b (CPL=3) -- requested 64 bytes, returning heap pointer 0x555570005860
milestone 33: syscall SBRK (process 3) -- hardware-recorded CS=0x1b (CPL=3) -- requested 64 bytes, returning heap pointer 0x5555700058a0
milestone 33: syscall SBRK (process 3) -- hardware-recorded CS=0x1b (CPL=3) -- requested 64 bytes, returning heap pointer 0x5555700058e0
milestone 33: syscall SBRK (process 3) -- hardware-recorded CS=0x1b (CPL=3) -- requested 64 bytes, returning heap pointer 0x555570005920
milestone 33: syscall SBRK (process 3) -- hardware-recorded CS=0x1b (CPL=3) -- requested 56 bytes, returning heap pointer 0x555570005960
milestone 33: syscall SBRK (process 3) -- hardware-recorded CS=0x1b (CPL=3) -- requested 56 bytes, returning heap pointer 0x555570005998
milestone 33: syscall SBRK (process 3) -- hardware-recorded CS=0x1b (CPL=3) -- requested 104 bytes, returning heap pointer 0x5555700059d0
milestone 33: syscall SBRK (process 3) -- hardware-recorded CS=0x1b (CPL=3) -- requested 1032 bytes, returning heap pointer 0x555570005a38
milestone 33: syscall SBRK (process 3) -- hardware-recorded CS=0x1b (CPL=3) -- requested 200 bytes, returning heap pointer 0x555570005e40
milestone 82: syscall OPEN_TRUNC (process 3) -- hardware-recorded CS=0x1b (CPL=3) -- path='ccout1' -> fd 0 (truncated)
milestone 35: syscall FDWRITE (process 3) -- hardware-recorded CS=0x1b (CPL=3) -- fd=0 requested=189 accepted=189 bytes
milestone 35: syscall CLOSE (process 3) -- fd 0 was dirty, persisted 189 bytes to 'ccout1' on the real on-disk filesystem
milestone 35: syscall CLOSE (process 3) -- hardware-recorded CS=0x1b (CPL=3) -- fd=0 closed successfully
milestone 30: process forked-child -- user p4 index computed as 170 (code 0x555550000000, stack 0x555560000000)
milestone 30: process forked-child -- new pml4 0x236000 populated: 511 kernel-space entries shared, index 170 left private
milestone 30: process forked-child -- private code page mapped to frame 0x234000, private stack page mapped to frame 0x23e000
milestone 100: process forked-child -- 7 extra stack page(s) mapped below USER_STACK_ADDR (32 KiB total stack)
milestone 57: process forked-child -- private heap RESERVED (not mapped): 64 pages at 0x555570000000..0x55557003ffff, 0 physical frames committed until a real page fault demand-pages one
milestone 34: process forked-child -- copied 4096 image bytes into private code frame 0x234000
milestone 37: fork() -- child's code frame 0x234000 holds a REAL byte-for-byte copy of the parent's code frame 0x204000 (independently verifiable: same virtual address USER_CODE_ADDR under either process's own CR3, genuinely different physical frames)
milestone 69: fork() -- child also got 15 extra code page(s) REALLY remapped+copied (real fix -- see extra_frames' own doc comment on Process for the bug this closes; a multi-page ELF-loaded parent's pages beyond page 0 used to be silently dropped by fork())
milestone 37: syscall FORK (process 3, 'elf-loaded') -- created child pid 14: pml4=0x236000 code_frame=0x234000 resume point rip=0x555550000f0a rsp=0x555560000e38
milestone 37: syscall FORK (process 3) -- hardware-recorded CS=0x1b (CPL=3) -- created child pid 14
milestone 37: wait() -- switching CR3 to forked child pid 14's own pml4 0x236000, resuming at rip=0x555550000f0a rsp=0x555560000e38 (its own fork()-time snapshot, rax forced to 0)
milestone 36: process exec'd -- ELF validated: e_entry=0x555550000078 falls inside a mapped segment, 1 PT_LOAD segment(s), 1 total page(s), all within private p4 index 170
milestone 36: process exec'd -- new pml4 0x255000 populated: 511 kernel-space entries shared, index 170 left private
milestone 36: process exec'd -- mapped 1 PT_LOAD page(s): [(93824902758400, 2441216, 189, 5)]
milestone 36: process exec'd -- private stack page mapped to frame 0x25f000
milestone 100: process exec'd -- 7 extra stack page(s) mapped below USER_STACK_ADDR (32 KiB total stack)
milestone 57: process exec'd -- private heap RESERVED (not mapped): 64 pages at 0x555570000000..0x55557003ffff, 0 physical frames committed until a real page fault demand-pages one
milestone 54: reclaim_process_frames('forked-child') -- freed 37 physical frame(s) back to the allocator's free list
milestone 45: syscall EXEC (process 14) -- REAL teardown-and-rebuild complete: new pml4=0x255000, new entry=0x555550000078 (real parsed e_entry), fd table/parent_pid/pgid preserved, CR3 switched
milestone 45: syscall EXEC (process 14) -- hardware-recorded CS=0x1b (CPL=3) -- REAL teardown-and-rebuild from 'ccout1' (189 real ELF bytes read from the on-disk filesystem), new address space, jumping directly into the real parsed entry 0x555550000078, never returning to the old one
milestone 30: syscall EXIT -- hardware-recorded CS=0x1b (CPL=3) -- discarding ring-3 context, resuming kernel context
milestone 37: wait() -- forked child pid 14 resumed in kernel context (its own exit() syscall ran; CR3 is currently the KERNEL's own, restored to the parent's by wait_for_child() next)
milestone 54: reclaim_process_frames('exec'd') -- freed 15 physical frame(s) back to the allocator's free list
milestone 43: syscall WAIT (process 3) -- child pid 14 ran to completion and was reaped (real exit code 28), CR3 restored to parent's own pml4 0x205000
milestone 43: syscall WAIT (process 3) -- hardware-recorded CS=0x1b (CPL=3) -- reaped child pid 14, exited normally with code 28
milestone 31: syscall WRITE (process 3) -- hardware-recorded CS=0x1b (CPL=3) -- ptr=0x555550006a21 len=70 -- raw bytes >>>
  real on-disk ELF written, real fork()+exec()+wait() -- child exited=
<<< end of write (70 bytes)
milestone 33: syscall WRITE (process 3) also reads its own private heap at 0x555570000000 -- marker byte 0x00 (' ')
milestone 31: syscall WRITE (process 3) -- hardware-recorded CS=0x1b (CPL=3) -- ptr=0x555550006280 len=4 -- raw bytes >>>
true
<<< end of write (4 bytes)
milestone 33: syscall WRITE (process 3) also reads its own private heap at 0x555570000000 -- marker byte 0x00 (' ')
milestone 31: syscall WRITE (process 3) -- hardware-recorded CS=0x1b (CPL=3) -- ptr=0x555550006703 len=16 -- raw bytes >>>
 real exit code=
<<< end of write (16 bytes)
milestone 33: syscall WRITE (process 3) also reads its own private heap at 0x555570000000 -- marker byte 0x00 (' ')
milestone 31: syscall WRITE (process 3) -- hardware-recorded CS=0x1b (CPL=3) -- ptr=0x555560000e17 len=1 -- raw bytes >>>
2
<<< end of write (1 bytes)
milestone 33: syscall WRITE (process 3) also reads its own private heap at 0x555570000000 -- marker byte 0x00 (' ')
milestone 31: syscall WRITE (process 3) -- hardware-recorded CS=0x1b (CPL=3) -- ptr=0x555560000e17 len=1 -- raw bytes >>>
8
<<< end of write (1 bytes)
milestone 33: syscall WRITE (process 3) also reads its own private heap at 0x555570000000 -- marker byte 0x00 (' ')
milestone 31: syscall WRITE (process 3) -- hardware-recorded CS=0x1b (CPL=3) -- ptr=0x555550006a6c len=28 -- raw bytes >>>
 (expected exited=true code=
<<< end of write (28 bytes)
milestone 33: syscall WRITE (process 3) also reads its own private heap at 0x555570000000 -- marker byte 0x00 (' ')
milestone 31: syscall WRITE (process 3) -- hardware-recorded CS=0x1b (CPL=3) -- ptr=0x555560000e17 len=1 -- raw bytes >>>
2
<<< end of write (1 bytes)
milestone 33: syscall WRITE (process 3) also reads its own private heap at 0x555570000000 -- marker byte 0x00 (' ')
milestone 31: syscall WRITE (process 3) -- hardware-recorded CS=0x1b (CPL=3) -- ptr=0x555560000e17 len=1 -- raw bytes >>>
8
<<< end of write (1 bytes)
milestone 33: syscall WRITE (process 3) also reads its own private heap at 0x555570000000 -- marker byte 0x00 (' ')
milestone 31: syscall WRITE (process 3) -- hardware-recorded CS=0x1b (CPL=3) -- ptr=0x555550006a88 len=2 -- raw bytes >>>
)

<<< end of write (2 bytes)
milestone 33: syscall WRITE (process 3) also reads its own private heap at 0x555570000000 -- marker byte 0x00 (' ')
milestone 31: syscall WRITE (process 3) -- hardware-recorded CS=0x1b (CPL=3) -- ptr=0x555550006c56 len=41 -- raw bytes >>>
case10_division_real_elf_exec_returns_28=
<<< end of write (41 bytes)
milestone 33: syscall WRITE (process 3) also reads its own private heap at 0x555570000000 -- marker byte 0x00 (' ')
milestone 31: syscall WRITE (process 3) -- hardware-recorded CS=0x1b (CPL=3) -- ptr=0x55555000627c len=4 -- raw bytes >>>
PASS
<<< end of write (4 bytes)
milestone 33: syscall WRITE (process 3) also reads its own private heap at 0x555570000000 -- marker byte 0x00 (' ')
milestone 31: syscall WRITE (process 3) -- hardware-recorded CS=0x1b (CPL=3) -- ptr=0x555550006294 len=1 -- raw bytes >>>
 
<<< end of write (1 bytes)
milestone 33: syscall WRITE (process 3) also reads its own private heap at 0x555570000000 -- marker byte 0x00 (' ')
milestone 31: syscall WRITE (process 3) -- hardware-recorded CS=0x1b (CPL=3) -- ptr=0x5555500063a8 len=1 -- raw bytes >>>


<<< end of write (1 bytes)
milestone 33: syscall WRITE (process 3) also reads its own private heap at 0x555570000000 -- marker byte 0x00 (' ')
milestone 31: syscall WRITE (process 3) -- hardware-recorded CS=0x1b (CPL=3) -- ptr=0x555550006c7f len=12 -- raw bytes >>>
OVERALL_M69=
<<< end of write (12 bytes)
milestone 33: syscall WRITE (process 3) also reads its own private heap at 0x555570000000 -- marker byte 0x00 (' ')
milestone 31: syscall WRITE (process 3) -- hardware-recorded CS=0x1b (CPL=3) -- ptr=0x55555000627c len=4 -- raw bytes >>>
PASS
<<< end of write (4 bytes)
milestone 33: syscall WRITE (process 3) also reads its own private heap at 0x555570000000 -- marker byte 0x00 (' ')
milestone 31: syscall WRITE (process 3) -- hardware-recorded CS=0x1b (CPL=3) -- ptr=0x555550006568 len=2 -- raw bytes >>>



<<< end of write (2 bytes)
milestone 33: syscall WRITE (process 3) also reads its own private heap at 0x555570000000 -- marker byte 0x00 (' ')
milestone 31: syscall WRITE (process 3) -- hardware-recorded CS=0x1b (CPL=3) -- ptr=0x555550006c8b len=50 -- raw bytes >>>
case8_reparse_no_longer_leans_on_stale_func1_heap=
<<< end of write (50 bytes)
milestone 33: syscall WRITE (process 3) also reads its own private heap at 0x555570000000 -- marker byte 0x00 (' ')
milestone 31: syscall WRITE (process 3) -- hardware-recorded CS=0x1b (CPL=3) -- ptr=0x55555000627c len=4 -- raw bytes >>>
PASS
<<< end of write (4 bytes)
milestone 33: syscall WRITE (process 3) also reads its own private heap at 0x555570000000 -- marker byte 0x00 (' ')
milestone 31: syscall WRITE (process 3) -- hardware-recorded CS=0x1b (CPL=3) -- ptr=0x555550006294 len=1 -- raw bytes >>>
 
<<< end of write (1 bytes)
milestone 33: syscall WRITE (process 3) also reads its own private heap at 0x555570000000 -- marker byte 0x00 (' ')
milestone 31: syscall WRITE (process 3) -- hardware-recorded CS=0x1b (CPL=3) -- ptr=0x555550006cbd len=35 -- raw bytes >>>
m96_overall_m69_regression_cleared=
<<< end of write (35 bytes)
milestone 33: syscall WRITE (process 3) also reads its own private heap at 0x555570000000 -- marker byte 0x00 (' ')
milestone 31: syscall WRITE (process 3) -- hardware-recorded CS=0x1b (CPL=3) -- ptr=0x55555000627c len=4 -- raw bytes >>>
PASS
<<< end of write (4 bytes)
milestone 33: syscall WRITE (process 3) also reads its own private heap at 0x555570000000 -- marker byte 0x00 (' ')
milestone 31: syscall WRITE (process 3) -- hardware-recorded CS=0x1b (CPL=3) -- ptr=0x555550006294 len=1 -- raw bytes >>>
 
<<< end of write (1 bytes)
milestone 33: syscall WRITE (process 3) also reads its own private heap at 0x555570000000 -- marker byte 0x00 (' ')
milestone 31: syscall WRITE (process 3) -- hardware-recorded CS=0x1b (CPL=3) -- ptr=0x555550006ce0 len=12 -- raw bytes >>>
OVERALL_M96=
<<< end of write (12 bytes)
milestone 33: syscall WRITE (process 3) also reads its own private heap at 0x555570000000 -- marker byte 0x00 (' ')
milestone 31: syscall WRITE (process 3) -- hardware-recorded CS=0x1b (CPL=3) -- ptr=0x55555000627c len=4 -- raw bytes >>>
PASS
<<< end of write (4 bytes)
milestone 33: syscall WRITE (process 3) also reads its own private heap at 0x555570000000 -- marker byte 0x00 (' ')
milestone 31: syscall WRITE (process 3) -- hardware-recorded CS=0x1b (CPL=3) -- ptr=0x555550006568 len=2 -- raw bytes >>>



<<< end of write (2 bytes)
milestone 33: syscall WRITE (process 3) also reads its own private heap at 0x555570000000 -- marker byte 0x00 (' ')
milestone 31: syscall WRITE (process 3) -- hardware-recorded CS=0x1b (CPL=3) -- ptr=0x555550006cec len=88 -- raw bytes >>>
milestone 70: cc comparisons + if/else (real conditional jumps, both branches) starting

<<< end of write (88 bytes)
milestone 33: syscall WRITE (process 3) also reads its own private heap at 0x555570000000 -- marker byte 0x00 (' ')
milestone 87: syscall SBRK_RESET (process 3) -- hardware-recorded CS=0x1b (CPL=3) -- heap break rewound to 0x555570000000
milestone 33: syscall SBRK (process 3) -- hardware-recorded CS=0x1b (CPL=3) -- requested 6152 bytes, returning heap pointer 0x555570000000
milestone 33: syscall SBRK (process 3) -- hardware-recorded CS=0x1b (CPL=3) -- requested 56 bytes, returning heap pointer 0x555570001808
milestone 33: syscall SBRK (process 3) -- hardware-recorded CS=0x1b (CPL=3) -- requested 56 bytes, returning heap pointer 0x555570001840
milestone 33: syscall SBRK (process 3) -- hardware-recorded CS=0x1b (CPL=3) -- requested 64 bytes, returning heap pointer 0x555570001878
milestone 33: syscall SBRK (process 3) -- hardware-recorded CS=0x1b (CPL=3) -- requested 56 bytes, returning heap pointer 0x5555700018b8
milestone 33: syscall SBRK (process 3) -- hardware-recorded CS=0x1b (CPL=3) -- requested 64 bytes, returning heap pointer 0x5555700018f0
milestone 33: syscall SBRK (process 3) -- hardware-recorded CS=0x1b (CPL=3) -- requested 56 bytes, returning heap pointer 0x555570001930
milestone 33: syscall SBRK (process 3) -- hardware-recorded CS=0x1b (CPL=3) -- requested 64 bytes, returning heap pointer 0x555570001968
milestone 33: syscall SBRK (process 3) -- hardware-recorded CS=0x1b (CPL=3) -- requested 64 bytes, returning heap pointer 0x5555700019a8
milestone 33: syscall SBRK (process 3) -- hardware-recorded CS=0x1b (CPL=3) -- requested 64 bytes, returning heap pointer 0x5555700019e8
milestone 33: syscall SBRK (process 3) -- hardware-recorded CS=0x1b (CPL=3) -- requested 64 bytes, returning heap pointer 0x555570001a28
milestone 33: syscall SBRK (process 3) -- hardware-recorded CS=0x1b (CPL=3) -- requested 64 bytes, returning heap pointer 0x555570001a68
milestone 33: syscall SBRK (process 3) -- hardware-recorded CS=0x1b (CPL=3) -- requested 64 bytes, returning heap pointer 0x555570001aa8
milestone 33: syscall SBRK (process 3) -- hardware-recorded CS=0x1b (CPL=3) -- requested 64 bytes, returning heap pointer 0x555570001ae8
milestone 33: syscall SBRK (process 3) -- hardware-recorded CS=0x1b (CPL=3) -- requested 64 bytes, returning heap pointer 0x555570001b28
milestone 33: syscall SBRK (process 3) -- hardware-recorded CS=0x1b (CPL=3) -- requested 64 bytes, returning heap pointer 0x555570001b68
milestone 33: syscall SBRK (process 3) -- hardware-recorded CS=0x1b (CPL=3) -- requested 64 bytes, returning heap pointer 0x555570001ba8
milestone 33: syscall SBRK (process 3) -- hardware-recorded CS=0x1b (CPL=3) -- requested 64 bytes, returning heap pointer 0x555570001be8
milestone 33: syscall SBRK (process 3) -- hardware-recorded CS=0x1b (CPL=3) -- requested 64 bytes, returning heap pointer 0x555570001c28
milestone 33: syscall SBRK (process 3) -- hardware-recorded CS=0x1b (CPL=3) -- requested 64 bytes, returning heap pointer 0x555570001c68
milestone 33: syscall SBRK (process 3) -- hardware-recorded CS=0x1b (CPL=3) -- requested 64 bytes, returning heap pointer 0x555570001ca8
milestone 33: syscall SBRK (process 3) -- hardware-recorded CS=0x1b (CPL=3) -- requested 64 bytes, returning heap pointer 0x555570001ce8
milestone 33: syscall SBRK (process 3) -- hardware-recorded CS=0x1b (CPL=3) -- requested 64 bytes, returning heap pointer 0x555570001d28
milestone 33: syscall SBRK (process 3) -- hardware-recorded CS=0x1b (CPL=3) -- requested 64 bytes, returning heap pointer 0x555570001d68
milestone 33: syscall SBRK (process 3) -- hardware-recorded CS=0x1b (CPL=3) -- requested 64 bytes, returning heap pointer 0x555570001da8
milestone 33: syscall SBRK (process 3) -- hardware-recorded CS=0x1b (CPL=3) -- requested 64 bytes, returning heap pointer 0x555570001de8
milestone 33: syscall SBRK (process 3) -- hardware-recorded CS=0x1b (CPL=3) -- requested 64 bytes, returning heap pointer 0x555570001e28
milestone 33: syscall SBRK (process 3) -- hardware-recorded CS=0x1b (CPL=3) -- requested 64 bytes, returning heap pointer 0x555570001e68
milestone 33: syscall SBRK (process 3) -- hardware-recorded CS=0x1b (CPL=3) -- requested 64 bytes, returning heap pointer 0x555570001ea8
milestone 33: syscall SBRK (process 3) -- hardware-recorded CS=0x1b (CPL=3) -- requested 64 bytes, returning heap pointer 0x555570001ee8
milestone 33: syscall SBRK (process 3) -- hardware-recorded CS=0x1b (CPL=3) -- requested 64 bytes, returning heap pointer 0x555570001f28
milestone 33: syscall SBRK (process 3) -- hardware-recorded CS=0x1b (CPL=3) -- requested 64 bytes, returning heap pointer 0x555570001f68
milestone 33: syscall SBRK (process 3) -- hardware-recorded CS=0x1b (CPL=3) -- requested 64 bytes, returning heap pointer 0x555570001fa8
milestone 33: syscall SBRK (process 3) -- hardware-recorded CS=0x1b (CPL=3) -- requested 64 bytes, returning heap pointer 0x555570001fe8
milestone 33: syscall SBRK (process 3) -- hardware-recorded CS=0x1b (CPL=3) -- requested 64 bytes, returning heap pointer 0x555570002028
milestone 33: syscall SBRK (process 3) -- hardware-recorded CS=0x1b (CPL=3) -- requested 64 bytes, returning heap pointer 0x555570002068
milestone 33: syscall SBRK (process 3) -- hardware-recorded CS=0x1b (CPL=3) -- requested 64 bytes, returning heap pointer 0x5555700020a8
milestone 33: syscall SBRK (process 3) -- hardware-recorded CS=0x1b (CPL=3) -- requested 64 bytes, returning heap pointer 0x5555700020e8
milestone 33: syscall SBRK (process 3) -- hardware-recorded CS=0x1b (CPL=3) -- requested 64 bytes, returning heap pointer 0x555570002128
milestone 33: syscall SBRK (process 3) -- hardware-recorded CS=0x1b (CPL=3) -- requested 64 bytes, returning heap pointer 0x555570002168
milestone 33: syscall SBRK (process 3) -- hardware-recorded CS=0x1b (CPL=3) -- requested 56 bytes, returning heap pointer 0x5555700021a8
milestone 33: syscall SBRK (process 3) -- hardware-recorded CS=0x1b (CPL=3) -- requested 56 bytes, returning heap pointer 0x5555700021e0
milestone 33: syscall SBRK (process 3) -- hardware-recorded CS=0x1b (CPL=3) -- requested 104 bytes, returning heap pointer 0x555570002218
milestone 33: syscall SBRK (process 3) -- hardware-recorded CS=0x1b (CPL=3) -- requested 1032 bytes, returning heap pointer 0x555570002280
milestone 31: syscall WRITE (process 3) -- hardware-recorded CS=0x1b (CPL=3) -- ptr=0x555550006dac len=47 -- raw bytes >>>
  case11 (all 6 comparisons, a=5,b=3) returned=
<<< end of write (47 bytes)
milestone 33: syscall WRITE (process 3) also reads its own private heap at 0x555570000000 -- marker byte 0x00 (' ')
milestone 31: syscall WRITE (process 3) -- hardware-recorded CS=0x1b (CPL=3) -- ptr=0x555560000e17 len=1 -- raw bytes >>>
1
<<< end of write (1 bytes)
milestone 33: syscall WRITE (process 3) also reads its own private heap at 0x555570000000 -- marker byte 0x00 (' ')
milestone 31: syscall WRITE (process 3) -- hardware-recorded CS=0x1b (CPL=3) -- ptr=0x555560000e17 len=1 -- raw bytes >>>
0
<<< end of write (1 bytes)
milestone 33: syscall WRITE (process 3) also reads its own private heap at 0x555570000000 -- marker byte 0x00 (' ')
milestone 31: syscall WRITE (process 3) -- hardware-recorded CS=0x1b (CPL=3) -- ptr=0x555560000e17 len=1 -- raw bytes >>>
1
<<< end of write (1 bytes)
milestone 33: syscall WRITE (process 3) also reads its own private heap at 0x555570000000 -- marker byte 0x00 (' ')
milestone 31: syscall WRITE (process 3) -- hardware-recorded CS=0x1b (CPL=3) -- ptr=0x555560000e17 len=1 -- raw bytes >>>
0
<<< end of write (1 bytes)
milestone 33: syscall WRITE (process 3) also reads its own private heap at 0x555570000000 -- marker byte 0x00 (' ')
milestone 31: syscall WRITE (process 3) -- hardware-recorded CS=0x1b (CPL=3) -- ptr=0x555560000e17 len=1 -- raw bytes >>>
1
<<< end of write (1 bytes)
milestone 33: syscall WRITE (process 3) also reads its own private heap at 0x555570000000 -- marker byte 0x00 (' ')
milestone 31: syscall WRITE (process 3) -- hardware-recorded CS=0x1b (CPL=3) -- ptr=0x555560000e17 len=1 -- raw bytes >>>
0
<<< end of write (1 bytes)
milestone 33: syscall WRITE (process 3) also reads its own private heap at 0x555570000000 -- marker byte 0x00 (' ')
milestone 31: syscall WRITE (process 3) -- hardware-recorded CS=0x1b (CPL=3) -- ptr=0x555550006ddb len=19 -- raw bytes >>>
 (expected 101010)

<<< end of write (19 bytes)
milestone 33: syscall WRITE (process 3) also reads its own private heap at 0x555570000000 -- marker byte 0x00 (' ')
milestone 31: syscall WRITE (process 3) -- hardware-recorded CS=0x1b (CPL=3) -- ptr=0x555550006dee len=41 -- raw bytes >>>
case11_all_six_comparisons_return_101010=
<<< end of write (41 bytes)
milestone 33: syscall WRITE (process 3) also reads its own private heap at 0x555570000000 -- marker byte 0x00 (' ')
milestone 31: syscall WRITE (process 3) -- hardware-recorded CS=0x1b (CPL=3) -- ptr=0x55555000627c len=4 -- raw bytes >>>
PASS
<<< end of write (4 bytes)
milestone 33: syscall WRITE (process 3) also reads its own private heap at 0x555570000000 -- marker byte 0x00 (' ')
milestone 31: syscall WRITE (process 3) -- hardware-recorded CS=0x1b (CPL=3) -- ptr=0x555550006294 len=1 -- raw bytes >>>
 
<<< end of write (1 bytes)
milestone 33: syscall WRITE (process 3) also reads its own private heap at 0x555570000000 -- marker byte 0x00 (' ')
milestone 31: syscall WRITE (process 3) -- hardware-recorded CS=0x1b (CPL=3) -- ptr=0x5555500063a8 len=1 -- raw bytes >>>


<<< end of write (1 bytes)
milestone 33: syscall WRITE (process 3) also reads its own private heap at 0x555570000000 -- marker byte 0x00 (' ')
milestone 87: syscall SBRK_RESET (process 3) -- hardware-recorded CS=0x1b (CPL=3) -- heap break rewound to 0x555570000000
milestone 33: syscall SBRK (process 3) -- hardware-recorded CS=0x1b (CPL=3) -- requested 6152 bytes, returning heap pointer 0x555570000000
milestone 33: syscall SBRK (process 3) -- hardware-recorded CS=0x1b (CPL=3) -- requested 56 bytes, returning heap pointer 0x555570001808
milestone 33: syscall SBRK (process 3) -- hardware-recorded CS=0x1b (CPL=3) -- requested 64 bytes, returning heap pointer 0x555570001840
milestone 33: syscall SBRK (process 3) -- hardware-recorded CS=0x1b (CPL=3) -- requested 56 bytes, returning heap pointer 0x555570001880
milestone 33: syscall SBRK (process 3) -- hardware-recorded CS=0x1b (CPL=3) -- requested 64 bytes, returning heap pointer 0x5555700018b8
milestone 33: syscall SBRK (process 3) -- hardware-recorded CS=0x1b (CPL=3) -- requested 64 bytes, returning heap pointer 0x5555700018f8
milestone 33: syscall SBRK (process 3) -- hardware-recorded CS=0x1b (CPL=3) -- requested 64 bytes, returning heap pointer 0x555570001938
milestone 33: syscall SBRK (process 3) -- hardware-recorded CS=0x1b (CPL=3) -- requested 64 bytes, returning heap pointer 0x555570001978
milestone 33: syscall SBRK (process 3) -- hardware-recorded CS=0x1b (CPL=3) -- requested 56 bytes, returning heap pointer 0x5555700019b8
milestone 33: syscall SBRK (process 3) -- hardware-recorded CS=0x1b (CPL=3) -- requested 64 bytes, returning heap pointer 0x5555700019f0
milestone 33: syscall SBRK (process 3) -- hardware-recorded CS=0x1b (CPL=3) -- requested 56 bytes, returning heap pointer 0x555570001a30
milestone 33: syscall SBRK (process 3) -- hardware-recorded CS=0x1b (CPL=3) -- requested 56 bytes, returning heap pointer 0x555570001a68
milestone 33: syscall SBRK (process 3) -- hardware-recorded CS=0x1b (CPL=3) -- requested 56 bytes, returning heap pointer 0x555570001aa0
milestone 33: syscall SBRK (process 3) -- hardware-recorded CS=0x1b (CPL=3) -- requested 104 bytes, returning heap pointer 0x555570001ad8
milestone 33: syscall SBRK (process 3) -- hardware-recorded CS=0x1b (CPL=3) -- requested 1032 bytes, returning heap pointer 0x555570001b40
milestone 31: syscall WRITE (process 3) -- hardware-recorded CS=0x1b (CPL=3) -- ptr=0x555550006e4f len=38 -- raw bytes >>>
  case13 (x=10, TRUE branch) returned=
<<< end of write (38 bytes)
milestone 33: syscall WRITE (process 3) also reads its own private heap at 0x555570000000 -- marker byte 0x00 (' ')
milestone 31: syscall WRITE (process 3) -- hardware-recorded CS=0x1b (CPL=3) -- ptr=0x555560000e17 len=1 -- raw bytes >>>
1
<<< end of write (1 bytes)
milestone 33: syscall WRITE (process 3) also reads its own private heap at 0x555570000000 -- marker byte 0x00 (' ')
milestone 31: syscall WRITE (process 3) -- hardware-recorded CS=0x1b (CPL=3) -- ptr=0x555550006e75 len=14 -- raw bytes >>>
 (expected 1)

<<< end of write (14 bytes)
milestone 33: syscall WRITE (process 3) also reads its own private heap at 0x555570000000 -- marker byte 0x00 (' ')
milestone 31: syscall WRITE (process 3) -- hardware-recorded CS=0x1b (CPL=3) -- ptr=0x555550006e83 len=37 -- raw bytes >>>
case13_if_else_true_branch_returns_1=
<<< end of write (37 bytes)
milestone 33: syscall WRITE (process 3) also reads its own private heap at 0x555570000000 -- marker byte 0x00 (' ')
milestone 31: syscall WRITE (process 3) -- hardware-recorded CS=0x1b (CPL=3) -- ptr=0x55555000627c len=4 -- raw bytes >>>
PASS
<<< end of write (4 bytes)
milestone 33: syscall WRITE (process 3) also reads its own private heap at 0x555570000000 -- marker byte 0x00 (' ')
milestone 31: syscall WRITE (process 3) -- hardware-recorded CS=0x1b (CPL=3) -- ptr=0x555550006294 len=1 -- raw bytes >>>
 
<<< end of write (1 bytes)
milestone 33: syscall WRITE (process 3) also reads its own private heap at 0x555570000000 -- marker byte 0x00 (' ')
milestone 31: syscall WRITE (process 3) -- hardware-recorded CS=0x1b (CPL=3) -- ptr=0x5555500063a8 len=1 -- raw bytes >>>


<<< end of write (1 bytes)
milestone 33: syscall WRITE (process 3) also reads its own private heap at 0x555570000000 -- marker byte 0x00 (' ')
milestone 87: syscall SBRK_RESET (process 3) -- hardware-recorded CS=0x1b (CPL=3) -- heap break rewound to 0x555570000000
milestone 33: syscall SBRK (process 3) -- hardware-recorded CS=0x1b (CPL=3) -- requested 6152 bytes, returning heap pointer 0x555570000000
milestone 33: syscall SBRK (process 3) -- hardware-recorded CS=0x1b (CPL=3) -- requested 56 bytes, returning heap pointer 0x555570001808
milestone 33: syscall SBRK (process 3) -- hardware-recorded CS=0x1b (CPL=3) -- requested 64 bytes, returning heap pointer 0x555570001840
milestone 33: syscall SBRK (process 3) -- hardware-recorded CS=0x1b (CPL=3) -- requested 56 bytes, returning heap pointer 0x555570001880
milestone 33: syscall SBRK (process 3) -- hardware-recorded CS=0x1b (CPL=3) -- requested 64 bytes, returning heap pointer 0x5555700018b8
milestone 33: syscall SBRK (process 3) -- hardware-recorded CS=0x1b (CPL=3) -- requested 64 bytes, returning heap pointer 0x5555700018f8
milestone 33: syscall SBRK (process 3) -- hardware-recorded CS=0x1b (CPL=3) -- requested 64 bytes, returning heap pointer 0x555570001938
milestone 33: syscall SBRK (process 3) -- hardware-recorded CS=0x1b (CPL=3) -- requested 64 bytes, returning heap pointer 0x555570001978
milestone 33: syscall SBRK (process 3) -- hardware-recorded CS=0x1b (CPL=3) -- requested 56 bytes, returning heap pointer 0x5555700019b8
milestone 33: syscall SBRK (process 3) -- hardware-recorded CS=0x1b (CPL=3) -- requested 64 bytes, returning heap pointer 0x5555700019f0
milestone 33: syscall SBRK (process 3) -- hardware-recorded CS=0x1b (CPL=3) -- requested 56 bytes, returning heap pointer 0x555570001a30
milestone 33: syscall SBRK (process 3) -- hardware-recorded CS=0x1b (CPL=3) -- requested 56 bytes, returning heap pointer 0x555570001a68
milestone 33: syscall SBRK (process 3) -- hardware-recorded CS=0x1b (CPL=3) -- requested 56 bytes, returning heap pointer 0x555570001aa0
milestone 33: syscall SBRK (process 3) -- hardware-recorded CS=0x1b (CPL=3) -- requested 104 bytes, returning heap pointer 0x555570001ad8
milestone 33: syscall SBRK (process 3) -- hardware-recorded CS=0x1b (CPL=3) -- requested 1032 bytes, returning heap pointer 0x555570001b40
milestone 31: syscall WRITE (process 3) -- hardware-recorded CS=0x1b (CPL=3) -- ptr=0x555550006edf len=38 -- raw bytes >>>
  case14 (x=2, FALSE branch) returned=
<<< end of write (38 bytes)
milestone 33: syscall WRITE (process 3) also reads its own private heap at 0x555570000000 -- marker byte 0x00 (' ')
milestone 31: syscall WRITE (process 3) -- hardware-recorded CS=0x1b (CPL=3) -- ptr=0x555550006295 len=1 -- raw bytes >>>
0
<<< end of write (1 bytes)
milestone 33: syscall WRITE (process 3) also reads its own private heap at 0x555570000000 -- marker byte 0x00 (' ')
milestone 31: syscall WRITE (process 3) -- hardware-recorded CS=0x1b (CPL=3) -- ptr=0x555550006f05 len=14 -- raw bytes >>>
 (expected 0)

<<< end of write (14 bytes)
milestone 33: syscall WRITE (process 3) also reads its own private heap at 0x555570000000 -- marker byte 0x00 (' ')
milestone 31: syscall WRITE (process 3) -- hardware-recorded CS=0x1b (CPL=3) -- ptr=0x555550006f13 len=38 -- raw bytes >>>
case14_if_else_false_branch_returns_0=
<<< end of write (38 bytes)
milestone 33: syscall WRITE (process 3) also reads its own private heap at 0x555570000000 -- marker byte 0x00 (' ')
milestone 31: syscall WRITE (process 3) -- hardware-recorded CS=0x1b (CPL=3) -- ptr=0x55555000627c len=4 -- raw bytes >>>
PASS
<<< end of write (4 bytes)
milestone 33: syscall WRITE (process 3) also reads its own private heap at 0x555570000000 -- marker byte 0x00 (' ')
milestone 31: syscall WRITE (process 3) -- hardware-recorded CS=0x1b (CPL=3) -- ptr=0x555550006294 len=1 -- raw bytes >>>
 
<<< end of write (1 bytes)
milestone 33: syscall WRITE (process 3) also reads its own private heap at 0x555570000000 -- marker byte 0x00 (' ')
milestone 31: syscall WRITE (process 3) -- hardware-recorded CS=0x1b (CPL=3) -- ptr=0x5555500063a8 len=1 -- raw bytes >>>


<<< end of write (1 bytes)
milestone 33: syscall WRITE (process 3) also reads its own private heap at 0x555570000000 -- marker byte 0x00 (' ')
milestone 87: syscall SBRK_RESET (process 3) -- hardware-recorded CS=0x1b (CPL=3) -- heap break rewound to 0x555570000000
milestone 33: syscall SBRK (process 3) -- hardware-recorded CS=0x1b (CPL=3) -- requested 6152 bytes, returning heap pointer 0x555570000000
milestone 33: syscall SBRK (process 3) -- hardware-recorded CS=0x1b (CPL=3) -- requested 56 bytes, returning heap pointer 0x555570001808
milestone 33: syscall SBRK (process 3) -- hardware-recorded CS=0x1b (CPL=3) -- requested 56 bytes, returning heap pointer 0x555570001840
milestone 33: syscall SBRK (process 3) -- hardware-recorded CS=0x1b (CPL=3) -- requested 64 bytes, returning heap pointer 0x555570001878
milestone 33: syscall SBRK (process 3) -- hardware-recorded CS=0x1b (CPL=3) -- requested 56 bytes, returning heap pointer 0x5555700018b8
milestone 33: syscall SBRK (process 3) -- hardware-recorded CS=0x1b (CPL=3) -- requested 64 bytes, returning heap pointer 0x5555700018f0
milestone 33: syscall SBRK (process 3) -- hardware-recorded CS=0x1b (CPL=3) -- requested 56 bytes, returning heap pointer 0x555570001930
milestone 33: syscall SBRK (process 3) -- hardware-recorded CS=0x1b (CPL=3) -- requested 64 bytes, returning heap pointer 0x555570001968
milestone 33: syscall SBRK (process 3) -- hardware-recorded CS=0x1b (CPL=3) -- requested 64 bytes, returning heap pointer 0x5555700019a8
milestone 33: syscall SBRK (process 3) -- hardware-recorded CS=0x1b (CPL=3) -- requested 64 bytes, returning heap pointer 0x5555700019e8
milestone 33: syscall SBRK (process 3) -- hardware-recorded CS=0x1b (CPL=3) -- requested 64 bytes, returning heap pointer 0x555570001a28
milestone 33: syscall SBRK (process 3) -- hardware-recorded CS=0x1b (CPL=3) -- requested 56 bytes, returning heap pointer 0x555570001a68
milestone 33: syscall SBRK (process 3) -- hardware-recorded CS=0x1b (CPL=3) -- requested 56 bytes, returning heap pointer 0x555570001aa0
milestone 33: syscall SBRK (process 3) -- hardware-recorded CS=0x1b (CPL=3) -- requested 64 bytes, returning heap pointer 0x555570001ad8
milestone 33: syscall SBRK (process 3) -- hardware-recorded CS=0x1b (CPL=3) -- requested 56 bytes, returning heap pointer 0x555570001b18
milestone 33: syscall SBRK (process 3) -- hardware-recorded CS=0x1b (CPL=3) -- requested 56 bytes, returning heap pointer 0x555570001b50
milestone 33: syscall SBRK (process 3) -- hardware-recorded CS=0x1b (CPL=3) -- requested 104 bytes, returning heap pointer 0x555570001b88
milestone 33: syscall SBRK (process 3) -- hardware-recorded CS=0x1b (CPL=3) -- requested 1032 bytes, returning heap pointer 0x555570001bf0
milestone 31: syscall WRITE (process 3) -- hardware-recorded CS=0x1b (CPL=3) -- ptr=0x555550006f71 len=43 -- raw bytes >>>
  case15 (x=1, TRUE branch taken) returned=
<<< end of write (43 bytes)
milestone 33: syscall WRITE (process 3) also reads its own private heap at 0x555570000000 -- marker byte 0x00 (' ')
milestone 31: syscall WRITE (process 3) -- hardware-recorded CS=0x1b (CPL=3) -- ptr=0x555560000e17 len=1 -- raw bytes >>>
4
<<< end of write (1 bytes)
milestone 33: syscall WRITE (process 3) also reads its own private heap at 0x555570000000 -- marker byte 0x00 (' ')
milestone 31: syscall WRITE (process 3) -- hardware-recorded CS=0x1b (CPL=3) -- ptr=0x555560000e17 len=1 -- raw bytes >>>
2
<<< end of write (1 bytes)
milestone 33: syscall WRITE (process 3) also reads its own private heap at 0x555570000000 -- marker byte 0x00 (' ')
milestone 31: syscall WRITE (process 3) -- hardware-recorded CS=0x1b (CPL=3) -- ptr=0x5555500065fe len=15 -- raw bytes >>>
 (expected 42)

<<< end of write (15 bytes)
milestone 33: syscall WRITE (process 3) also reads its own private heap at 0x555570000000 -- marker byte 0x00 (' ')
milestone 31: syscall WRITE (process 3) -- hardware-recorded CS=0x1b (CPL=3) -- ptr=0x555550006f9c len=41 -- raw bytes >>>
case15_if_no_else_true_branch_returns_42=
<<< end of write (41 bytes)
milestone 33: syscall WRITE (process 3) also reads its own private heap at 0x555570000000 -- marker byte 0x00 (' ')
milestone 31: syscall WRITE (process 3) -- hardware-recorded CS=0x1b (CPL=3) -- ptr=0x55555000627c len=4 -- raw bytes >>>
PASS
<<< end of write (4 bytes)
milestone 33: syscall WRITE (process 3) also reads its own private heap at 0x555570000000 -- marker byte 0x00 (' ')
milestone 31: syscall WRITE (process 3) -- hardware-recorded CS=0x1b (CPL=3) -- ptr=0x555550006294 len=1 -- raw bytes >>>
 
<<< end of write (1 bytes)
milestone 33: syscall WRITE (process 3) also reads its own private heap at 0x555570000000 -- marker byte 0x00 (' ')
milestone 31: syscall WRITE (process 3) -- hardware-recorded CS=0x1b (CPL=3) -- ptr=0x5555500063a8 len=1 -- raw bytes >>>


<<< end of write (1 bytes)
milestone 33: syscall WRITE (process 3) also reads its own private heap at 0x555570000000 -- marker byte 0x00 (' ')
milestone 87: syscall SBRK_RESET (process 3) -- hardware-recorded CS=0x1b (CPL=3) -- heap break rewound to 0x555570000000
milestone 33: syscall SBRK (process 3) -- hardware-recorded CS=0x1b (CPL=3) -- requested 6152 bytes, returning heap pointer 0x555570000000
milestone 33: syscall SBRK (process 3) -- hardware-recorded CS=0x1b (CPL=3) -- requested 56 bytes, returning heap pointer 0x555570001808
milestone 33: syscall SBRK (process 3) -- hardware-recorded CS=0x1b (CPL=3) -- requested 56 bytes, returning heap pointer 0x555570001840
milestone 33: syscall SBRK (process 3) -- hardware-recorded CS=0x1b (CPL=3) -- requested 64 bytes, returning heap pointer 0x555570001878
milestone 33: syscall SBRK (process 3) -- hardware-recorded CS=0x1b (CPL=3) -- requested 56 bytes, returning heap pointer 0x5555700018b8
milestone 33: syscall SBRK (process 3) -- hardware-recorded CS=0x1b (CPL=3) -- requested 64 bytes, returning heap pointer 0x5555700018f0
milestone 33: syscall SBRK (process 3) -- hardware-recorded CS=0x1b (CPL=3) -- requested 56 bytes, returning heap pointer 0x555570001930
milestone 33: syscall SBRK (process 3) -- hardware-recorded CS=0x1b (CPL=3) -- requested 64 bytes, returning heap pointer 0x555570001968
milestone 33: syscall SBRK (process 3) -- hardware-recorded CS=0x1b (CPL=3) -- requested 64 bytes, returning heap pointer 0x5555700019a8
milestone 33: syscall SBRK (process 3) -- hardware-recorded CS=0x1b (CPL=3) -- requested 64 bytes, returning heap pointer 0x5555700019e8
milestone 33: syscall SBRK (process 3) -- hardware-recorded CS=0x1b (CPL=3) -- requested 64 bytes, returning heap pointer 0x555570001a28
milestone 33: syscall SBRK (process 3) -- hardware-recorded CS=0x1b (CPL=3) -- requested 56 bytes, returning heap pointer 0x555570001a68
milestone 33: syscall SBRK (process 3) -- hardware-recorded CS=0x1b (CPL=3) -- requested 56 bytes, returning heap pointer 0x555570001aa0
milestone 33: syscall SBRK (process 3) -- hardware-recorded CS=0x1b (CPL=3) -- requested 64 bytes, returning heap pointer 0x555570001ad8
milestone 33: syscall SBRK (process 3) -- hardware-recorded CS=0x1b (CPL=3) -- requested 56 bytes, returning heap pointer 0x555570001b18
milestone 33: syscall SBRK (process 3) -- hardware-recorded CS=0x1b (CPL=3) -- requested 56 bytes, returning heap pointer 0x555570001b50
milestone 33: syscall SBRK (process 3) -- hardware-recorded CS=0x1b (CPL=3) -- requested 104 bytes, returning heap pointer 0x555570001b88
milestone 33: syscall SBRK (process 3) -- hardware-recorded CS=0x1b (CPL=3) -- requested 1032 bytes, returning heap pointer 0x555570001bf0
milestone 31: syscall WRITE (process 3) -- hardware-recorded CS=0x1b (CPL=3) -- ptr=0x555550006ffd len=52 -- raw bytes >>>
  case16 (x=0, FALSE branch, fell through) returned=
<<< end of write (52 bytes)
milestone 33: syscall WRITE (process 3) also reads its own private heap at 0x555570000000 -- marker byte 0x00 (' ')
milestone 31: syscall WRITE (process 3) -- hardware-recorded CS=0x1b (CPL=3) -- ptr=0x555560000e17 len=1 -- raw bytes >>>
7
<<< end of write (1 bytes)
milestone 33: syscall WRITE (process 3) also reads its own private heap at 0x555570000000 -- marker byte 0x00 (' ')
milestone 31: syscall WRITE (process 3) -- hardware-recorded CS=0x1b (CPL=3) -- ptr=0x555550007031 len=14 -- raw bytes >>>
 (expected 7)

<<< end of write (14 bytes)
milestone 33: syscall WRITE (process 3) also reads its own private heap at 0x555570000000 -- marker byte 0x00 (' ')
milestone 31: syscall WRITE (process 3) -- hardware-recorded CS=0x1b (CPL=3) -- ptr=0x55555000703f len=41 -- raw bytes >>>
case16_if_no_else_false_branch_returns_7=
<<< end of write (41 bytes)
milestone 33: syscall WRITE (process 3) also reads its own private heap at 0x555570000000 -- marker byte 0x00 (' ')
milestone 31: syscall WRITE (process 3) -- hardware-recorded CS=0x1b (CPL=3) -- ptr=0x55555000627c len=4 -- raw bytes >>>
PASS
<<< end of write (4 bytes)
milestone 33: syscall WRITE (process 3) also reads its own private heap at 0x555570000000 -- marker byte 0x00 (' ')
milestone 31: syscall WRITE (process 3) -- hardware-recorded CS=0x1b (CPL=3) -- ptr=0x555550006294 len=1 -- raw bytes >>>
 
<<< end of write (1 bytes)
milestone 33: syscall WRITE (process 3) also reads its own private heap at 0x555570000000 -- marker byte 0x00 (' ')
milestone 31: syscall WRITE (process 3) -- hardware-recorded CS=0x1b (CPL=3) -- ptr=0x5555500063a8 len=1 -- raw bytes >>>


<<< end of write (1 bytes)
milestone 33: syscall WRITE (process 3) also reads its own private heap at 0x555570000000 -- marker byte 0x00 (' ')
milestone 33: syscall SBRK (process 3) -- hardware-recorded CS=0x1b (CPL=3) -- requested 6152 bytes, returning heap pointer 0x555570001ff8
milestone 33: syscall SBRK (process 3) -- hardware-recorded CS=0x1b (CPL=3) -- requested 56 bytes, returning heap pointer 0x555570003800
milestone 33: syscall SBRK (process 3) -- hardware-recorded CS=0x1b (CPL=3) -- requested 64 bytes, returning heap pointer 0x555570003838
milestone 33: syscall SBRK (process 3) -- hardware-recorded CS=0x1b (CPL=3) -- requested 56 bytes, returning heap pointer 0x555570003878
milestone 33: syscall SBRK (process 3) -- hardware-recorded CS=0x1b (CPL=3) -- requested 64 bytes, returning heap pointer 0x5555700038b0
milestone 33: syscall SBRK (process 3) -- hardware-recorded CS=0x1b (CPL=3) -- requested 64 bytes, returning heap pointer 0x5555700038f0
milestone 33: syscall SBRK (process 3) -- hardware-recorded CS=0x1b (CPL=3) -- requested 64 bytes, returning heap pointer 0x555570003930
milestone 33: syscall SBRK (process 3) -- hardware-recorded CS=0x1b (CPL=3) -- requested 64 bytes, returning heap pointer 0x555570003970
milestone 33: syscall SBRK (process 3) -- hardware-recorded CS=0x1b (CPL=3) -- requested 56 bytes, returning heap pointer 0x5555700039b0
milestone 33: syscall SBRK (process 3) -- hardware-recorded CS=0x1b (CPL=3) -- requested 64 bytes, returning heap pointer 0x5555700039e8
milestone 33: syscall SBRK (process 3) -- hardware-recorded CS=0x1b (CPL=3) -- requested 56 bytes, returning heap pointer 0x555570003a28
milestone 33: syscall SBRK (process 3) -- hardware-recorded CS=0x1b (CPL=3) -- requested 56 bytes, returning heap pointer 0x555570003a60
milestone 33: syscall SBRK (process 3) -- hardware-recorded CS=0x1b (CPL=3) -- requested 56 bytes, returning heap pointer 0x555570003a98
milestone 33: syscall SBRK (process 3) -- hardware-recorded CS=0x1b (CPL=3) -- requested 104 bytes, returning heap pointer 0x555570003ad0
milestone 33: syscall SBRK (process 3) -- hardware-recorded CS=0x1b (CPL=3) -- requested 1032 bytes, returning heap pointer 0x555570003b38
milestone 33: syscall SBRK (process 3) -- hardware-recorded CS=0x1b (CPL=3) -- requested 224 bytes, returning heap pointer 0x555570003f40
milestone 82: syscall OPEN_TRUNC (process 3) -- hardware-recorded CS=0x1b (CPL=3) -- path='ccout1' -> fd 0 (truncated)
milestone 35: syscall FDWRITE (process 3) -- hardware-recorded CS=0x1b (CPL=3) -- fd=0 requested=214 accepted=214 bytes
milestone 35: syscall CLOSE (process 3) -- fd 0 was dirty, persisted 214 bytes to 'ccout1' on the real on-disk filesystem
milestone 35: syscall CLOSE (process 3) -- hardware-recorded CS=0x1b (CPL=3) -- fd=0 closed successfully
milestone 30: process forked-child -- user p4 index computed as 170 (code 0x555550000000, stack 0x555560000000)
milestone 30: process forked-child -- new pml4 0x262000 populated: 511 kernel-space entries shared, index 170 left private
milestone 30: process forked-child -- private code page mapped to frame 0x261000, private stack page mapped to frame 0x25b000
milestone 100: process forked-child -- 7 extra stack page(s) mapped below USER_STACK_ADDR (32 KiB total stack)
milestone 57: process forked-child -- private heap RESERVED (not mapped): 64 pages at 0x555570000000..0x55557003ffff, 0 physical frames committed until a real page fault demand-pages one
milestone 34: process forked-child -- copied 4096 image bytes into private code frame 0x261000
milestone 37: fork() -- child's code frame 0x261000 holds a REAL byte-for-byte copy of the parent's code frame 0x204000 (independently verifiable: same virtual address USER_CODE_ADDR under either process's own CR3, genuinely different physical frames)
milestone 69: fork() -- child also got 15 extra code page(s) REALLY remapped+copied (real fix -- see extra_frames' own doc comment on Process for the bug this closes; a multi-page ELF-loaded parent's pages beyond page 0 used to be silently dropped by fork())
milestone 37: syscall FORK (process 3, 'elf-loaded') -- created child pid 14: pml4=0x262000 code_frame=0x261000 resume point rip=0x5555500014db rsp=0x555560000e38
milestone 37: syscall FORK (process 3) -- hardware-recorded CS=0x1b (CPL=3) -- created child pid 14
milestone 37: wait() -- switching CR3 to forked child pid 14's own pml4 0x262000, resuming at rip=0x5555500014db rsp=0x555560000e38 (its own fork()-time snapshot, rax forced to 0)
milestone 36: process exec'd -- ELF validated: e_entry=0x555550000078 falls inside a mapped segment, 1 PT_LOAD segment(s), 1 total page(s), all within private p4 index 170
milestone 36: process exec'd -- new pml4 0x237000 populated: 511 kernel-space entries shared, index 170 left private
milestone 36: process exec'd -- mapped 1 PT_LOAD page(s): [(93824902758400, 2285568, 214, 5)]
milestone 36: process exec'd -- private stack page mapped to frame 0x23a000
milestone 100: process exec'd -- 7 extra stack page(s) mapped below USER_STACK_ADDR (32 KiB total stack)
milestone 57: process exec'd -- private heap RESERVED (not mapped): 64 pages at 0x555570000000..0x55557003ffff, 0 physical frames committed until a real page fault demand-pages one
milestone 54: reclaim_process_frames('forked-child') -- freed 37 physical frame(s) back to the allocator's free list
milestone 45: syscall EXEC (process 14) -- REAL teardown-and-rebuild complete: new pml4=0x237000, new entry=0x555550000078 (real parsed e_entry), fd table/parent_pid/pgid preserved, CR3 switched
milestone 45: syscall EXEC (process 14) -- hardware-recorded CS=0x1b (CPL=3) -- REAL teardown-and-rebuild from 'ccout1' (214 real ELF bytes read from the on-disk filesystem), new address space, jumping directly into the real parsed entry 0x555550000078, never returning to the old one
milestone 30: syscall EXIT -- hardware-recorded CS=0x1b (CPL=3) -- discarding ring-3 context, resuming kernel context
milestone 37: wait() -- forked child pid 14 resumed in kernel context (its own exit() syscall ran; CR3 is currently the KERNEL's own, restored to the parent's by wait_for_child() next)
milestone 54: reclaim_process_frames('exec'd') -- freed 15 physical frame(s) back to the allocator's free list
milestone 43: syscall WAIT (process 3) -- child pid 14 ran to completion and was reaped (real exit code 1), CR3 restored to parent's own pml4 0x205000
milestone 43: syscall WAIT (process 3) -- hardware-recorded CS=0x1b (CPL=3) -- reaped child pid 14, exited normally with code 1
milestone 31: syscall WRITE (process 3) -- hardware-recorded CS=0x1b (CPL=3) -- ptr=0x555550006a21 len=70 -- raw bytes >>>
  real on-disk ELF written, real fork()+exec()+wait() -- child exited=
<<< end of write (70 bytes)
milestone 33: syscall WRITE (process 3) also reads its own private heap at 0x555570000000 -- marker byte 0x00 (' ')
milestone 31: syscall WRITE (process 3) -- hardware-recorded CS=0x1b (CPL=3) -- ptr=0x555550006280 len=4 -- raw bytes >>>
true
<<< end of write (4 bytes)
milestone 33: syscall WRITE (process 3) also reads its own private heap at 0x555570000000 -- marker byte 0x00 (' ')
milestone 31: syscall WRITE (process 3) -- hardware-recorded CS=0x1b (CPL=3) -- ptr=0x555550006703 len=16 -- raw bytes >>>
 real exit code=
<<< end of write (16 bytes)
milestone 33: syscall WRITE (process 3) also reads its own private heap at 0x555570000000 -- marker byte 0x00 (' ')
milestone 31: syscall WRITE (process 3) -- hardware-recorded CS=0x1b (CPL=3) -- ptr=0x555560000e17 len=1 -- raw bytes >>>
1
<<< end of write (1 bytes)
milestone 33: syscall WRITE (process 3) also reads its own private heap at 0x555570000000 -- marker byte 0x00 (' ')
milestone 31: syscall WRITE (process 3) -- hardware-recorded CS=0x1b (CPL=3) -- ptr=0x555550006a6c len=28 -- raw bytes >>>
 (expected exited=true code=
<<< end of write (28 bytes)
milestone 33: syscall WRITE (process 3) also reads its own private heap at 0x555570000000 -- marker byte 0x00 (' ')
milestone 31: syscall WRITE (process 3) -- hardware-recorded CS=0x1b (CPL=3) -- ptr=0x555560000e17 len=1 -- raw bytes >>>
1
<<< end of write (1 bytes)
milestone 33: syscall WRITE (process 3) also reads its own private heap at 0x555570000000 -- marker byte 0x00 (' ')
milestone 31: syscall WRITE (process 3) -- hardware-recorded CS=0x1b (CPL=3) -- ptr=0x555550006a88 len=2 -- raw bytes >>>
)

<<< end of write (2 bytes)
milestone 33: syscall WRITE (process 3) also reads its own private heap at 0x555570000000 -- marker byte 0x00 (' ')
milestone 31: syscall WRITE (process 3) -- hardware-recorded CS=0x1b (CPL=3) -- ptr=0x55555000708f len=51 -- raw bytes >>>
case17_real_elf_exec_if_else_true_branch_returns_1=
<<< end of write (51 bytes)
milestone 33: syscall WRITE (process 3) also reads its own private heap at 0x555570000000 -- marker byte 0x00 (' ')
milestone 31: syscall WRITE (process 3) -- hardware-recorded CS=0x1b (CPL=3) -- ptr=0x55555000627c len=4 -- raw bytes >>>
PASS
<<< end of write (4 bytes)
milestone 33: syscall WRITE (process 3) also reads its own private heap at 0x555570000000 -- marker byte 0x00 (' ')
milestone 31: syscall WRITE (process 3) -- hardware-recorded CS=0x1b (CPL=3) -- ptr=0x555550006294 len=1 -- raw bytes >>>
 
<<< end of write (1 bytes)
milestone 33: syscall WRITE (process 3) also reads its own private heap at 0x555570000000 -- marker byte 0x00 (' ')
milestone 31: syscall WRITE (process 3) -- hardware-recorded CS=0x1b (CPL=3) -- ptr=0x5555500063a8 len=1 -- raw bytes >>>


<<< end of write (1 bytes)
milestone 33: syscall WRITE (process 3) also reads its own private heap at 0x555570000000 -- marker byte 0x00 (' ')
milestone 33: syscall SBRK (process 3) -- hardware-recorded CS=0x1b (CPL=3) -- requested 6152 bytes, returning heap pointer 0x555570004020
milestone 33: syscall SBRK (process 3) -- hardware-recorded CS=0x1b (CPL=3) -- requested 56 bytes, returning heap pointer 0x555570005828
milestone 33: syscall SBRK (process 3) -- hardware-recorded CS=0x1b (CPL=3) -- requested 64 bytes, returning heap pointer 0x555570005860
milestone 33: syscall SBRK (process 3) -- hardware-recorded CS=0x1b (CPL=3) -- requested 56 bytes, returning heap pointer 0x5555700058a0
milestone 33: syscall SBRK (process 3) -- hardware-recorded CS=0x1b (CPL=3) -- requested 64 bytes, returning heap pointer 0x5555700058d8
milestone 33: syscall SBRK (process 3) -- hardware-recorded CS=0x1b (CPL=3) -- requested 64 bytes, returning heap pointer 0x555570005918
milestone 33: syscall SBRK (process 3) -- hardware-recorded CS=0x1b (CPL=3) -- requested 64 bytes, returning heap pointer 0x555570005958
milestone 33: syscall SBRK (process 3) -- hardware-recorded CS=0x1b (CPL=3) -- requested 64 bytes, returning heap pointer 0x555570005998
milestone 33: syscall SBRK (process 3) -- hardware-recorded CS=0x1b (CPL=3) -- requested 56 bytes, returning heap pointer 0x5555700059d8
milestone 33: syscall SBRK (process 3) -- hardware-recorded CS=0x1b (CPL=3) -- requested 64 bytes, returning heap pointer 0x555570005a10
milestone 33: syscall SBRK (process 3) -- hardware-recorded CS=0x1b (CPL=3) -- requested 56 bytes, returning heap pointer 0x555570005a50
milestone 33: syscall SBRK (process 3) -- hardware-recorded CS=0x1b (CPL=3) -- requested 56 bytes, returning heap pointer 0x555570005a88
milestone 33: syscall SBRK (process 3) -- hardware-recorded CS=0x1b (CPL=3) -- requested 56 bytes, returning heap pointer 0x555570005ac0
milestone 33: syscall SBRK (process 3) -- hardware-recorded CS=0x1b (CPL=3) -- requested 104 bytes, returning heap pointer 0x555570005af8
milestone 33: syscall SBRK (process 3) -- hardware-recorded CS=0x1b (CPL=3) -- requested 1032 bytes, returning heap pointer 0x555570005b60
milestone 33: syscall SBRK (process 3) -- hardware-recorded CS=0x1b (CPL=3) -- requested 224 bytes, returning heap pointer 0x555570005f68
milestone 57: demand-paged heap page 6 for process 3 (fault addr 0x555570006000) -- fresh zeroed physical frame 0x22f000 mapped, resuming the faulting instruction
milestone 82: syscall OPEN_TRUNC (process 3) -- hardware-recorded CS=0x1b (CPL=3) -- path='ccout1' -> fd 0 (truncated)
milestone 35: syscall FDWRITE (process 3) -- hardware-recorded CS=0x1b (CPL=3) -- fd=0 requested=214 accepted=214 bytes
milestone 35: syscall CLOSE (process 3) -- fd 0 was dirty, persisted 214 bytes to 'ccout1' on the real on-disk filesystem
milestone 35: syscall CLOSE (process 3) -- hardware-recorded CS=0x1b (CPL=3) -- fd=0 closed successfully
milestone 30: process forked-child -- user p4 index computed as 170 (code 0x555550000000, stack 0x555560000000)
milestone 30: process forked-child -- new pml4 0x23b000 populated: 511 kernel-space entries shared, index 170 left private
milestone 30: process forked-child -- private code page mapped to frame 0x235000, private stack page mapped to frame 0x23f000
milestone 100: process forked-child -- 7 extra stack page(s) mapped below USER_STACK_ADDR (32 KiB total stack)
milestone 57: process forked-child -- private heap RESERVED (not mapped): 64 pages at 0x555570000000..0x55557003ffff, 0 physical frames committed until a real page fault demand-pages one
milestone 34: process forked-child -- copied 4096 image bytes into private code frame 0x235000
milestone 37: fork() -- child's code frame 0x235000 holds a REAL byte-for-byte copy of the parent's code frame 0x204000 (independently verifiable: same virtual address USER_CODE_ADDR under either process's own CR3, genuinely different physical frames)
milestone 69: fork() -- child also got 15 extra code page(s) REALLY remapped+copied (real fix -- see extra_frames' own doc comment on Process for the bug this closes; a multi-page ELF-loaded parent's pages beyond page 0 used to be silently dropped by fork())
milestone 37: syscall FORK (process 3, 'elf-loaded') -- created child pid 14: pml4=0x23b000 code_frame=0x235000 resume point rip=0x5555500016b9 rsp=0x555560000e38
milestone 37: syscall FORK (process 3) -- hardware-recorded CS=0x1b (CPL=3) -- created child pid 14
milestone 37: wait() -- switching CR3 to forked child pid 14's own pml4 0x23b000, resuming at rip=0x5555500016b9 rsp=0x555560000e38 (its own fork()-time snapshot, rax forced to 0)
milestone 36: process exec'd -- ELF validated: e_entry=0x555550000078 falls inside a mapped segment, 1 PT_LOAD segment(s), 1 total page(s), all within private p4 index 170
milestone 36: process exec'd -- new pml4 0x257000 populated: 511 kernel-space entries shared, index 170 left private
milestone 36: process exec'd -- mapped 1 PT_LOAD page(s): [(93824902758400, 2433024, 214, 5)]
milestone 36: process exec'd -- private stack page mapped to frame 0x261000
milestone 100: process exec'd -- 7 extra stack page(s) mapped below USER_STACK_ADDR (32 KiB total stack)
milestone 57: process exec'd -- private heap RESERVED (not mapped): 64 pages at 0x555570000000..0x55557003ffff, 0 physical frames committed until a real page fault demand-pages one
milestone 54: reclaim_process_frames('forked-child') -- freed 38 physical frame(s) back to the allocator's free list
milestone 45: syscall EXEC (process 14) -- REAL teardown-and-rebuild complete: new pml4=0x257000, new entry=0x555550000078 (real parsed e_entry), fd table/parent_pid/pgid preserved, CR3 switched
milestone 45: syscall EXEC (process 14) -- hardware-recorded CS=0x1b (CPL=3) -- REAL teardown-and-rebuild from 'ccout1' (214 real ELF bytes read from the on-disk filesystem), new address space, jumping directly into the real parsed entry 0x555550000078, never returning to the old one
milestone 30: syscall EXIT -- hardware-recorded CS=0x1b (CPL=3) -- discarding ring-3 context, resuming kernel context
milestone 37: wait() -- forked child pid 14 resumed in kernel context (its own exit() syscall ran; CR3 is currently the KERNEL's own, restored to the parent's by wait_for_child() next)
milestone 54: reclaim_process_frames('exec'd') -- freed 15 physical frame(s) back to the allocator's free list
milestone 43: syscall WAIT (process 3) -- child pid 14 ran to completion and was reaped (real exit code 0), CR3 restored to parent's own pml4 0x205000
milestone 43: syscall WAIT (process 3) -- hardware-recorded CS=0x1b (CPL=3) -- reaped child pid 14, exited normally with code 0
milestone 31: syscall WRITE (process 3) -- hardware-recorded CS=0x1b (CPL=3) -- ptr=0x555550006a21 len=70 -- raw bytes >>>
  real on-disk ELF written, real fork()+exec()+wait() -- child exited=
<<< end of write (70 bytes)
milestone 33: syscall WRITE (process 3) also reads its own private heap at 0x555570000000 -- marker byte 0x00 (' ')
milestone 31: syscall WRITE (process 3) -- hardware-recorded CS=0x1b (CPL=3) -- ptr=0x555550006280 len=4 -- raw bytes >>>
true
<<< end of write (4 bytes)
milestone 33: syscall WRITE (process 3) also reads its own private heap at 0x555570000000 -- marker byte 0x00 (' ')
milestone 31: syscall WRITE (process 3) -- hardware-recorded CS=0x1b (CPL=3) -- ptr=0x555550006703 len=16 -- raw bytes >>>
 real exit code=
<<< end of write (16 bytes)
milestone 33: syscall WRITE (process 3) also reads its own private heap at 0x555570000000 -- marker byte 0x00 (' ')
milestone 31: syscall WRITE (process 3) -- hardware-recorded CS=0x1b (CPL=3) -- ptr=0x555550006295 len=1 -- raw bytes >>>
0
<<< end of write (1 bytes)
milestone 33: syscall WRITE (process 3) also reads its own private heap at 0x555570000000 -- marker byte 0x00 (' ')
milestone 31: syscall WRITE (process 3) -- hardware-recorded CS=0x1b (CPL=3) -- ptr=0x555550006a6c len=28 -- raw bytes >>>
 (expected exited=true code=
<<< end of write (28 bytes)
milestone 33: syscall WRITE (process 3) also reads its own private heap at 0x555570000000 -- marker byte 0x00 (' ')
milestone 31: syscall WRITE (process 3) -- hardware-recorded CS=0x1b (CPL=3) -- ptr=0x555550006295 len=1 -- raw bytes >>>
0
<<< end of write (1 bytes)
milestone 33: syscall WRITE (process 3) also reads its own private heap at 0x555570000000 -- marker byte 0x00 (' ')
milestone 31: syscall WRITE (process 3) -- hardware-recorded CS=0x1b (CPL=3) -- ptr=0x555550006a88 len=2 -- raw bytes >>>
)

<<< end of write (2 bytes)
milestone 33: syscall WRITE (process 3) also reads its own private heap at 0x555570000000 -- marker byte 0x00 (' ')
milestone 31: syscall WRITE (process 3) -- hardware-recorded CS=0x1b (CPL=3) -- ptr=0x5555500070e9 len=52 -- raw bytes >>>
case18_real_elf_exec_if_else_false_branch_returns_0=
<<< end of write (52 bytes)
milestone 33: syscall WRITE (process 3) also reads its own private heap at 0x555570000000 -- marker byte 0x00 (' ')
milestone 31: syscall WRITE (process 3) -- hardware-recorded CS=0x1b (CPL=3) -- ptr=0x55555000627c len=4 -- raw bytes >>>
PASS
<<< end of write (4 bytes)
milestone 33: syscall WRITE (process 3) also reads its own private heap at 0x555570000000 -- marker byte 0x00 (' ')
milestone 31: syscall WRITE (process 3) -- hardware-recorded CS=0x1b (CPL=3) -- ptr=0x555550006294 len=1 -- raw bytes >>>
 
<<< end of write (1 bytes)
milestone 33: syscall WRITE (process 3) also reads its own private heap at 0x555570000000 -- marker byte 0x00 (' ')
milestone 31: syscall WRITE (process 3) -- hardware-recorded CS=0x1b (CPL=3) -- ptr=0x5555500063a8 len=1 -- raw bytes >>>


<<< end of write (1 bytes)
milestone 33: syscall WRITE (process 3) also reads its own private heap at 0x555570000000 -- marker byte 0x00 (' ')
milestone 31: syscall WRITE (process 3) -- hardware-recorded CS=0x1b (CPL=3) -- ptr=0x55555000711d len=12 -- raw bytes >>>
OVERALL_M70=
<<< end of write (12 bytes)
milestone 33: syscall WRITE (process 3) also reads its own private heap at 0x555570000000 -- marker byte 0x00 (' ')
milestone 31: syscall WRITE (process 3) -- hardware-recorded CS=0x1b (CPL=3) -- ptr=0x55555000627c len=4 -- raw bytes >>>
PASS
<<< end of write (4 bytes)
milestone 33: syscall WRITE (process 3) also reads its own private heap at 0x555570000000 -- marker byte 0x00 (' ')
milestone 31: syscall WRITE (process 3) -- hardware-recorded CS=0x1b (CPL=3) -- ptr=0x5555500063a8 len=1 -- raw bytes >>>


<<< end of write (1 bytes)
milestone 33: syscall WRITE (process 3) also reads its own private heap at 0x555570000000 -- marker byte 0x00 (' ')
milestone 31: syscall WRITE (process 3) -- hardware-recorded CS=0x1b (CPL=3) -- ptr=0x555550007129 len=67 -- raw bytes >>>
milestone 71: cc while-loops (real backward-jump codegen) starting

<<< end of write (67 bytes)
milestone 33: syscall WRITE (process 3) also reads its own private heap at 0x555570000000 -- marker byte 0x00 (' ')
milestone 87: syscall SBRK_RESET (process 3) -- hardware-recorded CS=0x1b (CPL=3) -- heap break rewound to 0x555570000000
milestone 33: syscall SBRK (process 3) -- hardware-recorded CS=0x1b (CPL=3) -- requested 6152 bytes, returning heap pointer 0x555570000000
milestone 33: syscall SBRK (process 3) -- hardware-recorded CS=0x1b (CPL=3) -- requested 56 bytes, returning heap pointer 0x555570001808
milestone 33: syscall SBRK (process 3) -- hardware-recorded CS=0x1b (CPL=3) -- requested 56 bytes, returning heap pointer 0x555570001840
milestone 33: syscall SBRK (process 3) -- hardware-recorded CS=0x1b (CPL=3) -- requested 64 bytes, returning heap pointer 0x555570001878
milestone 33: syscall SBRK (process 3) -- hardware-recorded CS=0x1b (CPL=3) -- requested 56 bytes, returning heap pointer 0x5555700018b8
milestone 33: syscall SBRK (process 3) -- hardware-recorded CS=0x1b (CPL=3) -- requested 64 bytes, returning heap pointer 0x5555700018f0
milestone 33: syscall SBRK (process 3) -- hardware-recorded CS=0x1b (CPL=3) -- requested 56 bytes, returning heap pointer 0x555570001930
milestone 33: syscall SBRK (process 3) -- hardware-recorded CS=0x1b (CPL=3) -- requested 64 bytes, returning heap pointer 0x555570001968
milestone 33: syscall SBRK (process 3) -- hardware-recorded CS=0x1b (CPL=3) -- requested 64 bytes, returning heap pointer 0x5555700019a8
milestone 33: syscall SBRK (process 3) -- hardware-recorded CS=0x1b (CPL=3) -- requested 64 bytes, returning heap pointer 0x5555700019e8
milestone 33: syscall SBRK (process 3) -- hardware-recorded CS=0x1b (CPL=3) -- requested 64 bytes, returning heap pointer 0x555570001a28
milestone 33: syscall SBRK (process 3) -- hardware-recorded CS=0x1b (CPL=3) -- requested 64 bytes, returning heap pointer 0x555570001a68
milestone 33: syscall SBRK (process 3) -- hardware-recorded CS=0x1b (CPL=3) -- requested 64 bytes, returning heap pointer 0x555570001aa8
milestone 33: syscall SBRK (process 3) -- hardware-recorded CS=0x1b (CPL=3) -- requested 56 bytes, returning heap pointer 0x555570001ae8
milestone 33: syscall SBRK (process 3) -- hardware-recorded CS=0x1b (CPL=3) -- requested 64 bytes, returning heap pointer 0x555570001b20
milestone 33: syscall SBRK (process 3) -- hardware-recorded CS=0x1b (CPL=3) -- requested 64 bytes, returning heap pointer 0x555570001b60
milestone 33: syscall SBRK (process 3) -- hardware-recorded CS=0x1b (CPL=3) -- requested 64 bytes, returning heap pointer 0x555570001ba0
milestone 33: syscall SBRK (process 3) -- hardware-recorded CS=0x1b (CPL=3) -- requested 56 bytes, returning heap pointer 0x555570001be0
milestone 33: syscall SBRK (process 3) -- hardware-recorded CS=0x1b (CPL=3) -- requested 56 bytes, returning heap pointer 0x555570001c18
milestone 33: syscall SBRK (process 3) -- hardware-recorded CS=0x1b (CPL=3) -- requested 64 bytes, returning heap pointer 0x555570001c50
milestone 33: syscall SBRK (process 3) -- hardware-recorded CS=0x1b (CPL=3) -- requested 56 bytes, returning heap pointer 0x555570001c90
milestone 33: syscall SBRK (process 3) -- hardware-recorded CS=0x1b (CPL=3) -- requested 56 bytes, returning heap pointer 0x555570001cc8
milestone 33: syscall SBRK (process 3) -- hardware-recorded CS=0x1b (CPL=3) -- requested 104 bytes, returning heap pointer 0x555570001d00
milestone 33: syscall SBRK (process 3) -- hardware-recorded CS=0x1b (CPL=3) -- requested 1032 bytes, returning heap pointer 0x555570001d68
milestone 31: syscall WRITE (process 3) -- hardware-recorded CS=0x1b (CPL=3) -- ptr=0x5555500071b8 len=39 -- raw bytes >>>
  case19 (sum 1..5 via while) returned=
<<< end of write (39 bytes)
milestone 33: syscall WRITE (process 3) also reads its own private heap at 0x555570000000 -- marker byte 0x00 (' ')
milestone 31: syscall WRITE (process 3) -- hardware-recorded CS=0x1b (CPL=3) -- ptr=0x555560000e17 len=1 -- raw bytes >>>
1
<<< end of write (1 bytes)
milestone 33: syscall WRITE (process 3) also reads its own private heap at 0x555570000000 -- marker byte 0x00 (' ')
milestone 31: syscall WRITE (process 3) -- hardware-recorded CS=0x1b (CPL=3) -- ptr=0x555560000e17 len=1 -- raw bytes >>>
5
<<< end of write (1 bytes)
milestone 33: syscall WRITE (process 3) also reads its own private heap at 0x555570000000 -- marker byte 0x00 (' ')
milestone 31: syscall WRITE (process 3) -- hardware-recorded CS=0x1b (CPL=3) -- ptr=0x5555500071df len=15 -- raw bytes >>>
 (expected 15)

<<< end of write (15 bytes)
milestone 33: syscall WRITE (process 3) also reads its own private heap at 0x555570000000 -- marker byte 0x00 (' ')
milestone 31: syscall WRITE (process 3) -- hardware-recorded CS=0x1b (CPL=3) -- ptr=0x5555500071ee len=35 -- raw bytes >>>
case19_while_sum_1_to_5_returns_15=
<<< end of write (35 bytes)
milestone 33: syscall WRITE (process 3) also reads its own private heap at 0x555570000000 -- marker byte 0x00 (' ')
milestone 31: syscall WRITE (process 3) -- hardware-recorded CS=0x1b (CPL=3) -- ptr=0x55555000627c len=4 -- raw bytes >>>
PASS
<<< end of write (4 bytes)
milestone 33: syscall WRITE (process 3) also reads its own private heap at 0x555570000000 -- marker byte 0x00 (' ')
milestone 31: syscall WRITE (process 3) -- hardware-recorded CS=0x1b (CPL=3) -- ptr=0x555550006294 len=1 -- raw bytes >>>
 
<<< end of write (1 bytes)
milestone 33: syscall WRITE (process 3) also reads its own private heap at 0x555570000000 -- marker byte 0x00 (' ')
milestone 31: syscall WRITE (process 3) -- hardware-recorded CS=0x1b (CPL=3) -- ptr=0x5555500063a8 len=1 -- raw bytes >>>


<<< end of write (1 bytes)
milestone 33: syscall WRITE (process 3) also reads its own private heap at 0x555570000000 -- marker byte 0x00 (' ')
milestone 87: syscall SBRK_RESET (process 3) -- hardware-recorded CS=0x1b (CPL=3) -- heap break rewound to 0x555570000000
milestone 33: syscall SBRK (process 3) -- hardware-recorded CS=0x1b (CPL=3) -- requested 6152 bytes, returning heap pointer 0x555570000000
milestone 33: syscall SBRK (process 3) -- hardware-recorded CS=0x1b (CPL=3) -- requested 56 bytes, returning heap pointer 0x555570001808
milestone 33: syscall SBRK (process 3) -- hardware-recorded CS=0x1b (CPL=3) -- requested 56 bytes, returning heap pointer 0x555570001840
milestone 33: syscall SBRK (process 3) -- hardware-recorded CS=0x1b (CPL=3) -- requested 64 bytes, returning heap pointer 0x555570001878
milestone 33: syscall SBRK (process 3) -- hardware-recorded CS=0x1b (CPL=3) -- requested 56 bytes, returning heap pointer 0x5555700018b8
milestone 33: syscall SBRK (process 3) -- hardware-recorded CS=0x1b (CPL=3) -- requested 64 bytes, returning heap pointer 0x5555700018f0
milestone 33: syscall SBRK (process 3) -- hardware-recorded CS=0x1b (CPL=3) -- requested 56 bytes, returning heap pointer 0x555570001930
milestone 33: syscall SBRK (process 3) -- hardware-recorded CS=0x1b (CPL=3) -- requested 64 bytes, returning heap pointer 0x555570001968
milestone 33: syscall SBRK (process 3) -- hardware-recorded CS=0x1b (CPL=3) -- requested 64 bytes, returning heap pointer 0x5555700019a8
milestone 33: syscall SBRK (process 3) -- hardware-recorded CS=0x1b (CPL=3) -- requested 64 bytes, returning heap pointer 0x5555700019e8
milestone 33: syscall SBRK (process 3) -- hardware-recorded CS=0x1b (CPL=3) -- requested 64 bytes, returning heap pointer 0x555570001a28
milestone 33: syscall SBRK (process 3) -- hardware-recorded CS=0x1b (CPL=3) -- requested 56 bytes, returning heap pointer 0x555570001a68
milestone 33: syscall SBRK (process 3) -- hardware-recorded CS=0x1b (CPL=3) -- requested 64 bytes, returning heap pointer 0x555570001aa0
milestone 33: syscall SBRK (process 3) -- hardware-recorded CS=0x1b (CPL=3) -- requested 64 bytes, returning heap pointer 0x555570001ae0
milestone 33: syscall SBRK (process 3) -- hardware-recorded CS=0x1b (CPL=3) -- requested 64 bytes, returning heap pointer 0x555570001b20
milestone 33: syscall SBRK (process 3) -- hardware-recorded CS=0x1b (CPL=3) -- requested 56 bytes, returning heap pointer 0x555570001b60
milestone 33: syscall SBRK (process 3) -- hardware-recorded CS=0x1b (CPL=3) -- requested 56 bytes, returning heap pointer 0x555570001b98
milestone 33: syscall SBRK (process 3) -- hardware-recorded CS=0x1b (CPL=3) -- requested 64 bytes, returning heap pointer 0x555570001bd0
milestone 33: syscall SBRK (process 3) -- hardware-recorded CS=0x1b (CPL=3) -- requested 56 bytes, returning heap pointer 0x555570001c10
milestone 33: syscall SBRK (process 3) -- hardware-recorded CS=0x1b (CPL=3) -- requested 56 bytes, returning heap pointer 0x555570001c48
milestone 33: syscall SBRK (process 3) -- hardware-recorded CS=0x1b (CPL=3) -- requested 104 bytes, returning heap pointer 0x555570001c80
milestone 33: syscall SBRK (process 3) -- hardware-recorded CS=0x1b (CPL=3) -- requested 1032 bytes, returning heap pointer 0x555570001ce8
milestone 31: syscall WRITE (process 3) -- hardware-recorded CS=0x1b (CPL=3) -- ptr=0x55555000725a len=74 -- raw bytes >>>
  case20 (while condition false from the start, zero iterations) returned=
<<< end of write (74 bytes)
milestone 33: syscall WRITE (process 3) also reads its own private heap at 0x555570000000 -- marker byte 0x00 (' ')
milestone 31: syscall WRITE (process 3) -- hardware-recorded CS=0x1b (CPL=3) -- ptr=0x555560000e17 len=1 -- raw bytes >>>
9
<<< end of write (1 bytes)
milestone 33: syscall WRITE (process 3) also reads its own private heap at 0x555570000000 -- marker byte 0x00 (' ')
milestone 31: syscall WRITE (process 3) -- hardware-recorded CS=0x1b (CPL=3) -- ptr=0x555560000e17 len=1 -- raw bytes >>>
9
<<< end of write (1 bytes)
milestone 33: syscall WRITE (process 3) also reads its own private heap at 0x555570000000 -- marker byte 0x00 (' ')
milestone 31: syscall WRITE (process 3) -- hardware-recorded CS=0x1b (CPL=3) -- ptr=0x5555500072a4 len=26 -- raw bytes >>>
 (expected 99, unchanged)

<<< end of write (26 bytes)
milestone 33: syscall WRITE (process 3) also reads its own private heap at 0x555570000000 -- marker byte 0x00 (' ')
milestone 31: syscall WRITE (process 3) -- hardware-recorded CS=0x1b (CPL=3) -- ptr=0x5555500072be len=40 -- raw bytes >>>
case20_while_zero_iterations_returns_99=
<<< end of write (40 bytes)
milestone 33: syscall WRITE (process 3) also reads its own private heap at 0x555570000000 -- marker byte 0x00 (' ')
milestone 31: syscall WRITE (process 3) -- hardware-recorded CS=0x1b (CPL=3) -- ptr=0x55555000627c len=4 -- raw bytes >>>
PASS
<<< end of write (4 bytes)
milestone 33: syscall WRITE (process 3) also reads its own private heap at 0x555570000000 -- marker byte 0x00 (' ')
milestone 31: syscall WRITE (process 3) -- hardware-recorded CS=0x1b (CPL=3) -- ptr=0x555550006294 len=1 -- raw bytes >>>
 
<<< end of write (1 bytes)
milestone 33: syscall WRITE (process 3) also reads its own private heap at 0x555570000000 -- marker byte 0x00 (' ')
milestone 31: syscall WRITE (process 3) -- hardware-recorded CS=0x1b (CPL=3) -- ptr=0x5555500063a8 len=1 -- raw bytes >>>


<<< end of write (1 bytes)
milestone 33: syscall WRITE (process 3) also reads its own private heap at 0x555570000000 -- marker byte 0x00 (' ')
milestone 87: syscall SBRK_RESET (process 3) -- hardware-recorded CS=0x1b (CPL=3) -- heap break rewound to 0x555570000000
milestone 33: syscall SBRK (process 3) -- hardware-recorded CS=0x1b (CPL=3) -- requested 6152 bytes, returning heap pointer 0x555570000000
milestone 33: syscall SBRK (process 3) -- hardware-recorded CS=0x1b (CPL=3) -- requested 56 bytes, returning heap pointer 0x555570001808
milestone 33: syscall SBRK (process 3) -- hardware-recorded CS=0x1b (CPL=3) -- requested 56 bytes, returning heap pointer 0x555570001840
milestone 33: syscall SBRK (process 3) -- hardware-recorded CS=0x1b (CPL=3) -- requested 64 bytes, returning heap pointer 0x555570001878
milestone 33: syscall SBRK (process 3) -- hardware-recorded CS=0x1b (CPL=3) -- requested 56 bytes, returning heap pointer 0x5555700018b8
milestone 33: syscall SBRK (process 3) -- hardware-recorded CS=0x1b (CPL=3) -- requested 64 bytes, returning heap pointer 0x5555700018f0
milestone 33: syscall SBRK (process 3) -- hardware-recorded CS=0x1b (CPL=3) -- requested 56 bytes, returning heap pointer 0x555570001930
milestone 33: syscall SBRK (process 3) -- hardware-recorded CS=0x1b (CPL=3) -- requested 64 bytes, returning heap pointer 0x555570001968
milestone 33: syscall SBRK (process 3) -- hardware-recorded CS=0x1b (CPL=3) -- requested 64 bytes, returning heap pointer 0x5555700019a8
milestone 33: syscall SBRK (process 3) -- hardware-recorded CS=0x1b (CPL=3) -- requested 64 bytes, returning heap pointer 0x5555700019e8
milestone 33: syscall SBRK (process 3) -- hardware-recorded CS=0x1b (CPL=3) -- requested 64 bytes, returning heap pointer 0x555570001a28
milestone 33: syscall SBRK (process 3) -- hardware-recorded CS=0x1b (CPL=3) -- requested 64 bytes, returning heap pointer 0x555570001a68
milestone 33: syscall SBRK (process 3) -- hardware-recorded CS=0x1b (CPL=3) -- requested 64 bytes, returning heap pointer 0x555570001aa8
milestone 33: syscall SBRK (process 3) -- hardware-recorded CS=0x1b (CPL=3) -- requested 64 bytes, returning heap pointer 0x555570001ae8
milestone 33: syscall SBRK (process 3) -- hardware-recorded CS=0x1b (CPL=3) -- requested 64 bytes, returning heap pointer 0x555570001b28
milestone 33: syscall SBRK (process 3) -- hardware-recorded CS=0x1b (CPL=3) -- requested 64 bytes, returning heap pointer 0x555570001b68
milestone 33: syscall SBRK (process 3) -- hardware-recorded CS=0x1b (CPL=3) -- requested 56 bytes, returning heap pointer 0x555570001ba8
milestone 33: syscall SBRK (process 3) -- hardware-recorded CS=0x1b (CPL=3) -- requested 56 bytes, returning heap pointer 0x555570001be0
milestone 33: syscall SBRK (process 3) -- hardware-recorded CS=0x1b (CPL=3) -- requested 64 bytes, returning heap pointer 0x555570001c18
milestone 33: syscall SBRK (process 3) -- hardware-recorded CS=0x1b (CPL=3) -- requested 64 bytes, returning heap pointer 0x555570001c58
milestone 33: syscall SBRK (process 3) -- hardware-recorded CS=0x1b (CPL=3) -- requested 64 bytes, returning heap pointer 0x555570001c98
milestone 33: syscall SBRK (process 3) -- hardware-recorded CS=0x1b (CPL=3) -- requested 56 bytes, returning heap pointer 0x555570001cd8
milestone 33: syscall SBRK (process 3) -- hardware-recorded CS=0x1b (CPL=3) -- requested 56 bytes, returning heap pointer 0x555570001d10
milestone 33: syscall SBRK (process 3) -- hardware-recorded CS=0x1b (CPL=3) -- requested 64 bytes, returning heap pointer 0x555570001d48
milestone 33: syscall SBRK (process 3) -- hardware-recorded CS=0x1b (CPL=3) -- requested 56 bytes, returning heap pointer 0x555570001d88
milestone 33: syscall SBRK (process 3) -- hardware-recorded CS=0x1b (CPL=3) -- requested 56 bytes, returning heap pointer 0x555570001dc0
milestone 33: syscall SBRK (process 3) -- hardware-recorded CS=0x1b (CPL=3) -- requested 104 bytes, returning heap pointer 0x555570001df8
milestone 33: syscall SBRK (process 3) -- hardware-recorded CS=0x1b (CPL=3) -- requested 1032 bytes, returning heap pointer 0x555570001e60
milestone 31: syscall WRITE (process 3) -- hardware-recorded CS=0x1b (CPL=3) -- ptr=0x555550007346 len=61 -- raw bytes >>>
  case21 (if nested inside while, counts i==3 only) returned=
<<< end of write (61 bytes)
milestone 33: syscall WRITE (process 3) also reads its own private heap at 0x555570000000 -- marker byte 0x00 (' ')
milestone 31: syscall WRITE (process 3) -- hardware-recorded CS=0x1b (CPL=3) -- ptr=0x555560000e17 len=1 -- raw bytes >>>
1
<<< end of write (1 bytes)
milestone 33: syscall WRITE (process 3) also reads its own private heap at 0x555570000000 -- marker byte 0x00 (' ')
milestone 31: syscall WRITE (process 3) -- hardware-recorded CS=0x1b (CPL=3) -- ptr=0x555550006e75 len=14 -- raw bytes >>>
 (expected 1)

<<< end of write (14 bytes)
milestone 33: syscall WRITE (process 3) also reads its own private heap at 0x555570000000 -- marker byte 0x00 (' ')
milestone 31: syscall WRITE (process 3) -- hardware-recorded CS=0x1b (CPL=3) -- ptr=0x555550007383 len=36 -- raw bytes >>>
case21_if_nested_in_while_returns_1=
<<< end of write (36 bytes)
milestone 33: syscall WRITE (process 3) also reads its own private heap at 0x555570000000 -- marker byte 0x00 (' ')
milestone 31: syscall WRITE (process 3) -- hardware-recorded CS=0x1b (CPL=3) -- ptr=0x55555000627c len=4 -- raw bytes >>>
PASS
<<< end of write (4 bytes)
milestone 33: syscall WRITE (process 3) also reads its own private heap at 0x555570000000 -- marker byte 0x00 (' ')
milestone 31: syscall WRITE (process 3) -- hardware-recorded CS=0x1b (CPL=3) -- ptr=0x555550006294 len=1 -- raw bytes >>>
 
<<< end of write (1 bytes)
milestone 33: syscall WRITE (process 3) also reads its own private heap at 0x555570000000 -- marker byte 0x00 (' ')
milestone 31: syscall WRITE (process 3) -- hardware-recorded CS=0x1b (CPL=3) -- ptr=0x5555500063a8 len=1 -- raw bytes >>>


<<< end of write (1 bytes)
milestone 33: syscall WRITE (process 3) also reads its own private heap at 0x555570000000 -- marker byte 0x00 (' ')
milestone 33: syscall SBRK (process 3) -- hardware-recorded CS=0x1b (CPL=3) -- requested 6152 bytes, returning heap pointer 0x555570002268
milestone 33: syscall SBRK (process 3) -- hardware-recorded CS=0x1b (CPL=3) -- requested 56 bytes, returning heap pointer 0x555570003a70
milestone 33: syscall SBRK (process 3) -- hardware-recorded CS=0x1b (CPL=3) -- requested 56 bytes, returning heap pointer 0x555570003aa8
milestone 33: syscall SBRK (process 3) -- hardware-recorded CS=0x1b (CPL=3) -- requested 64 bytes, returning heap pointer 0x555570003ae0
milestone 33: syscall SBRK (process 3) -- hardware-recorded CS=0x1b (CPL=3) -- requested 56 bytes, returning heap pointer 0x555570003b20
milestone 33: syscall SBRK (process 3) -- hardware-recorded CS=0x1b (CPL=3) -- requested 64 bytes, returning heap pointer 0x555570003b58
milestone 33: syscall SBRK (process 3) -- hardware-recorded CS=0x1b (CPL=3) -- requested 56 bytes, returning heap pointer 0x555570003b98
milestone 33: syscall SBRK (process 3) -- hardware-recorded CS=0x1b (CPL=3) -- requested 64 bytes, returning heap pointer 0x555570003bd0
milestone 33: syscall SBRK (process 3) -- hardware-recorded CS=0x1b (CPL=3) -- requested 64 bytes, returning heap pointer 0x555570003c10
milestone 33: syscall SBRK (process 3) -- hardware-recorded CS=0x1b (CPL=3) -- requested 64 bytes, returning heap pointer 0x555570003c50
milestone 33: syscall SBRK (process 3) -- hardware-recorded CS=0x1b (CPL=3) -- requested 64 bytes, returning heap pointer 0x555570003c90
milestone 33: syscall SBRK (process 3) -- hardware-recorded CS=0x1b (CPL=3) -- requested 64 bytes, returning heap pointer 0x555570003cd0
milestone 33: syscall SBRK (process 3) -- hardware-recorded CS=0x1b (CPL=3) -- requested 64 bytes, returning heap pointer 0x555570003d10
milestone 33: syscall SBRK (process 3) -- hardware-recorded CS=0x1b (CPL=3) -- requested 56 bytes, returning heap pointer 0x555570003d50
milestone 33: syscall SBRK (process 3) -- hardware-recorded CS=0x1b (CPL=3) -- requested 64 bytes, returning heap pointer 0x555570003d88
milestone 33: syscall SBRK (process 3) -- hardware-recorded CS=0x1b (CPL=3) -- requested 64 bytes, returning heap pointer 0x555570003dc8
milestone 33: syscall SBRK (process 3) -- hardware-recorded CS=0x1b (CPL=3) -- requested 64 bytes, returning heap pointer 0x555570003e08
milestone 33: syscall SBRK (process 3) -- hardware-recorded CS=0x1b (CPL=3) -- requested 56 bytes, returning heap pointer 0x555570003e48
milestone 33: syscall SBRK (process 3) -- hardware-recorded CS=0x1b (CPL=3) -- requested 56 bytes, returning heap pointer 0x555570003e80
milestone 33: syscall SBRK (process 3) -- hardware-recorded CS=0x1b (CPL=3) -- requested 64 bytes, returning heap pointer 0x555570003eb8
milestone 33: syscall SBRK (process 3) -- hardware-recorded CS=0x1b (CPL=3) -- requested 56 bytes, returning heap pointer 0x555570003ef8
milestone 33: syscall SBRK (process 3) -- hardware-recorded CS=0x1b (CPL=3) -- requested 56 bytes, returning heap pointer 0x555570003f30
milestone 33: syscall SBRK (process 3) -- hardware-recorded CS=0x1b (CPL=3) -- requested 104 bytes, returning heap pointer 0x555570003f68
milestone 33: syscall SBRK (process 3) -- hardware-recorded CS=0x1b (CPL=3) -- requested 1032 bytes, returning heap pointer 0x555570003fd0
milestone 33: syscall SBRK (process 3) -- hardware-recorded CS=0x1b (CPL=3) -- requested 256 bytes, returning heap pointer 0x5555700043d8
milestone 82: syscall OPEN_TRUNC (process 3) -- hardware-recorded CS=0x1b (CPL=3) -- path='ccout1' -> fd 0 (truncated)
milestone 35: syscall FDWRITE (process 3) -- hardware-recorded CS=0x1b (CPL=3) -- fd=0 requested=248 accepted=248 bytes
milestone 35: syscall CLOSE (process 3) -- fd 0 was dirty, persisted 248 bytes to 'ccout1' on the real on-disk filesystem
milestone 35: syscall CLOSE (process 3) -- hardware-recorded CS=0x1b (CPL=3) -- fd=0 closed successfully
milestone 30: process forked-child -- user p4 index computed as 170 (code 0x555550000000, stack 0x555560000000)
milestone 30: process forked-child -- new pml4 0x264000 populated: 511 kernel-space entries shared, index 170 left private
milestone 30: process forked-child -- private code page mapped to frame 0x263000, private stack page mapped to frame 0x250000
milestone 100: process forked-child -- 7 extra stack page(s) mapped below USER_STACK_ADDR (32 KiB total stack)
milestone 57: process forked-child -- private heap RESERVED (not mapped): 64 pages at 0x555570000000..0x55557003ffff, 0 physical frames committed until a real page fault demand-pages one
milestone 34: process forked-child -- copied 4096 image bytes into private code frame 0x263000
milestone 37: fork() -- child's code frame 0x263000 holds a REAL byte-for-byte copy of the parent's code frame 0x204000 (independently verifiable: same virtual address USER_CODE_ADDR under either process's own CR3, genuinely different physical frames)
milestone 69: fork() -- child also got 15 extra code page(s) REALLY remapped+copied (real fix -- see extra_frames' own doc comment on Process for the bug this closes; a multi-page ELF-loaded parent's pages beyond page 0 used to be silently dropped by fork())
milestone 37: syscall FORK (process 3, 'elf-loaded') -- created child pid 14: pml4=0x264000 code_frame=0x263000 resume point rip=0x555550001b1b rsp=0x555560000e38
milestone 37: syscall FORK (process 3) -- hardware-recorded CS=0x1b (CPL=3) -- created child pid 14
milestone 37: wait() -- switching CR3 to forked child pid 14's own pml4 0x264000, resuming at rip=0x555550001b1b rsp=0x555560000e38 (its own fork()-time snapshot, rax forced to 0)
milestone 36: process exec'd -- ELF validated: e_entry=0x555550000078 falls inside a mapped segment, 1 PT_LOAD segment(s), 1 total page(s), all within private p4 index 170
milestone 36: process exec'd -- new pml4 0x239000 populated: 511 kernel-space entries shared, index 170 left private
milestone 36: process exec'd -- mapped 1 PT_LOAD page(s): [(93824902758400, 2318336, 248, 5)]
milestone 36: process exec'd -- private stack page mapped to frame 0x22e000
milestone 100: process exec'd -- 7 extra stack page(s) mapped below USER_STACK_ADDR (32 KiB total stack)
milestone 57: process exec'd -- private heap RESERVED (not mapped): 64 pages at 0x555570000000..0x55557003ffff, 0 physical frames committed until a real page fault demand-pages one
milestone 54: reclaim_process_frames('forked-child') -- freed 38 physical frame(s) back to the allocator's free list
milestone 45: syscall EXEC (process 14) -- REAL teardown-and-rebuild complete: new pml4=0x239000, new entry=0x555550000078 (real parsed e_entry), fd table/parent_pid/pgid preserved, CR3 switched
milestone 45: syscall EXEC (process 14) -- hardware-recorded CS=0x1b (CPL=3) -- REAL teardown-and-rebuild from 'ccout1' (248 real ELF bytes read from the on-disk filesystem), new address space, jumping directly into the real parsed entry 0x555550000078, never returning to the old one
milestone 30: syscall EXIT -- hardware-recorded CS=0x1b (CPL=3) -- discarding ring-3 context, resuming kernel context
milestone 37: wait() -- forked child pid 14 resumed in kernel context (its own exit() syscall ran; CR3 is currently the KERNEL's own, restored to the parent's by wait_for_child() next)
milestone 54: reclaim_process_frames('exec'd') -- freed 15 physical frame(s) back to the allocator's free list
milestone 43: syscall WAIT (process 3) -- child pid 14 ran to completion and was reaped (real exit code 15), CR3 restored to parent's own pml4 0x205000
milestone 43: syscall WAIT (process 3) -- hardware-recorded CS=0x1b (CPL=3) -- reaped child pid 14, exited normally with code 15
milestone 31: syscall WRITE (process 3) -- hardware-recorded CS=0x1b (CPL=3) -- ptr=0x555550006a21 len=70 -- raw bytes >>>
  real on-disk ELF written, real fork()+exec()+wait() -- child exited=
<<< end of write (70 bytes)
milestone 33: syscall WRITE (process 3) also reads its own private heap at 0x555570000000 -- marker byte 0x00 (' ')
milestone 31: syscall WRITE (process 3) -- hardware-recorded CS=0x1b (CPL=3) -- ptr=0x555550006280 len=4 -- raw bytes >>>
true
<<< end of write (4 bytes)
milestone 33: syscall WRITE (process 3) also reads its own private heap at 0x555570000000 -- marker byte 0x00 (' ')
milestone 31: syscall WRITE (process 3) -- hardware-recorded CS=0x1b (CPL=3) -- ptr=0x555550006703 len=16 -- raw bytes >>>
 real exit code=
<<< end of write (16 bytes)
milestone 33: syscall WRITE (process 3) also reads its own private heap at 0x555570000000 -- marker byte 0x00 (' ')
milestone 31: syscall WRITE (process 3) -- hardware-recorded CS=0x1b (CPL=3) -- ptr=0x555560000e17 len=1 -- raw bytes >>>
1
<<< end of write (1 bytes)
milestone 33: syscall WRITE (process 3) also reads its own private heap at 0x555570000000 -- marker byte 0x00 (' ')
milestone 31: syscall WRITE (process 3) -- hardware-recorded CS=0x1b (CPL=3) -- ptr=0x555560000e17 len=1 -- raw bytes >>>
5
<<< end of write (1 bytes)
milestone 33: syscall WRITE (process 3) also reads its own private heap at 0x555570000000 -- marker byte 0x00 (' ')
milestone 31: syscall WRITE (process 3) -- hardware-recorded CS=0x1b (CPL=3) -- ptr=0x555550006a6c len=28 -- raw bytes >>>
 (expected exited=true code=
<<< end of write (28 bytes)
milestone 33: syscall WRITE (process 3) also reads its own private heap at 0x555570000000 -- marker byte 0x00 (' ')
milestone 31: syscall WRITE (process 3) -- hardware-recorded CS=0x1b (CPL=3) -- ptr=0x555560000e17 len=1 -- raw bytes >>>
1
<<< end of write (1 bytes)
milestone 33: syscall WRITE (process 3) also reads its own private heap at 0x555570000000 -- marker byte 0x00 (' ')
milestone 31: syscall WRITE (process 3) -- hardware-recorded CS=0x1b (CPL=3) -- ptr=0x555560000e17 len=1 -- raw bytes >>>
5
<<< end of write (1 bytes)
milestone 33: syscall WRITE (process 3) also reads its own private heap at 0x555570000000 -- marker byte 0x00 (' ')
milestone 31: syscall WRITE (process 3) -- hardware-recorded CS=0x1b (CPL=3) -- ptr=0x555550006a88 len=2 -- raw bytes >>>
)

<<< end of write (2 bytes)
milestone 33: syscall WRITE (process 3) also reads its own private heap at 0x555570000000 -- marker byte 0x00 (' ')
milestone 31: syscall WRITE (process 3) -- hardware-recorded CS=0x1b (CPL=3) -- ptr=0x5555500073ce len=49 -- raw bytes >>>
case22_real_elf_exec_while_sum_1_to_5_returns_15=
<<< end of write (49 bytes)
milestone 33: syscall WRITE (process 3) also reads its own private heap at 0x555570000000 -- marker byte 0x00 (' ')
milestone 31: syscall WRITE (process 3) -- hardware-recorded CS=0x1b (CPL=3) -- ptr=0x55555000627c len=4 -- raw bytes >>>
PASS
<<< end of write (4 bytes)
milestone 33: syscall WRITE (process 3) also reads its own private heap at 0x555570000000 -- marker byte 0x00 (' ')
milestone 31: syscall WRITE (process 3) -- hardware-recorded CS=0x1b (CPL=3) -- ptr=0x555550006294 len=1 -- raw bytes >>>
 
<<< end of write (1 bytes)
milestone 33: syscall WRITE (process 3) also reads its own private heap at 0x555570000000 -- marker byte 0x00 (' ')
milestone 31: syscall WRITE (process 3) -- hardware-recorded CS=0x1b (CPL=3) -- ptr=0x5555500063a8 len=1 -- raw bytes >>>


<<< end of write (1 bytes)
milestone 33: syscall WRITE (process 3) also reads its own private heap at 0x555570000000 -- marker byte 0x00 (' ')
milestone 31: syscall WRITE (process 3) -- hardware-recorded CS=0x1b (CPL=3) -- ptr=0x5555500073ff len=12 -- raw bytes >>>
OVERALL_M71=
<<< end of write (12 bytes)
milestone 33: syscall WRITE (process 3) also reads its own private heap at 0x555570000000 -- marker byte 0x00 (' ')
milestone 31: syscall WRITE (process 3) -- hardware-recorded CS=0x1b (CPL=3) -- ptr=0x55555000627c len=4 -- raw bytes >>>
PASS
<<< end of write (4 bytes)
milestone 33: syscall WRITE (process 3) also reads its own private heap at 0x555570000000 -- marker byte 0x00 (' ')
milestone 31: syscall WRITE (process 3) -- hardware-recorded CS=0x1b (CPL=3) -- ptr=0x555550006568 len=2 -- raw bytes >>>



<<< end of write (2 bytes)
milestone 33: syscall WRITE (process 3) also reads its own private heap at 0x555570000000 -- marker byte 0x00 (' ')
milestone 31: syscall WRITE (process 3) -- hardware-recorded CS=0x1b (CPL=3) -- ptr=0x55555000740b len=89 -- raw bytes >>>
milestone 72: cc function parameters and calls (real x86_64 calling convention) starting

<<< end of write (89 bytes)
milestone 33: syscall WRITE (process 3) also reads its own private heap at 0x555570000000 -- marker byte 0x00 (' ')
milestone 33: syscall SBRK (process 3) -- hardware-recorded CS=0x1b (CPL=3) -- requested 6152 bytes, returning heap pointer 0x5555700044d8
milestone 33: syscall SBRK (process 3) -- hardware-recorded CS=0x1b (CPL=3) -- requested 40 bytes, returning heap pointer 0x555570005ce0
milestone 33: syscall SBRK (process 3) -- hardware-recorded CS=0x1b (CPL=3) -- requested 64 bytes, returning heap pointer 0x555570005d08
milestone 33: syscall SBRK (process 3) -- hardware-recorded CS=0x1b (CPL=3) -- requested 64 bytes, returning heap pointer 0x555570005d48
milestone 33: syscall SBRK (process 3) -- hardware-recorded CS=0x1b (CPL=3) -- requested 64 bytes, returning heap pointer 0x555570005d88
milestone 33: syscall SBRK (process 3) -- hardware-recorded CS=0x1b (CPL=3) -- requested 64 bytes, returning heap pointer 0x555570005dc8
milestone 33: syscall SBRK (process 3) -- hardware-recorded CS=0x1b (CPL=3) -- requested 64 bytes, returning heap pointer 0x555570005e08
milestone 33: syscall SBRK (process 3) -- hardware-recorded CS=0x1b (CPL=3) -- requested 56 bytes, returning heap pointer 0x555570005e48
milestone 33: syscall SBRK (process 3) -- hardware-recorded CS=0x1b (CPL=3) -- requested 56 bytes, returning heap pointer 0x555570005e80
milestone 33: syscall SBRK (process 3) -- hardware-recorded CS=0x1b (CPL=3) -- requested 40 bytes, returning heap pointer 0x555570005eb8
milestone 33: syscall SBRK (process 3) -- hardware-recorded CS=0x1b (CPL=3) -- requested 64 bytes, returning heap pointer 0x555570005ee0
milestone 33: syscall SBRK (process 3) -- hardware-recorded CS=0x1b (CPL=3) -- requested 64 bytes, returning heap pointer 0x555570005f20
milestone 33: syscall SBRK (process 3) -- hardware-recorded CS=0x1b (CPL=3) -- requested 64 bytes, returning heap pointer 0x555570005f60
milestone 33: syscall SBRK (process 3) -- hardware-recorded CS=0x1b (CPL=3) -- requested 56 bytes, returning heap pointer 0x555570005fa0
milestone 33: syscall SBRK (process 3) -- hardware-recorded CS=0x1b (CPL=3) -- requested 56 bytes, returning heap pointer 0x555570005fd8
milestone 31: syscall WRITE (process 3) -- hardware-recorded CS=0x1b (CPL=3) -- ptr=0x5555500074c2 len=43 -- raw bytes >>>
case23_first_func_is_combine_with_2_params=
<<< end of write (43 bytes)
milestone 33: syscall WRITE (process 3) also reads its own private heap at 0x555570000000 -- marker byte 0x00 (' ')
milestone 31: syscall WRITE (process 3) -- hardware-recorded CS=0x1b (CPL=3) -- ptr=0x55555000627c len=4 -- raw bytes >>>
PASS
<<< end of write (4 bytes)
milestone 33: syscall WRITE (process 3) also reads its own private heap at 0x555570000000 -- marker byte 0x00 (' ')
milestone 31: syscall WRITE (process 3) -- hardware-recorded CS=0x1b (CPL=3) -- ptr=0x555550006294 len=1 -- raw bytes >>>
 
<<< end of write (1 bytes)
milestone 33: syscall WRITE (process 3) also reads its own private heap at 0x555570000000 -- marker byte 0x00 (' ')
milestone 31: syscall WRITE (process 3) -- hardware-recorded CS=0x1b (CPL=3) -- ptr=0x555550007523 len=55 -- raw bytes >>>
case23_second_func_is_main_with_0_params_and_ends_list=
<<< end of write (55 bytes)
milestone 33: syscall WRITE (process 3) also reads its own private heap at 0x555570000000 -- marker byte 0x00 (' ')
milestone 31: syscall WRITE (process 3) -- hardware-recorded CS=0x1b (CPL=3) -- ptr=0x55555000627c len=4 -- raw bytes >>>
PASS
<<< end of write (4 bytes)
milestone 33: syscall WRITE (process 3) also reads its own private heap at 0x555570000000 -- marker byte 0x00 (' ')
milestone 31: syscall WRITE (process 3) -- hardware-recorded CS=0x1b (CPL=3) -- ptr=0x555550006294 len=1 -- raw bytes >>>
 
<<< end of write (1 bytes)
milestone 33: syscall WRITE (process 3) also reads its own private heap at 0x555570000000 -- marker byte 0x00 (' ')
milestone 31: syscall WRITE (process 3) -- hardware-recorded CS=0x1b (CPL=3) -- ptr=0x5555500075aa len=31 -- raw bytes >>>
case23_multifunction_ast_shape=
<<< end of write (31 bytes)
milestone 33: syscall WRITE (process 3) also reads its own private heap at 0x555570000000 -- marker byte 0x00 (' ')
milestone 31: syscall WRITE (process 3) -- hardware-recorded CS=0x1b (CPL=3) -- ptr=0x55555000627c len=4 -- raw bytes >>>
PASS
<<< end of write (4 bytes)
milestone 33: syscall WRITE (process 3) also reads its own private heap at 0x555570000000 -- marker byte 0x00 (' ')
milestone 31: syscall WRITE (process 3) -- hardware-recorded CS=0x1b (CPL=3) -- ptr=0x555550006294 len=1 -- raw bytes >>>
 
<<< end of write (1 bytes)
milestone 33: syscall WRITE (process 3) also reads its own private heap at 0x555570000000 -- marker byte 0x00 (' ')
milestone 31: syscall WRITE (process 3) -- hardware-recorded CS=0x1b (CPL=3) -- ptr=0x5555500063a8 len=1 -- raw bytes >>>


<<< end of write (1 bytes)
milestone 33: syscall WRITE (process 3) also reads its own private heap at 0x555570000000 -- marker byte 0x00 (' ')
milestone 87: syscall SBRK_RESET (process 3) -- hardware-recorded CS=0x1b (CPL=3) -- heap break rewound to 0x555570000000
milestone 33: syscall SBRK (process 3) -- hardware-recorded CS=0x1b (CPL=3) -- requested 6152 bytes, returning heap pointer 0x555570000000
milestone 33: syscall SBRK (process 3) -- hardware-recorded CS=0x1b (CPL=3) -- requested 40 bytes, returning heap pointer 0x555570001808
milestone 33: syscall SBRK (process 3) -- hardware-recorded CS=0x1b (CPL=3) -- requested 64 bytes, returning heap pointer 0x555570001830
milestone 33: syscall SBRK (process 3) -- hardware-recorded CS=0x1b (CPL=3) -- requested 64 bytes, returning heap pointer 0x555570001870
milestone 33: syscall SBRK (process 3) -- hardware-recorded CS=0x1b (CPL=3) -- requested 64 bytes, returning heap pointer 0x5555700018b0
milestone 33: syscall SBRK (process 3) -- hardware-recorded CS=0x1b (CPL=3) -- requested 64 bytes, returning heap pointer 0x5555700018f0
milestone 33: syscall SBRK (process 3) -- hardware-recorded CS=0x1b (CPL=3) -- requested 64 bytes, returning heap pointer 0x555570001930
milestone 33: syscall SBRK (process 3) -- hardware-recorded CS=0x1b (CPL=3) -- requested 56 bytes, returning heap pointer 0x555570001970
milestone 33: syscall SBRK (process 3) -- hardware-recorded CS=0x1b (CPL=3) -- requested 56 bytes, returning heap pointer 0x5555700019a8
milestone 33: syscall SBRK (process 3) -- hardware-recorded CS=0x1b (CPL=3) -- requested 40 bytes, returning heap pointer 0x5555700019e0
milestone 33: syscall SBRK (process 3) -- hardware-recorded CS=0x1b (CPL=3) -- requested 64 bytes, returning heap pointer 0x555570001a08
milestone 33: syscall SBRK (process 3) -- hardware-recorded CS=0x1b (CPL=3) -- requested 64 bytes, returning heap pointer 0x555570001a48
milestone 33: syscall SBRK (process 3) -- hardware-recorded CS=0x1b (CPL=3) -- requested 64 bytes, returning heap pointer 0x555570001a88
milestone 33: syscall SBRK (process 3) -- hardware-recorded CS=0x1b (CPL=3) -- requested 56 bytes, returning heap pointer 0x555570001ac8
milestone 33: syscall SBRK (process 3) -- hardware-recorded CS=0x1b (CPL=3) -- requested 56 bytes, returning heap pointer 0x555570001b00
milestone 33: syscall SBRK (process 3) -- hardware-recorded CS=0x1b (CPL=3) -- requested 200 bytes, returning heap pointer 0x555570001b38
milestone 33: syscall SBRK (process 3) -- hardware-recorded CS=0x1b (CPL=3) -- requested 136 bytes, returning heap pointer 0x555570001c00
milestone 33: syscall SBRK (process 3) -- hardware-recorded CS=0x1b (CPL=3) -- requested 16 bytes, returning heap pointer 0x555570001c88
milestone 33: syscall SBRK (process 3) -- hardware-recorded CS=0x1b (CPL=3) -- requested 2056 bytes, returning heap pointer 0x555570001c98
milestone 33: syscall SBRK (process 3) -- hardware-recorded CS=0x1b (CPL=3) -- requested 104 bytes, returning heap pointer 0x5555700024a0
milestone 33: syscall SBRK (process 3) -- hardware-recorded CS=0x1b (CPL=3) -- requested 104 bytes, returning heap pointer 0x555570002508
milestone 31: syscall WRITE (process 3) -- hardware-recorded CS=0x1b (CPL=3) -- ptr=0x5555500075c9 len=61 -- raw bytes >>>
  case24 (combine(7,5) = 7*10+5, real 2-param call) returned=
<<< end of write (61 bytes)
milestone 33: syscall WRITE (process 3) also reads its own private heap at 0x555570000000 -- marker byte 0x00 (' ')
milestone 31: syscall WRITE (process 3) -- hardware-recorded CS=0x1b (CPL=3) -- ptr=0x555560000e17 len=1 -- raw bytes >>>
7
<<< end of write (1 bytes)
milestone 33: syscall WRITE (process 3) also reads its own private heap at 0x555570000000 -- marker byte 0x00 (' ')
milestone 31: syscall WRITE (process 3) -- hardware-recorded CS=0x1b (CPL=3) -- ptr=0x555560000e17 len=1 -- raw bytes >>>
5
<<< end of write (1 bytes)
milestone 33: syscall WRITE (process 3) also reads its own private heap at 0x555570000000 -- marker byte 0x00 (' ')
milestone 31: syscall WRITE (process 3) -- hardware-recorded CS=0x1b (CPL=3) -- ptr=0x555550007606 len=15 -- raw bytes >>>
 (expected 75)

<<< end of write (15 bytes)
milestone 33: syscall WRITE (process 3) also reads its own private heap at 0x555570000000 -- marker byte 0x00 (' ')
milestone 31: syscall WRITE (process 3) -- hardware-recorded CS=0x1b (CPL=3) -- ptr=0x555550007615 len=33 -- raw bytes >>>
case24_two_param_call_returns_75=
<<< end of write (33 bytes)
milestone 33: syscall WRITE (process 3) also reads its own private heap at 0x555570000000 -- marker byte 0x00 (' ')
milestone 31: syscall WRITE (process 3) -- hardware-recorded CS=0x1b (CPL=3) -- ptr=0x55555000627c len=4 -- raw bytes >>>
PASS
<<< end of write (4 bytes)
milestone 33: syscall WRITE (process 3) also reads its own private heap at 0x555570000000 -- marker byte 0x00 (' ')
milestone 31: syscall WRITE (process 3) -- hardware-recorded CS=0x1b (CPL=3) -- ptr=0x555550006294 len=1 -- raw bytes >>>
 
<<< end of write (1 bytes)
milestone 33: syscall WRITE (process 3) also reads its own private heap at 0x555570000000 -- marker byte 0x00 (' ')
milestone 31: syscall WRITE (process 3) -- hardware-recorded CS=0x1b (CPL=3) -- ptr=0x5555500063a8 len=1 -- raw bytes >>>


<<< end of write (1 bytes)
milestone 33: syscall WRITE (process 3) also reads its own private heap at 0x555570000000 -- marker byte 0x00 (' ')
milestone 87: syscall SBRK_RESET (process 3) -- hardware-recorded CS=0x1b (CPL=3) -- heap break rewound to 0x555570000000
milestone 33: syscall SBRK (process 3) -- hardware-recorded CS=0x1b (CPL=3) -- requested 6152 bytes, returning heap pointer 0x555570000000
milestone 33: syscall SBRK (process 3) -- hardware-recorded CS=0x1b (CPL=3) -- requested 40 bytes, returning heap pointer 0x555570001808
milestone 33: syscall SBRK (process 3) -- hardware-recorded CS=0x1b (CPL=3) -- requested 64 bytes, returning heap pointer 0x555570001830
milestone 33: syscall SBRK (process 3) -- hardware-recorded CS=0x1b (CPL=3) -- requested 64 bytes, returning heap pointer 0x555570001870
milestone 33: syscall SBRK (process 3) -- hardware-recorded CS=0x1b (CPL=3) -- requested 64 bytes, returning heap pointer 0x5555700018b0
milestone 33: syscall SBRK (process 3) -- hardware-recorded CS=0x1b (CPL=3) -- requested 64 bytes, returning heap pointer 0x5555700018f0
milestone 33: syscall SBRK (process 3) -- hardware-recorded CS=0x1b (CPL=3) -- requested 64 bytes, returning heap pointer 0x555570001930
milestone 33: syscall SBRK (process 3) -- hardware-recorded CS=0x1b (CPL=3) -- requested 64 bytes, returning heap pointer 0x555570001970
milestone 33: syscall SBRK (process 3) -- hardware-recorded CS=0x1b (CPL=3) -- requested 64 bytes, returning heap pointer 0x5555700019b0
milestone 33: syscall SBRK (process 3) -- hardware-recorded CS=0x1b (CPL=3) -- requested 64 bytes, returning heap pointer 0x5555700019f0
milestone 33: syscall SBRK (process 3) -- hardware-recorded CS=0x1b (CPL=3) -- requested 64 bytes, returning heap pointer 0x555570001a30
milestone 33: syscall SBRK (process 3) -- hardware-recorded CS=0x1b (CPL=3) -- requested 56 bytes, returning heap pointer 0x555570001a70
milestone 33: syscall SBRK (process 3) -- hardware-recorded CS=0x1b (CPL=3) -- requested 56 bytes, returning heap pointer 0x555570001aa8
milestone 33: syscall SBRK (process 3) -- hardware-recorded CS=0x1b (CPL=3) -- requested 40 bytes, returning heap pointer 0x555570001ae0
milestone 33: syscall SBRK (process 3) -- hardware-recorded CS=0x1b (CPL=3) -- requested 64 bytes, returning heap pointer 0x555570001b08
milestone 33: syscall SBRK (process 3) -- hardware-recorded CS=0x1b (CPL=3) -- requested 64 bytes, returning heap pointer 0x555570001b48
milestone 33: syscall SBRK (process 3) -- hardware-recorded CS=0x1b (CPL=3) -- requested 64 bytes, returning heap pointer 0x555570001b88
milestone 33: syscall SBRK (process 3) -- hardware-recorded CS=0x1b (CPL=3) -- requested 64 bytes, returning heap pointer 0x555570001bc8
milestone 33: syscall SBRK (process 3) -- hardware-recorded CS=0x1b (CPL=3) -- requested 56 bytes, returning heap pointer 0x555570001c08
milestone 33: syscall SBRK (process 3) -- hardware-recorded CS=0x1b (CPL=3) -- requested 56 bytes, returning heap pointer 0x555570001c40
milestone 33: syscall SBRK (process 3) -- hardware-recorded CS=0x1b (CPL=3) -- requested 200 bytes, returning heap pointer 0x555570001c78
milestone 33: syscall SBRK (process 3) -- hardware-recorded CS=0x1b (CPL=3) -- requested 136 bytes, returning heap pointer 0x555570001d40
milestone 33: syscall SBRK (process 3) -- hardware-recorded CS=0x1b (CPL=3) -- requested 16 bytes, returning heap pointer 0x555570001dc8
milestone 33: syscall SBRK (process 3) -- hardware-recorded CS=0x1b (CPL=3) -- requested 2056 bytes, returning heap pointer 0x555570001dd8
milestone 33: syscall SBRK (process 3) -- hardware-recorded CS=0x1b (CPL=3) -- requested 104 bytes, returning heap pointer 0x5555700025e0
milestone 33: syscall SBRK (process 3) -- hardware-recorded CS=0x1b (CPL=3) -- requested 104 bytes, returning heap pointer 0x555570002648
milestone 31: syscall WRITE (process 3) -- hardware-recorded CS=0x1b (CPL=3) -- ptr=0x555550007697 len=50 -- raw bytes >>>
  case25 (mix(1,2,3), real 3-param call) returned=
<<< end of write (50 bytes)
milestone 33: syscall WRITE (process 3) also reads its own private heap at 0x555570000000 -- marker byte 0x00 (' ')
milestone 31: syscall WRITE (process 3) -- hardware-recorded CS=0x1b (CPL=3) -- ptr=0x555560000e17 len=1 -- raw bytes >>>
1
<<< end of write (1 bytes)
milestone 33: syscall WRITE (process 3) also reads its own private heap at 0x555570000000 -- marker byte 0x00 (' ')
milestone 31: syscall WRITE (process 3) -- hardware-recorded CS=0x1b (CPL=3) -- ptr=0x555560000e17 len=1 -- raw bytes >>>
2
<<< end of write (1 bytes)
milestone 33: syscall WRITE (process 3) also reads its own private heap at 0x555570000000 -- marker byte 0x00 (' ')
milestone 31: syscall WRITE (process 3) -- hardware-recorded CS=0x1b (CPL=3) -- ptr=0x555560000e17 len=1 -- raw bytes >>>
3
<<< end of write (1 bytes)
milestone 33: syscall WRITE (process 3) also reads its own private heap at 0x555570000000 -- marker byte 0x00 (' ')
milestone 31: syscall WRITE (process 3) -- hardware-recorded CS=0x1b (CPL=3) -- ptr=0x5555500066f3 len=16 -- raw bytes >>>
 (expected 123)

<<< end of write (16 bytes)
milestone 33: syscall WRITE (process 3) also reads its own private heap at 0x555570000000 -- marker byte 0x00 (' ')
milestone 31: syscall WRITE (process 3) -- hardware-recorded CS=0x1b (CPL=3) -- ptr=0x5555500076c9 len=36 -- raw bytes >>>
case25_three_param_call_returns_123=
<<< end of write (36 bytes)
milestone 33: syscall WRITE (process 3) also reads its own private heap at 0x555570000000 -- marker byte 0x00 (' ')
milestone 31: syscall WRITE (process 3) -- hardware-recorded CS=0x1b (CPL=3) -- ptr=0x55555000627c len=4 -- raw bytes >>>
PASS
<<< end of write (4 bytes)
milestone 33: syscall WRITE (process 3) also reads its own private heap at 0x555570000000 -- marker byte 0x00 (' ')
milestone 31: syscall WRITE (process 3) -- hardware-recorded CS=0x1b (CPL=3) -- ptr=0x555550006294 len=1 -- raw bytes >>>
 
<<< end of write (1 bytes)
milestone 33: syscall WRITE (process 3) also reads its own private heap at 0x555570000000 -- marker byte 0x00 (' ')
milestone 31: syscall WRITE (process 3) -- hardware-recorded CS=0x1b (CPL=3) -- ptr=0x5555500063a8 len=1 -- raw bytes >>>


<<< end of write (1 bytes)
milestone 33: syscall WRITE (process 3) also reads its own private heap at 0x555570000000 -- marker byte 0x00 (' ')
milestone 87: syscall SBRK_RESET (process 3) -- hardware-recorded CS=0x1b (CPL=3) -- heap break rewound to 0x555570000000
milestone 33: syscall SBRK (process 3) -- hardware-recorded CS=0x1b (CPL=3) -- requested 6152 bytes, returning heap pointer 0x555570000000
milestone 33: syscall SBRK (process 3) -- hardware-recorded CS=0x1b (CPL=3) -- requested 40 bytes, returning heap pointer 0x555570001808
milestone 33: syscall SBRK (process 3) -- hardware-recorded CS=0x1b (CPL=3) -- requested 64 bytes, returning heap pointer 0x555570001830
milestone 33: syscall SBRK (process 3) -- hardware-recorded CS=0x1b (CPL=3) -- requested 64 bytes, returning heap pointer 0x555570001870
milestone 33: syscall SBRK (process 3) -- hardware-recorded CS=0x1b (CPL=3) -- requested 64 bytes, returning heap pointer 0x5555700018b0
milestone 33: syscall SBRK (process 3) -- hardware-recorded CS=0x1b (CPL=3) -- requested 64 bytes, returning heap pointer 0x5555700018f0
milestone 33: syscall SBRK (process 3) -- hardware-recorded CS=0x1b (CPL=3) -- requested 64 bytes, returning heap pointer 0x555570001930
milestone 33: syscall SBRK (process 3) -- hardware-recorded CS=0x1b (CPL=3) -- requested 64 bytes, returning heap pointer 0x555570001970
milestone 33: syscall SBRK (process 3) -- hardware-recorded CS=0x1b (CPL=3) -- requested 64 bytes, returning heap pointer 0x5555700019b0
milestone 33: syscall SBRK (process 3) -- hardware-recorded CS=0x1b (CPL=3) -- requested 64 bytes, returning heap pointer 0x5555700019f0
milestone 33: syscall SBRK (process 3) -- hardware-recorded CS=0x1b (CPL=3) -- requested 64 bytes, returning heap pointer 0x555570001a30
milestone 33: syscall SBRK (process 3) -- hardware-recorded CS=0x1b (CPL=3) -- requested 64 bytes, returning heap pointer 0x555570001a70
milestone 33: syscall SBRK (process 3) -- hardware-recorded CS=0x1b (CPL=3) -- requested 64 bytes, returning heap pointer 0x555570001ab0
milestone 33: syscall SBRK (process 3) -- hardware-recorded CS=0x1b (CPL=3) -- requested 64 bytes, returning heap pointer 0x555570001af0
milestone 33: syscall SBRK (process 3) -- hardware-recorded CS=0x1b (CPL=3) -- requested 64 bytes, returning heap pointer 0x555570001b30
milestone 33: syscall SBRK (process 3) -- hardware-recorded CS=0x1b (CPL=3) -- requested 56 bytes, returning heap pointer 0x555570001b70
milestone 33: syscall SBRK (process 3) -- hardware-recorded CS=0x1b (CPL=3) -- requested 56 bytes, returning heap pointer 0x555570001ba8
milestone 33: syscall SBRK (process 3) -- hardware-recorded CS=0x1b (CPL=3) -- requested 40 bytes, returning heap pointer 0x555570001be0
milestone 33: syscall SBRK (process 3) -- hardware-recorded CS=0x1b (CPL=3) -- requested 64 bytes, returning heap pointer 0x555570001c08
milestone 33: syscall SBRK (process 3) -- hardware-recorded CS=0x1b (CPL=3) -- requested 64 bytes, returning heap pointer 0x555570001c48
milestone 33: syscall SBRK (process 3) -- hardware-recorded CS=0x1b (CPL=3) -- requested 64 bytes, returning heap pointer 0x555570001c88
milestone 33: syscall SBRK (process 3) -- hardware-recorded CS=0x1b (CPL=3) -- requested 64 bytes, returning heap pointer 0x555570001cc8
milestone 33: syscall SBRK (process 3) -- hardware-recorded CS=0x1b (CPL=3) -- requested 64 bytes, returning heap pointer 0x555570001d08
milestone 33: syscall SBRK (process 3) -- hardware-recorded CS=0x1b (CPL=3) -- requested 56 bytes, returning heap pointer 0x555570001d48
milestone 33: syscall SBRK (process 3) -- hardware-recorded CS=0x1b (CPL=3) -- requested 56 bytes, returning heap pointer 0x555570001d80
milestone 33: syscall SBRK (process 3) -- hardware-recorded CS=0x1b (CPL=3) -- requested 200 bytes, returning heap pointer 0x555570001db8
milestone 33: syscall SBRK (process 3) -- hardware-recorded CS=0x1b (CPL=3) -- requested 136 bytes, returning heap pointer 0x555570001e80
milestone 33: syscall SBRK (process 3) -- hardware-recorded CS=0x1b (CPL=3) -- requested 16 bytes, returning heap pointer 0x555570001f08
milestone 33: syscall SBRK (process 3) -- hardware-recorded CS=0x1b (CPL=3) -- requested 2056 bytes, returning heap pointer 0x555570001f18
milestone 33: syscall SBRK (process 3) -- hardware-recorded CS=0x1b (CPL=3) -- requested 104 bytes, returning heap pointer 0x555570002720
milestone 33: syscall SBRK (process 3) -- hardware-recorded CS=0x1b (CPL=3) -- requested 104 bytes, returning heap pointer 0x555570002788
milestone 31: syscall WRITE (process 3) -- hardware-recorded CS=0x1b (CPL=3) -- ptr=0x555550007765 len=53 -- raw bytes >>>
  case26 (mix4(1,2,3,4), real 4-param call) returned=
<<< end of write (53 bytes)
milestone 33: syscall WRITE (process 3) also reads its own private heap at 0x555570000000 -- marker byte 0x00 (' ')
milestone 31: syscall WRITE (process 3) -- hardware-recorded CS=0x1b (CPL=3) -- ptr=0x555560000e17 len=1 -- raw bytes >>>
1
<<< end of write (1 bytes)
milestone 33: syscall WRITE (process 3) also reads its own private heap at 0x555570000000 -- marker byte 0x00 (' ')
milestone 31: syscall WRITE (process 3) -- hardware-recorded CS=0x1b (CPL=3) -- ptr=0x555560000e17 len=1 -- raw bytes >>>
2
<<< end of write (1 bytes)
milestone 33: syscall WRITE (process 3) also reads its own private heap at 0x555570000000 -- marker byte 0x00 (' ')
milestone 31: syscall WRITE (process 3) -- hardware-recorded CS=0x1b (CPL=3) -- ptr=0x555560000e17 len=1 -- raw bytes >>>
3
<<< end of write (1 bytes)
milestone 33: syscall WRITE (process 3) also reads its own private heap at 0x555570000000 -- marker byte 0x00 (' ')
milestone 31: syscall WRITE (process 3) -- hardware-recorded CS=0x1b (CPL=3) -- ptr=0x555560000e17 len=1 -- raw bytes >>>
4
<<< end of write (1 bytes)
milestone 33: syscall WRITE (process 3) also reads its own private heap at 0x555570000000 -- marker byte 0x00 (' ')
milestone 31: syscall WRITE (process 3) -- hardware-recorded CS=0x1b (CPL=3) -- ptr=0x55555000779a len=17 -- raw bytes >>>
 (expected 1234)

<<< end of write (17 bytes)
milestone 33: syscall WRITE (process 3) also reads its own private heap at 0x555570000000 -- marker byte 0x00 (' ')
milestone 31: syscall WRITE (process 3) -- hardware-recorded CS=0x1b (CPL=3) -- ptr=0x5555500077ab len=36 -- raw bytes >>>
case26_four_param_call_returns_1234=
<<< end of write (36 bytes)
milestone 33: syscall WRITE (process 3) also reads its own private heap at 0x555570000000 -- marker byte 0x00 (' ')
milestone 31: syscall WRITE (process 3) -- hardware-recorded CS=0x1b (CPL=3) -- ptr=0x55555000627c len=4 -- raw bytes >>>
PASS
<<< end of write (4 bytes)
milestone 33: syscall WRITE (process 3) also reads its own private heap at 0x555570000000 -- marker byte 0x00 (' ')
milestone 31: syscall WRITE (process 3) -- hardware-recorded CS=0x1b (CPL=3) -- ptr=0x555550006294 len=1 -- raw bytes >>>
 
<<< end of write (1 bytes)
milestone 33: syscall WRITE (process 3) also reads its own private heap at 0x555570000000 -- marker byte 0x00 (' ')
milestone 31: syscall WRITE (process 3) -- hardware-recorded CS=0x1b (CPL=3) -- ptr=0x5555500063a8 len=1 -- raw bytes >>>


<<< end of write (1 bytes)
milestone 33: syscall WRITE (process 3) also reads its own private heap at 0x555570000000 -- marker byte 0x00 (' ')
milestone 87: syscall SBRK_RESET (process 3) -- hardware-recorded CS=0x1b (CPL=3) -- heap break rewound to 0x555570000000
milestone 33: syscall SBRK (process 3) -- hardware-recorded CS=0x1b (CPL=3) -- requested 6152 bytes, returning heap pointer 0x555570000000
milestone 33: syscall SBRK (process 3) -- hardware-recorded CS=0x1b (CPL=3) -- requested 40 bytes, returning heap pointer 0x555570001808
milestone 33: syscall SBRK (process 3) -- hardware-recorded CS=0x1b (CPL=3) -- requested 64 bytes, returning heap pointer 0x555570001830
milestone 33: syscall SBRK (process 3) -- hardware-recorded CS=0x1b (CPL=3) -- requested 64 bytes, returning heap pointer 0x555570001870
milestone 33: syscall SBRK (process 3) -- hardware-recorded CS=0x1b (CPL=3) -- requested 64 bytes, returning heap pointer 0x5555700018b0
milestone 33: syscall SBRK (process 3) -- hardware-recorded CS=0x1b (CPL=3) -- requested 56 bytes, returning heap pointer 0x5555700018f0
milestone 33: syscall SBRK (process 3) -- hardware-recorded CS=0x1b (CPL=3) -- requested 56 bytes, returning heap pointer 0x555570001928
milestone 33: syscall SBRK (process 3) -- hardware-recorded CS=0x1b (CPL=3) -- requested 56 bytes, returning heap pointer 0x555570001960
milestone 33: syscall SBRK (process 3) -- hardware-recorded CS=0x1b (CPL=3) -- requested 64 bytes, returning heap pointer 0x555570001998
milestone 33: syscall SBRK (process 3) -- hardware-recorded CS=0x1b (CPL=3) -- requested 56 bytes, returning heap pointer 0x5555700019d8
milestone 33: syscall SBRK (process 3) -- hardware-recorded CS=0x1b (CPL=3) -- requested 40 bytes, returning heap pointer 0x555570001a10
milestone 33: syscall SBRK (process 3) -- hardware-recorded CS=0x1b (CPL=3) -- requested 64 bytes, returning heap pointer 0x555570001a38
milestone 33: syscall SBRK (process 3) -- hardware-recorded CS=0x1b (CPL=3) -- requested 40 bytes, returning heap pointer 0x555570001a78
milestone 33: syscall SBRK (process 3) -- hardware-recorded CS=0x1b (CPL=3) -- requested 64 bytes, returning heap pointer 0x555570001aa0
milestone 33: syscall SBRK (process 3) -- hardware-recorded CS=0x1b (CPL=3) -- requested 64 bytes, returning heap pointer 0x555570001ae0
milestone 33: syscall SBRK (process 3) -- hardware-recorded CS=0x1b (CPL=3) -- requested 64 bytes, returning heap pointer 0x555570001b20
milestone 33: syscall SBRK (process 3) -- hardware-recorded CS=0x1b (CPL=3) -- requested 64 bytes, returning heap pointer 0x555570001b60
milestone 33: syscall SBRK (process 3) -- hardware-recorded CS=0x1b (CPL=3) -- requested 56 bytes, returning heap pointer 0x555570001ba0
milestone 33: syscall SBRK (process 3) -- hardware-recorded CS=0x1b (CPL=3) -- requested 56 bytes, returning heap pointer 0x555570001bd8
milestone 33: syscall SBRK (process 3) -- hardware-recorded CS=0x1b (CPL=3) -- requested 200 bytes, returning heap pointer 0x555570001c10
milestone 33: syscall SBRK (process 3) -- hardware-recorded CS=0x1b (CPL=3) -- requested 136 bytes, returning heap pointer 0x555570001cd8
milestone 33: syscall SBRK (process 3) -- hardware-recorded CS=0x1b (CPL=3) -- requested 16 bytes, returning heap pointer 0x555570001d60
milestone 33: syscall SBRK (process 3) -- hardware-recorded CS=0x1b (CPL=3) -- requested 2056 bytes, returning heap pointer 0x555570001d70
milestone 33: syscall SBRK (process 3) -- hardware-recorded CS=0x1b (CPL=3) -- requested 104 bytes, returning heap pointer 0x555570002578
milestone 33: syscall SBRK (process 3) -- hardware-recorded CS=0x1b (CPL=3) -- requested 104 bytes, returning heap pointer 0x5555700025e0
milestone 31: syscall WRITE (process 3) -- hardware-recorded CS=0x1b (CPL=3) -- ptr=0x55555000782d len=71 -- raw bytes >>>
  case27 (add(x, add(1,2)) with x=5, nested call as argument) returned=
<<< end of write (71 bytes)
milestone 33: syscall WRITE (process 3) also reads its own private heap at 0x555570000000 -- marker byte 0x00 (' ')
milestone 31: syscall WRITE (process 3) -- hardware-recorded CS=0x1b (CPL=3) -- ptr=0x555560000e17 len=1 -- raw bytes >>>
8
<<< end of write (1 bytes)
milestone 33: syscall WRITE (process 3) also reads its own private heap at 0x555570000000 -- marker byte 0x00 (' ')
milestone 31: syscall WRITE (process 3) -- hardware-recorded CS=0x1b (CPL=3) -- ptr=0x555550007874 len=14 -- raw bytes >>>
 (expected 8)

<<< end of write (14 bytes)
milestone 33: syscall WRITE (process 3) also reads its own private heap at 0x555570000000 -- marker byte 0x00 (' ')
milestone 31: syscall WRITE (process 3) -- hardware-recorded CS=0x1b (CPL=3) -- ptr=0x555550007882 len=41 -- raw bytes >>>
case27_nested_call_as_argument_returns_8=
<<< end of write (41 bytes)
milestone 33: syscall WRITE (process 3) also reads its own private heap at 0x555570000000 -- marker byte 0x00 (' ')
milestone 31: syscall WRITE (process 3) -- hardware-recorded CS=0x1b (CPL=3) -- ptr=0x55555000627c len=4 -- raw bytes >>>
PASS
<<< end of write (4 bytes)
milestone 33: syscall WRITE (process 3) also reads its own private heap at 0x555570000000 -- marker byte 0x00 (' ')
milestone 31: syscall WRITE (process 3) -- hardware-recorded CS=0x1b (CPL=3) -- ptr=0x555550006294 len=1 -- raw bytes >>>
 
<<< end of write (1 bytes)
milestone 33: syscall WRITE (process 3) also reads its own private heap at 0x555570000000 -- marker byte 0x00 (' ')
milestone 31: syscall WRITE (process 3) -- hardware-recorded CS=0x1b (CPL=3) -- ptr=0x5555500063a8 len=1 -- raw bytes >>>


<<< end of write (1 bytes)
milestone 33: syscall WRITE (process 3) also reads its own private heap at 0x555570000000 -- marker byte 0x00 (' ')
milestone 87: syscall SBRK_RESET (process 3) -- hardware-recorded CS=0x1b (CPL=3) -- heap break rewound to 0x555570000000
milestone 33: syscall SBRK (process 3) -- hardware-recorded CS=0x1b (CPL=3) -- requested 6152 bytes, returning heap pointer 0x555570000000
milestone 33: syscall SBRK (process 3) -- hardware-recorded CS=0x1b (CPL=3) -- requested 40 bytes, returning heap pointer 0x555570001808
milestone 33: syscall SBRK (process 3) -- hardware-recorded CS=0x1b (CPL=3) -- requested 64 bytes, returning heap pointer 0x555570001830
milestone 33: syscall SBRK (process 3) -- hardware-recorded CS=0x1b (CPL=3) -- requested 64 bytes, returning heap pointer 0x555570001870
milestone 33: syscall SBRK (process 3) -- hardware-recorded CS=0x1b (CPL=3) -- requested 64 bytes, returning heap pointer 0x5555700018b0
milestone 33: syscall SBRK (process 3) -- hardware-recorded CS=0x1b (CPL=3) -- requested 64 bytes, returning heap pointer 0x5555700018f0
milestone 33: syscall SBRK (process 3) -- hardware-recorded CS=0x1b (CPL=3) -- requested 64 bytes, returning heap pointer 0x555570001930
milestone 33: syscall SBRK (process 3) -- hardware-recorded CS=0x1b (CPL=3) -- requested 56 bytes, returning heap pointer 0x555570001970
milestone 33: syscall SBRK (process 3) -- hardware-recorded CS=0x1b (CPL=3) -- requested 56 bytes, returning heap pointer 0x5555700019a8
milestone 33: syscall SBRK (process 3) -- hardware-recorded CS=0x1b (CPL=3) -- requested 40 bytes, returning heap pointer 0x5555700019e0
milestone 33: syscall SBRK (process 3) -- hardware-recorded CS=0x1b (CPL=3) -- requested 64 bytes, returning heap pointer 0x555570001a08
milestone 33: syscall SBRK (process 3) -- hardware-recorded CS=0x1b (CPL=3) -- requested 64 bytes, returning heap pointer 0x555570001a48
milestone 33: syscall SBRK (process 3) -- hardware-recorded CS=0x1b (CPL=3) -- requested 64 bytes, returning heap pointer 0x555570001a88
milestone 33: syscall SBRK (process 3) -- hardware-recorded CS=0x1b (CPL=3) -- requested 56 bytes, returning heap pointer 0x555570001ac8
milestone 33: syscall SBRK (process 3) -- hardware-recorded CS=0x1b (CPL=3) -- requested 56 bytes, returning heap pointer 0x555570001b00
milestone 33: syscall SBRK (process 3) -- hardware-recorded CS=0x1b (CPL=3) -- requested 200 bytes, returning heap pointer 0x555570001b38
milestone 33: syscall SBRK (process 3) -- hardware-recorded CS=0x1b (CPL=3) -- requested 136 bytes, returning heap pointer 0x555570001c00
milestone 33: syscall SBRK (process 3) -- hardware-recorded CS=0x1b (CPL=3) -- requested 16 bytes, returning heap pointer 0x555570001c88
milestone 33: syscall SBRK (process 3) -- hardware-recorded CS=0x1b (CPL=3) -- requested 2056 bytes, returning heap pointer 0x555570001c98
milestone 33: syscall SBRK (process 3) -- hardware-recorded CS=0x1b (CPL=3) -- requested 104 bytes, returning heap pointer 0x5555700024a0
milestone 33: syscall SBRK (process 3) -- hardware-recorded CS=0x1b (CPL=3) -- requested 104 bytes, returning heap pointer 0x555570002508
milestone 33: syscall SBRK (process 3) -- hardware-recorded CS=0x1b (CPL=3) -- requested 232 bytes, returning heap pointer 0x555570002570
milestone 82: syscall OPEN_TRUNC (process 3) -- hardware-recorded CS=0x1b (CPL=3) -- path='ccout1' -> fd 0 (truncated)
milestone 35: syscall FDWRITE (process 3) -- hardware-recorded CS=0x1b (CPL=3) -- fd=0 requested=217 accepted=217 bytes
milestone 35: syscall CLOSE (process 3) -- fd 0 was dirty, persisted 217 bytes to 'ccout1' on the real on-disk filesystem
milestone 35: syscall CLOSE (process 3) -- hardware-recorded CS=0x1b (CPL=3) -- fd=0 closed successfully
milestone 30: process forked-child -- user p4 index computed as 170 (code 0x555550000000, stack 0x555560000000)
milestone 30: process forked-child -- new pml4 0x234000 populated: 511 kernel-space entries shared, index 170 left private
milestone 30: process forked-child -- private code page mapped to frame 0x237000, private stack page mapped to frame 0x23a000
milestone 100: process forked-child -- 7 extra stack page(s) mapped below USER_STACK_ADDR (32 KiB total stack)
milestone 57: process forked-child -- private heap RESERVED (not mapped): 64 pages at 0x555570000000..0x55557003ffff, 0 physical frames committed until a real page fault demand-pages one
milestone 34: process forked-child -- copied 4096 image bytes into private code frame 0x237000
milestone 37: fork() -- child's code frame 0x237000 holds a REAL byte-for-byte copy of the parent's code frame 0x204000 (independently verifiable: same virtual address USER_CODE_ADDR under either process's own CR3, genuinely different physical frames)
milestone 69: fork() -- child also got 15 extra code page(s) REALLY remapped+copied (real fix -- see extra_frames' own doc comment on Process for the bug this closes; a multi-page ELF-loaded parent's pages beyond page 0 used to be silently dropped by fork())
milestone 37: syscall FORK (process 3, 'elf-loaded') -- created child pid 14: pml4=0x234000 code_frame=0x237000 resume point rip=0x5555500020eb rsp=0x555560000e38
milestone 37: syscall FORK (process 3) -- hardware-recorded CS=0x1b (CPL=3) -- created child pid 14
milestone 37: wait() -- switching CR3 to forked child pid 14's own pml4 0x234000, resuming at rip=0x5555500020eb rsp=0x555560000e38 (its own fork()-time snapshot, rax forced to 0)
milestone 36: process exec'd -- ELF validated: e_entry=0x5555500000aa falls inside a mapped segment, 1 PT_LOAD segment(s), 1 total page(s), all within private p4 index 170
milestone 36: process exec'd -- new pml4 0x259000 populated: 511 kernel-space entries shared, index 170 left private
milestone 36: process exec'd -- mapped 1 PT_LOAD page(s): [(93824902758400, 2498560, 217, 5)]
milestone 36: process exec'd -- private stack page mapped to frame 0x261000
milestone 100: process exec'd -- 7 extra stack page(s) mapped below USER_STACK_ADDR (32 KiB total stack)
milestone 57: process exec'd -- private heap RESERVED (not mapped): 64 pages at 0x555570000000..0x55557003ffff, 0 physical frames committed until a real page fault demand-pages one
milestone 54: reclaim_process_frames('forked-child') -- freed 38 physical frame(s) back to the allocator's free list
milestone 45: syscall EXEC (process 14) -- REAL teardown-and-rebuild complete: new pml4=0x259000, new entry=0x5555500000aa (real parsed e_entry), fd table/parent_pid/pgid preserved, CR3 switched
milestone 45: syscall EXEC (process 14) -- hardware-recorded CS=0x1b (CPL=3) -- REAL teardown-and-rebuild from 'ccout1' (217 real ELF bytes read from the on-disk filesystem), new address space, jumping directly into the real parsed entry 0x5555500000aa, never returning to the old one
milestone 30: syscall EXIT -- hardware-recorded CS=0x1b (CPL=3) -- discarding ring-3 context, resuming kernel context
milestone 37: wait() -- forked child pid 14 resumed in kernel context (its own exit() syscall ran; CR3 is currently the KERNEL's own, restored to the parent's by wait_for_child() next)
milestone 54: reclaim_process_frames('exec'd') -- freed 15 physical frame(s) back to the allocator's free list
milestone 43: syscall WAIT (process 3) -- child pid 14 ran to completion and was reaped (real exit code 75), CR3 restored to parent's own pml4 0x205000
milestone 43: syscall WAIT (process 3) -- hardware-recorded CS=0x1b (CPL=3) -- reaped child pid 14, exited normally with code 75
milestone 31: syscall WRITE (process 3) -- hardware-recorded CS=0x1b (CPL=3) -- ptr=0x555550006a21 len=70 -- raw bytes >>>
  real on-disk ELF written, real fork()+exec()+wait() -- child exited=
<<< end of write (70 bytes)
milestone 33: syscall WRITE (process 3) also reads its own private heap at 0x555570000000 -- marker byte 0x00 (' ')
milestone 31: syscall WRITE (process 3) -- hardware-recorded CS=0x1b (CPL=3) -- ptr=0x555550006280 len=4 -- raw bytes >>>
true
<<< end of write (4 bytes)
milestone 33: syscall WRITE (process 3) also reads its own private heap at 0x555570000000 -- marker byte 0x00 (' ')
milestone 31: syscall WRITE (process 3) -- hardware-recorded CS=0x1b (CPL=3) -- ptr=0x555550006703 len=16 -- raw bytes >>>
 real exit code=
<<< end of write (16 bytes)
milestone 33: syscall WRITE (process 3) also reads its own private heap at 0x555570000000 -- marker byte 0x00 (' ')
milestone 31: syscall WRITE (process 3) -- hardware-recorded CS=0x1b (CPL=3) -- ptr=0x555560000e17 len=1 -- raw bytes >>>
7
<<< end of write (1 bytes)
milestone 33: syscall WRITE (process 3) also reads its own private heap at 0x555570000000 -- marker byte 0x00 (' ')
milestone 31: syscall WRITE (process 3) -- hardware-recorded CS=0x1b (CPL=3) -- ptr=0x555560000e17 len=1 -- raw bytes >>>
5
<<< end of write (1 bytes)
milestone 33: syscall WRITE (process 3) also reads its own private heap at 0x555570000000 -- marker byte 0x00 (' ')
milestone 31: syscall WRITE (process 3) -- hardware-recorded CS=0x1b (CPL=3) -- ptr=0x555550006a6c len=28 -- raw bytes >>>
 (expected exited=true code=
<<< end of write (28 bytes)
milestone 33: syscall WRITE (process 3) also reads its own private heap at 0x555570000000 -- marker byte 0x00 (' ')
milestone 31: syscall WRITE (process 3) -- hardware-recorded CS=0x1b (CPL=3) -- ptr=0x555560000e17 len=1 -- raw bytes >>>
7
<<< end of write (1 bytes)
milestone 33: syscall WRITE (process 3) also reads its own private heap at 0x555570000000 -- marker byte 0x00 (' ')
milestone 31: syscall WRITE (process 3) -- hardware-recorded CS=0x1b (CPL=3) -- ptr=0x555560000e17 len=1 -- raw bytes >>>
5
<<< end of write (1 bytes)
milestone 33: syscall WRITE (process 3) also reads its own private heap at 0x555570000000 -- marker byte 0x00 (' ')
milestone 31: syscall WRITE (process 3) -- hardware-recorded CS=0x1b (CPL=3) -- ptr=0x555550006a88 len=2 -- raw bytes >>>
)

<<< end of write (2 bytes)
milestone 33: syscall WRITE (process 3) also reads its own private heap at 0x555570000000 -- marker byte 0x00 (' ')
milestone 31: syscall WRITE (process 3) -- hardware-recorded CS=0x1b (CPL=3) -- ptr=0x5555500078da len=47 -- raw bytes >>>
case28_real_elf_exec_two_param_call_returns_75=
<<< end of write (47 bytes)
milestone 33: syscall WRITE (process 3) also reads its own private heap at 0x555570000000 -- marker byte 0x00 (' ')
milestone 31: syscall WRITE (process 3) -- hardware-recorded CS=0x1b (CPL=3) -- ptr=0x55555000627c len=4 -- raw bytes >>>
PASS
<<< end of write (4 bytes)
milestone 33: syscall WRITE (process 3) also reads its own private heap at 0x555570000000 -- marker byte 0x00 (' ')
milestone 31: syscall WRITE (process 3) -- hardware-recorded CS=0x1b (CPL=3) -- ptr=0x555550006294 len=1 -- raw bytes >>>
 
<<< end of write (1 bytes)
milestone 33: syscall WRITE (process 3) also reads its own private heap at 0x555570000000 -- marker byte 0x00 (' ')
milestone 31: syscall WRITE (process 3) -- hardware-recorded CS=0x1b (CPL=3) -- ptr=0x5555500063a8 len=1 -- raw bytes >>>


<<< end of write (1 bytes)
milestone 33: syscall WRITE (process 3) also reads its own private heap at 0x555570000000 -- marker byte 0x00 (' ')
milestone 33: syscall SBRK (process 3) -- hardware-recorded CS=0x1b (CPL=3) -- requested 6152 bytes, returning heap pointer 0x555570002658
milestone 33: syscall SBRK (process 3) -- hardware-recorded CS=0x1b (CPL=3) -- requested 40 bytes, returning heap pointer 0x555570003e60
milestone 33: syscall SBRK (process 3) -- hardware-recorded CS=0x1b (CPL=3) -- requested 64 bytes, returning heap pointer 0x555570003e88
milestone 33: syscall SBRK (process 3) -- hardware-recorded CS=0x1b (CPL=3) -- requested 64 bytes, returning heap pointer 0x555570003ec8
milestone 33: syscall SBRK (process 3) -- hardware-recorded CS=0x1b (CPL=3) -- requested 64 bytes, returning heap pointer 0x555570003f08
milestone 33: syscall SBRK (process 3) -- hardware-recorded CS=0x1b (CPL=3) -- requested 56 bytes, returning heap pointer 0x555570003f48
milestone 33: syscall SBRK (process 3) -- hardware-recorded CS=0x1b (CPL=3) -- requested 56 bytes, returning heap pointer 0x555570003f80
milestone 33: syscall SBRK (process 3) -- hardware-recorded CS=0x1b (CPL=3) -- requested 200 bytes, returning heap pointer 0x555570003fb8
milestone 33: syscall SBRK (process 3) -- hardware-recorded CS=0x1b (CPL=3) -- requested 136 bytes, returning heap pointer 0x555570004080
milestone 33: syscall SBRK (process 3) -- hardware-recorded CS=0x1b (CPL=3) -- requested 16 bytes, returning heap pointer 0x555570004108
milestone 33: syscall SBRK (process 3) -- hardware-recorded CS=0x1b (CPL=3) -- requested 2056 bytes, returning heap pointer 0x555570004118
milestone 33: syscall SBRK (process 3) -- hardware-recorded CS=0x1b (CPL=3) -- requested 104 bytes, returning heap pointer 0x555570004920
milestone 31: syscall WRITE (process 3) -- hardware-recorded CS=0x1b (CPL=3) -- ptr=0x555550007909 len=66 -- raw bytes >>>
  case29 real codegen error -- undeclared function at byte offset=
<<< end of write (66 bytes)
milestone 33: syscall WRITE (process 3) also reads its own private heap at 0x555570000000 -- marker byte 0x00 (' ')
milestone 31: syscall WRITE (process 3) -- hardware-recorded CS=0x1b (CPL=3) -- ptr=0x555560000e17 len=1 -- raw bytes >>>
2
<<< end of write (1 bytes)
milestone 33: syscall WRITE (process 3) also reads its own private heap at 0x555570000000 -- marker byte 0x00 (' ')
milestone 31: syscall WRITE (process 3) -- hardware-recorded CS=0x1b (CPL=3) -- ptr=0x555560000e17 len=1 -- raw bytes >>>
0
<<< end of write (1 bytes)
milestone 33: syscall WRITE (process 3) also reads its own private heap at 0x555570000000 -- marker byte 0x00 (' ')
milestone 31: syscall WRITE (process 3) -- hardware-recorded CS=0x1b (CPL=3) -- ptr=0x5555500063a8 len=1 -- raw bytes >>>


<<< end of write (1 bytes)
milestone 33: syscall WRITE (process 3) also reads its own private heap at 0x555570000000 -- marker byte 0x00 (' ')
milestone 31: syscall WRITE (process 3) -- hardware-recorded CS=0x1b (CPL=3) -- ptr=0x5555500079e7 len=45 -- raw bytes >>>
case29_undeclared_function_error_at_offset20=
<<< end of write (45 bytes)
milestone 33: syscall WRITE (process 3) also reads its own private heap at 0x555570000000 -- marker byte 0x00 (' ')
milestone 31: syscall WRITE (process 3) -- hardware-recorded CS=0x1b (CPL=3) -- ptr=0x55555000627c len=4 -- raw bytes >>>
PASS
<<< end of write (4 bytes)
milestone 33: syscall WRITE (process 3) also reads its own private heap at 0x555570000000 -- marker byte 0x00 (' ')
milestone 31: syscall WRITE (process 3) -- hardware-recorded CS=0x1b (CPL=3) -- ptr=0x555550006294 len=1 -- raw bytes >>>
 
<<< end of write (1 bytes)
milestone 33: syscall WRITE (process 3) also reads its own private heap at 0x555570000000 -- marker byte 0x00 (' ')
milestone 31: syscall WRITE (process 3) -- hardware-recorded CS=0x1b (CPL=3) -- ptr=0x5555500063a8 len=1 -- raw bytes >>>


<<< end of write (1 bytes)
milestone 33: syscall WRITE (process 3) also reads its own private heap at 0x555570000000 -- marker byte 0x00 (' ')
milestone 31: syscall WRITE (process 3) -- hardware-recorded CS=0x1b (CPL=3) -- ptr=0x555550007a14 len=12 -- raw bytes >>>
OVERALL_M72=
<<< end of write (12 bytes)
milestone 33: syscall WRITE (process 3) also reads its own private heap at 0x555570000000 -- marker byte 0x00 (' ')
milestone 31: syscall WRITE (process 3) -- hardware-recorded CS=0x1b (CPL=3) -- ptr=0x55555000627c len=4 -- raw bytes >>>
PASS
<<< end of write (4 bytes)
milestone 33: syscall WRITE (process 3) also reads its own private heap at 0x555570000000 -- marker byte 0x00 (' ')
milestone 31: syscall WRITE (process 3) -- hardware-recorded CS=0x1b (CPL=3) -- ptr=0x5555500063a8 len=1 -- raw bytes >>>


<<< end of write (1 bytes)
milestone 33: syscall WRITE (process 3) also reads its own private heap at 0x555570000000 -- marker byte 0x00 (' ')
milestone 31: syscall WRITE (process 3) -- hardware-recorded CS=0x1b (CPL=3) -- ptr=0x5555500063a8 len=1 -- raw bytes >>>


<<< end of write (1 bytes)
milestone 33: syscall WRITE (process 3) also reads its own private heap at 0x555570000000 -- marker byte 0x00 (' ')
milestone 31: syscall WRITE (process 3) -- hardware-recorded CS=0x1b (CPL=3) -- ptr=0x555550007a20 len=61 -- raw bytes >>>
milestone 73: cc direct self-recursion verification starting

<<< end of write (61 bytes)
milestone 33: syscall WRITE (process 3) also reads its own private heap at 0x555570000000 -- marker byte 0x00 (' ')
milestone 87: syscall SBRK_RESET (process 3) -- hardware-recorded CS=0x1b (CPL=3) -- heap break rewound to 0x555570000000
milestone 33: syscall SBRK (process 3) -- hardware-recorded CS=0x1b (CPL=3) -- requested 6152 bytes, returning heap pointer 0x555570000000
milestone 33: syscall SBRK (process 3) -- hardware-recorded CS=0x1b (CPL=3) -- requested 40 bytes, returning heap pointer 0x555570001808
milestone 33: syscall SBRK (process 3) -- hardware-recorded CS=0x1b (CPL=3) -- requested 64 bytes, returning heap pointer 0x555570001830
milestone 33: syscall SBRK (process 3) -- hardware-recorded CS=0x1b (CPL=3) -- requested 64 bytes, returning heap pointer 0x555570001870
milestone 33: syscall SBRK (process 3) -- hardware-recorded CS=0x1b (CPL=3) -- requested 64 bytes, returning heap pointer 0x5555700018b0
milestone 33: syscall SBRK (process 3) -- hardware-recorded CS=0x1b (CPL=3) -- requested 64 bytes, returning heap pointer 0x5555700018f0
milestone 33: syscall SBRK (process 3) -- hardware-recorded CS=0x1b (CPL=3) -- requested 56 bytes, returning heap pointer 0x555570001930
milestone 33: syscall SBRK (process 3) -- hardware-recorded CS=0x1b (CPL=3) -- requested 64 bytes, returning heap pointer 0x555570001968
milestone 33: syscall SBRK (process 3) -- hardware-recorded CS=0x1b (CPL=3) -- requested 40 bytes, returning heap pointer 0x5555700019a8
milestone 33: syscall SBRK (process 3) -- hardware-recorded CS=0x1b (CPL=3) -- requested 64 bytes, returning heap pointer 0x5555700019d0
milestone 33: syscall SBRK (process 3) -- hardware-recorded CS=0x1b (CPL=3) -- requested 64 bytes, returning heap pointer 0x555570001a10
milestone 33: syscall SBRK (process 3) -- hardware-recorded CS=0x1b (CPL=3) -- requested 64 bytes, returning heap pointer 0x555570001a50
milestone 33: syscall SBRK (process 3) -- hardware-recorded CS=0x1b (CPL=3) -- requested 64 bytes, returning heap pointer 0x555570001a90
milestone 33: syscall SBRK (process 3) -- hardware-recorded CS=0x1b (CPL=3) -- requested 64 bytes, returning heap pointer 0x555570001ad0
milestone 33: syscall SBRK (process 3) -- hardware-recorded CS=0x1b (CPL=3) -- requested 56 bytes, returning heap pointer 0x555570001b10
milestone 33: syscall SBRK (process 3) -- hardware-recorded CS=0x1b (CPL=3) -- requested 56 bytes, returning heap pointer 0x555570001b48
milestone 33: syscall SBRK (process 3) -- hardware-recorded CS=0x1b (CPL=3) -- requested 56 bytes, returning heap pointer 0x555570001b80
milestone 33: syscall SBRK (process 3) -- hardware-recorded CS=0x1b (CPL=3) -- requested 40 bytes, returning heap pointer 0x555570001bb8
milestone 33: syscall SBRK (process 3) -- hardware-recorded CS=0x1b (CPL=3) -- requested 64 bytes, returning heap pointer 0x555570001be0
milestone 33: syscall SBRK (process 3) -- hardware-recorded CS=0x1b (CPL=3) -- requested 64 bytes, returning heap pointer 0x555570001c20
milestone 33: syscall SBRK (process 3) -- hardware-recorded CS=0x1b (CPL=3) -- requested 56 bytes, returning heap pointer 0x555570001c60
milestone 33: syscall SBRK (process 3) -- hardware-recorded CS=0x1b (CPL=3) -- requested 56 bytes, returning heap pointer 0x555570001c98
milestone 33: syscall SBRK (process 3) -- hardware-recorded CS=0x1b (CPL=3) -- requested 200 bytes, returning heap pointer 0x555570001cd0
milestone 33: syscall SBRK (process 3) -- hardware-recorded CS=0x1b (CPL=3) -- requested 136 bytes, returning heap pointer 0x555570001d98
milestone 33: syscall SBRK (process 3) -- hardware-recorded CS=0x1b (CPL=3) -- requested 16 bytes, returning heap pointer 0x555570001e20
milestone 33: syscall SBRK (process 3) -- hardware-recorded CS=0x1b (CPL=3) -- requested 2056 bytes, returning heap pointer 0x555570001e30
milestone 33: syscall SBRK (process 3) -- hardware-recorded CS=0x1b (CPL=3) -- requested 104 bytes, returning heap pointer 0x555570002638
milestone 33: syscall SBRK (process 3) -- hardware-recorded CS=0x1b (CPL=3) -- requested 104 bytes, returning heap pointer 0x5555700026a0
milestone 31: syscall WRITE (process 3) -- hardware-recorded CS=0x1b (CPL=3) -- ptr=0x555550007ad1 len=70 -- raw bytes >>>
  case30 (sum_to(10) = 10+9+...+0, real self-recursive call) returned=
<<< end of write (70 bytes)
milestone 33: syscall WRITE (process 3) also reads its own private heap at 0x555570000000 -- marker byte 0x00 (' ')
milestone 31: syscall WRITE (process 3) -- hardware-recorded CS=0x1b (CPL=3) -- ptr=0x555560000e17 len=1 -- raw bytes >>>
5
<<< end of write (1 bytes)
milestone 33: syscall WRITE (process 3) also reads its own private heap at 0x555570000000 -- marker byte 0x00 (' ')
milestone 31: syscall WRITE (process 3) -- hardware-recorded CS=0x1b (CPL=3) -- ptr=0x555560000e17 len=1 -- raw bytes >>>
5
<<< end of write (1 bytes)
milestone 33: syscall WRITE (process 3) also reads its own private heap at 0x555570000000 -- marker byte 0x00 (' ')
milestone 31: syscall WRITE (process 3) -- hardware-recorded CS=0x1b (CPL=3) -- ptr=0x555550007b17 len=15 -- raw bytes >>>
 (expected 55)

<<< end of write (15 bytes)
milestone 33: syscall WRITE (process 3) also reads its own private heap at 0x555570000000 -- marker byte 0x00 (' ')
milestone 31: syscall WRITE (process 3) -- hardware-recorded CS=0x1b (CPL=3) -- ptr=0x555550007b26 len=37 -- raw bytes >>>
case30_self_recursive_sum_returns_55=
<<< end of write (37 bytes)
milestone 33: syscall WRITE (process 3) also reads its own private heap at 0x555570000000 -- marker byte 0x00 (' ')
milestone 31: syscall WRITE (process 3) -- hardware-recorded CS=0x1b (CPL=3) -- ptr=0x55555000627c len=4 -- raw bytes >>>
PASS
<<< end of write (4 bytes)
milestone 33: syscall WRITE (process 3) also reads its own private heap at 0x555570000000 -- marker byte 0x00 (' ')
milestone 31: syscall WRITE (process 3) -- hardware-recorded CS=0x1b (CPL=3) -- ptr=0x555550006294 len=1 -- raw bytes >>>
 
<<< end of write (1 bytes)
milestone 33: syscall WRITE (process 3) also reads its own private heap at 0x555570000000 -- marker byte 0x00 (' ')
milestone 31: syscall WRITE (process 3) -- hardware-recorded CS=0x1b (CPL=3) -- ptr=0x5555500063a8 len=1 -- raw bytes >>>


<<< end of write (1 bytes)
milestone 33: syscall WRITE (process 3) also reads its own private heap at 0x555570000000 -- marker byte 0x00 (' ')
milestone 87: syscall SBRK_RESET (process 3) -- hardware-recorded CS=0x1b (CPL=3) -- heap break rewound to 0x555570000000
milestone 33: syscall SBRK (process 3) -- hardware-recorded CS=0x1b (CPL=3) -- requested 6152 bytes, returning heap pointer 0x555570000000
milestone 33: syscall SBRK (process 3) -- hardware-recorded CS=0x1b (CPL=3) -- requested 40 bytes, returning heap pointer 0x555570001808
milestone 33: syscall SBRK (process 3) -- hardware-recorded CS=0x1b (CPL=3) -- requested 64 bytes, returning heap pointer 0x555570001830
milestone 33: syscall SBRK (process 3) -- hardware-recorded CS=0x1b (CPL=3) -- requested 64 bytes, returning heap pointer 0x555570001870
milestone 33: syscall SBRK (process 3) -- hardware-recorded CS=0x1b (CPL=3) -- requested 64 bytes, returning heap pointer 0x5555700018b0
milestone 33: syscall SBRK (process 3) -- hardware-recorded CS=0x1b (CPL=3) -- requested 64 bytes, returning heap pointer 0x5555700018f0
milestone 33: syscall SBRK (process 3) -- hardware-recorded CS=0x1b (CPL=3) -- requested 56 bytes, returning heap pointer 0x555570001930
milestone 33: syscall SBRK (process 3) -- hardware-recorded CS=0x1b (CPL=3) -- requested 64 bytes, returning heap pointer 0x555570001968
milestone 33: syscall SBRK (process 3) -- hardware-recorded CS=0x1b (CPL=3) -- requested 40 bytes, returning heap pointer 0x5555700019a8
milestone 33: syscall SBRK (process 3) -- hardware-recorded CS=0x1b (CPL=3) -- requested 64 bytes, returning heap pointer 0x5555700019d0
milestone 33: syscall SBRK (process 3) -- hardware-recorded CS=0x1b (CPL=3) -- requested 64 bytes, returning heap pointer 0x555570001a10
milestone 33: syscall SBRK (process 3) -- hardware-recorded CS=0x1b (CPL=3) -- requested 64 bytes, returning heap pointer 0x555570001a50
milestone 33: syscall SBRK (process 3) -- hardware-recorded CS=0x1b (CPL=3) -- requested 64 bytes, returning heap pointer 0x555570001a90
milestone 33: syscall SBRK (process 3) -- hardware-recorded CS=0x1b (CPL=3) -- requested 64 bytes, returning heap pointer 0x555570001ad0
milestone 33: syscall SBRK (process 3) -- hardware-recorded CS=0x1b (CPL=3) -- requested 56 bytes, returning heap pointer 0x555570001b10
milestone 33: syscall SBRK (process 3) -- hardware-recorded CS=0x1b (CPL=3) -- requested 56 bytes, returning heap pointer 0x555570001b48
milestone 33: syscall SBRK (process 3) -- hardware-recorded CS=0x1b (CPL=3) -- requested 56 bytes, returning heap pointer 0x555570001b80
milestone 33: syscall SBRK (process 3) -- hardware-recorded CS=0x1b (CPL=3) -- requested 40 bytes, returning heap pointer 0x555570001bb8
milestone 33: syscall SBRK (process 3) -- hardware-recorded CS=0x1b (CPL=3) -- requested 64 bytes, returning heap pointer 0x555570001be0
milestone 33: syscall SBRK (process 3) -- hardware-recorded CS=0x1b (CPL=3) -- requested 64 bytes, returning heap pointer 0x555570001c20
milestone 33: syscall SBRK (process 3) -- hardware-recorded CS=0x1b (CPL=3) -- requested 56 bytes, returning heap pointer 0x555570001c60
milestone 33: syscall SBRK (process 3) -- hardware-recorded CS=0x1b (CPL=3) -- requested 56 bytes, returning heap pointer 0x555570001c98
milestone 33: syscall SBRK (process 3) -- hardware-recorded CS=0x1b (CPL=3) -- requested 200 bytes, returning heap pointer 0x555570001cd0
milestone 33: syscall SBRK (process 3) -- hardware-recorded CS=0x1b (CPL=3) -- requested 136 bytes, returning heap pointer 0x555570001d98
milestone 33: syscall SBRK (process 3) -- hardware-recorded CS=0x1b (CPL=3) -- requested 16 bytes, returning heap pointer 0x555570001e20
milestone 33: syscall SBRK (process 3) -- hardware-recorded CS=0x1b (CPL=3) -- requested 2056 bytes, returning heap pointer 0x555570001e30
milestone 33: syscall SBRK (process 3) -- hardware-recorded CS=0x1b (CPL=3) -- requested 104 bytes, returning heap pointer 0x555570002638
milestone 33: syscall SBRK (process 3) -- hardware-recorded CS=0x1b (CPL=3) -- requested 104 bytes, returning heap pointer 0x5555700026a0
milestone 33: syscall SBRK (process 3) -- hardware-recorded CS=0x1b (CPL=3) -- requested 272 bytes, returning heap pointer 0x555570002708
milestone 82: syscall OPEN_TRUNC (process 3) -- hardware-recorded CS=0x1b (CPL=3) -- path='ccout1' -> fd 0 (truncated)
milestone 35: syscall FDWRITE (process 3) -- hardware-recorded CS=0x1b (CPL=3) -- fd=0 requested=257 accepted=257 bytes
milestone 35: syscall CLOSE (process 3) -- fd 0 was dirty, persisted 257 bytes to 'ccout1' on the real on-disk filesystem
milestone 35: syscall CLOSE (process 3) -- hardware-recorded CS=0x1b (CPL=3) -- fd=0 closed successfully
milestone 30: process forked-child -- user p4 index computed as 170 (code 0x555550000000, stack 0x555560000000)
milestone 30: process forked-child -- new pml4 0x25a000 populated: 511 kernel-space entries shared, index 170 left private
milestone 30: process forked-child -- private code page mapped to frame 0x252000, private stack page mapped to frame 0x253000
milestone 100: process forked-child -- 7 extra stack page(s) mapped below USER_STACK_ADDR (32 KiB total stack)
milestone 57: process forked-child -- private heap RESERVED (not mapped): 64 pages at 0x555570000000..0x55557003ffff, 0 physical frames committed until a real page fault demand-pages one
milestone 34: process forked-child -- copied 4096 image bytes into private code frame 0x252000
milestone 37: fork() -- child's code frame 0x252000 holds a REAL byte-for-byte copy of the parent's code frame 0x204000 (independently verifiable: same virtual address USER_CODE_ADDR under either process's own CR3, genuinely different physical frames)
milestone 69: fork() -- child also got 15 extra code page(s) REALLY remapped+copied (real fix -- see extra_frames' own doc comment on Process for the bug this closes; a multi-page ELF-loaded parent's pages beyond page 0 used to be silently dropped by fork())
milestone 37: syscall FORK (process 3, 'elf-loaded') -- created child pid 14: pml4=0x25a000 code_frame=0x252000 resume point rip=0x555550002630 rsp=0x555560000e38
milestone 37: syscall FORK (process 3) -- hardware-recorded CS=0x1b (CPL=3) -- created child pid 14
milestone 37: wait() -- switching CR3 to forked child pid 14's own pml4 0x25a000, resuming at rip=0x555550002630 rsp=0x555560000e38 (its own fork()-time snapshot, rax forced to 0)
milestone 36: process exec'd -- ELF validated: e_entry=0x5555500000d9 falls inside a mapped segment, 1 PT_LOAD segment(s), 1 total page(s), all within private p4 index 170
milestone 36: process exec'd -- new pml4 0x23b000 populated: 511 kernel-space entries shared, index 170 left private
milestone 36: process exec'd -- mapped 1 PT_LOAD page(s): [(93824902758400, 2355200, 257, 5)]
milestone 36: process exec'd -- private stack page mapped to frame 0x22e000
milestone 100: process exec'd -- 7 extra stack page(s) mapped below USER_STACK_ADDR (32 KiB total stack)
milestone 57: process exec'd -- private heap RESERVED (not mapped): 64 pages at 0x555570000000..0x55557003ffff, 0 physical frames committed until a real page fault demand-pages one
milestone 54: reclaim_process_frames('forked-child') -- freed 38 physical frame(s) back to the allocator's free list
milestone 45: syscall EXEC (process 14) -- REAL teardown-and-rebuild complete: new pml4=0x23b000, new entry=0x5555500000d9 (real parsed e_entry), fd table/parent_pid/pgid preserved, CR3 switched
milestone 45: syscall EXEC (process 14) -- hardware-recorded CS=0x1b (CPL=3) -- REAL teardown-and-rebuild from 'ccout1' (257 real ELF bytes read from the on-disk filesystem), new address space, jumping directly into the real parsed entry 0x5555500000d9, never returning to the old one
milestone 30: syscall EXIT -- hardware-recorded CS=0x1b (CPL=3) -- discarding ring-3 context, resuming kernel context
milestone 37: wait() -- forked child pid 14 resumed in kernel context (its own exit() syscall ran; CR3 is currently the KERNEL's own, restored to the parent's by wait_for_child() next)
milestone 54: reclaim_process_frames('exec'd') -- freed 15 physical frame(s) back to the allocator's free list
milestone 43: syscall WAIT (process 3) -- child pid 14 ran to completion and was reaped (real exit code 120), CR3 restored to parent's own pml4 0x205000
milestone 43: syscall WAIT (process 3) -- hardware-recorded CS=0x1b (CPL=3) -- reaped child pid 14, exited normally with code 120
milestone 31: syscall WRITE (process 3) -- hardware-recorded CS=0x1b (CPL=3) -- ptr=0x555550006a21 len=70 -- raw bytes >>>
  real on-disk ELF written, real fork()+exec()+wait() -- child exited=
<<< end of write (70 bytes)
milestone 33: syscall WRITE (process 3) also reads its own private heap at 0x555570000000 -- marker byte 0x00 (' ')
milestone 31: syscall WRITE (process 3) -- hardware-recorded CS=0x1b (CPL=3) -- ptr=0x555550006280 len=4 -- raw bytes >>>
true
<<< end of write (4 bytes)
milestone 33: syscall WRITE (process 3) also reads its own private heap at 0x555570000000 -- marker byte 0x00 (' ')
milestone 31: syscall WRITE (process 3) -- hardware-recorded CS=0x1b (CPL=3) -- ptr=0x555550006703 len=16 -- raw bytes >>>
 real exit code=
<<< end of write (16 bytes)
milestone 33: syscall WRITE (process 3) also reads its own private heap at 0x555570000000 -- marker byte 0x00 (' ')
milestone 31: syscall WRITE (process 3) -- hardware-recorded CS=0x1b (CPL=3) -- ptr=0x555560000e17 len=1 -- raw bytes >>>
1
<<< end of write (1 bytes)
milestone 33: syscall WRITE (process 3) also reads its own private heap at 0x555570000000 -- marker byte 0x00 (' ')
milestone 31: syscall WRITE (process 3) -- hardware-recorded CS=0x1b (CPL=3) -- ptr=0x555560000e17 len=1 -- raw bytes >>>
2
<<< end of write (1 bytes)
milestone 33: syscall WRITE (process 3) also reads its own private heap at 0x555570000000 -- marker byte 0x00 (' ')
milestone 31: syscall WRITE (process 3) -- hardware-recorded CS=0x1b (CPL=3) -- ptr=0x555560000e17 len=1 -- raw bytes >>>
0
<<< end of write (1 bytes)
milestone 33: syscall WRITE (process 3) also reads its own private heap at 0x555570000000 -- marker byte 0x00 (' ')
milestone 31: syscall WRITE (process 3) -- hardware-recorded CS=0x1b (CPL=3) -- ptr=0x555550006a6c len=28 -- raw bytes >>>
 (expected exited=true code=
<<< end of write (28 bytes)
milestone 33: syscall WRITE (process 3) also reads its own private heap at 0x555570000000 -- marker byte 0x00 (' ')
milestone 31: syscall WRITE (process 3) -- hardware-recorded CS=0x1b (CPL=3) -- ptr=0x555560000e17 len=1 -- raw bytes >>>
1
<<< end of write (1 bytes)
milestone 33: syscall WRITE (process 3) also reads its own private heap at 0x555570000000 -- marker byte 0x00 (' ')
milestone 31: syscall WRITE (process 3) -- hardware-recorded CS=0x1b (CPL=3) -- ptr=0x555560000e17 len=1 -- raw bytes >>>
2
<<< end of write (1 bytes)
milestone 33: syscall WRITE (process 3) also reads its own private heap at 0x555570000000 -- marker byte 0x00 (' ')
milestone 31: syscall WRITE (process 3) -- hardware-recorded CS=0x1b (CPL=3) -- ptr=0x555560000e17 len=1 -- raw bytes >>>
0
<<< end of write (1 bytes)
milestone 33: syscall WRITE (process 3) also reads its own private heap at 0x555570000000 -- marker byte 0x00 (' ')
milestone 31: syscall WRITE (process 3) -- hardware-recorded CS=0x1b (CPL=3) -- ptr=0x555550006a88 len=2 -- raw bytes >>>
)

<<< end of write (2 bytes)
milestone 33: syscall WRITE (process 3) also reads its own private heap at 0x555570000000 -- marker byte 0x00 (' ')
milestone 31: syscall WRITE (process 3) -- hardware-recorded CS=0x1b (CPL=3) -- ptr=0x555550007be7 len=58 -- raw bytes >>>
case31_real_elf_exec_self_recursive_factorial_returns_120=
<<< end of write (58 bytes)
milestone 33: syscall WRITE (process 3) also reads its own private heap at 0x555570000000 -- marker byte 0x00 (' ')
milestone 31: syscall WRITE (process 3) -- hardware-recorded CS=0x1b (CPL=3) -- ptr=0x55555000627c len=4 -- raw bytes >>>
PASS
<<< end of write (4 bytes)
milestone 33: syscall WRITE (process 3) also reads its own private heap at 0x555570000000 -- marker byte 0x00 (' ')
milestone 31: syscall WRITE (process 3) -- hardware-recorded CS=0x1b (CPL=3) -- ptr=0x555550006294 len=1 -- raw bytes >>>
 
<<< end of write (1 bytes)
milestone 33: syscall WRITE (process 3) also reads its own private heap at 0x555570000000 -- marker byte 0x00 (' ')
milestone 31: syscall WRITE (process 3) -- hardware-recorded CS=0x1b (CPL=3) -- ptr=0x5555500063a8 len=1 -- raw bytes >>>


<<< end of write (1 bytes)
milestone 33: syscall WRITE (process 3) also reads its own private heap at 0x555570000000 -- marker byte 0x00 (' ')
milestone 31: syscall WRITE (process 3) -- hardware-recorded CS=0x1b (CPL=3) -- ptr=0x555550007c21 len=12 -- raw bytes >>>
OVERALL_M73=
<<< end of write (12 bytes)
milestone 33: syscall WRITE (process 3) also reads its own private heap at 0x555570000000 -- marker byte 0x00 (' ')
milestone 31: syscall WRITE (process 3) -- hardware-recorded CS=0x1b (CPL=3) -- ptr=0x55555000627c len=4 -- raw bytes >>>
PASS
<<< end of write (4 bytes)
milestone 33: syscall WRITE (process 3) also reads its own private heap at 0x555570000000 -- marker byte 0x00 (' ')
milestone 31: syscall WRITE (process 3) -- hardware-recorded CS=0x1b (CPL=3) -- ptr=0x5555500063a8 len=1 -- raw bytes >>>


<<< end of write (1 bytes)
milestone 33: syscall WRITE (process 3) also reads its own private heap at 0x555570000000 -- marker byte 0x00 (' ')
milestone 31: syscall WRITE (process 3) -- hardware-recorded CS=0x1b (CPL=3) -- ptr=0x5555500063a8 len=1 -- raw bytes >>>


<<< end of write (1 bytes)
milestone 33: syscall WRITE (process 3) also reads its own private heap at 0x555570000000 -- marker byte 0x00 (' ')
milestone 31: syscall WRITE (process 3) -- hardware-recorded CS=0x1b (CPL=3) -- ptr=0x555550007c2d len=73 -- raw bytes >>>
milestone 74: cc forward-call and mutual-recursion verification starting

<<< end of write (73 bytes)
milestone 33: syscall WRITE (process 3) also reads its own private heap at 0x555570000000 -- marker byte 0x00 (' ')
milestone 87: syscall SBRK_RESET (process 3) -- hardware-recorded CS=0x1b (CPL=3) -- heap break rewound to 0x555570000000
milestone 33: syscall SBRK (process 3) -- hardware-recorded CS=0x1b (CPL=3) -- requested 6152 bytes, returning heap pointer 0x555570000000
milestone 33: syscall SBRK (process 3) -- hardware-recorded CS=0x1b (CPL=3) -- requested 40 bytes, returning heap pointer 0x555570001808
milestone 33: syscall SBRK (process 3) -- hardware-recorded CS=0x1b (CPL=3) -- requested 64 bytes, returning heap pointer 0x555570001830
milestone 33: syscall SBRK (process 3) -- hardware-recorded CS=0x1b (CPL=3) -- requested 64 bytes, returning heap pointer 0x555570001870
milestone 33: syscall SBRK (process 3) -- hardware-recorded CS=0x1b (CPL=3) -- requested 56 bytes, returning heap pointer 0x5555700018b0
milestone 33: syscall SBRK (process 3) -- hardware-recorded CS=0x1b (CPL=3) -- requested 56 bytes, returning heap pointer 0x5555700018e8
milestone 33: syscall SBRK (process 3) -- hardware-recorded CS=0x1b (CPL=3) -- requested 40 bytes, returning heap pointer 0x555570001920
milestone 33: syscall SBRK (process 3) -- hardware-recorded CS=0x1b (CPL=3) -- requested 64 bytes, returning heap pointer 0x555570001948
milestone 33: syscall SBRK (process 3) -- hardware-recorded CS=0x1b (CPL=3) -- requested 64 bytes, returning heap pointer 0x555570001988
milestone 33: syscall SBRK (process 3) -- hardware-recorded CS=0x1b (CPL=3) -- requested 64 bytes, returning heap pointer 0x5555700019c8
milestone 33: syscall SBRK (process 3) -- hardware-recorded CS=0x1b (CPL=3) -- requested 56 bytes, returning heap pointer 0x555570001a08
milestone 33: syscall SBRK (process 3) -- hardware-recorded CS=0x1b (CPL=3) -- requested 56 bytes, returning heap pointer 0x555570001a40
milestone 33: syscall SBRK (process 3) -- hardware-recorded CS=0x1b (CPL=3) -- requested 200 bytes, returning heap pointer 0x555570001a78
milestone 33: syscall SBRK (process 3) -- hardware-recorded CS=0x1b (CPL=3) -- requested 136 bytes, returning heap pointer 0x555570001b40
milestone 33: syscall SBRK (process 3) -- hardware-recorded CS=0x1b (CPL=3) -- requested 16 bytes, returning heap pointer 0x555570001bc8
milestone 33: syscall SBRK (process 3) -- hardware-recorded CS=0x1b (CPL=3) -- requested 2056 bytes, returning heap pointer 0x555570001bd8
milestone 33: syscall SBRK (process 3) -- hardware-recorded CS=0x1b (CPL=3) -- requested 104 bytes, returning heap pointer 0x5555700023e0
milestone 33: syscall SBRK (process 3) -- hardware-recorded CS=0x1b (CPL=3) -- requested 104 bytes, returning heap pointer 0x555570002448
milestone 31: syscall WRITE (process 3) -- hardware-recorded CS=0x1b (CPL=3) -- ptr=0x555550007cb7 len=75 -- raw bytes >>>
  case32 (main calls add5, defined AFTER it -- real forward call) returned=
<<< end of write (75 bytes)
milestone 33: syscall WRITE (process 3) also reads its own private heap at 0x555570000000 -- marker byte 0x00 (' ')
milestone 31: syscall WRITE (process 3) -- hardware-recorded CS=0x1b (CPL=3) -- ptr=0x555560000e17 len=1 -- raw bytes >>>
1
<<< end of write (1 bytes)
milestone 33: syscall WRITE (process 3) also reads its own private heap at 0x555570000000 -- marker byte 0x00 (' ')
milestone 31: syscall WRITE (process 3) -- hardware-recorded CS=0x1b (CPL=3) -- ptr=0x555560000e17 len=1 -- raw bytes >>>
5
<<< end of write (1 bytes)
milestone 33: syscall WRITE (process 3) also reads its own private heap at 0x555570000000 -- marker byte 0x00 (' ')
milestone 31: syscall WRITE (process 3) -- hardware-recorded CS=0x1b (CPL=3) -- ptr=0x5555500071df len=15 -- raw bytes >>>
 (expected 15)

<<< end of write (15 bytes)
milestone 33: syscall WRITE (process 3) also reads its own private heap at 0x555570000000 -- marker byte 0x00 (' ')
milestone 31: syscall WRITE (process 3) -- hardware-recorded CS=0x1b (CPL=3) -- ptr=0x555550007d02 len=36 -- raw bytes >>>
case32_forward_call_add5_returns_15=
<<< end of write (36 bytes)
milestone 33: syscall WRITE (process 3) also reads its own private heap at 0x555570000000 -- marker byte 0x00 (' ')
milestone 31: syscall WRITE (process 3) -- hardware-recorded CS=0x1b (CPL=3) -- ptr=0x55555000627c len=4 -- raw bytes >>>
PASS
<<< end of write (4 bytes)
milestone 33: syscall WRITE (process 3) also reads its own private heap at 0x555570000000 -- marker byte 0x00 (' ')
milestone 31: syscall WRITE (process 3) -- hardware-recorded CS=0x1b (CPL=3) -- ptr=0x555550006294 len=1 -- raw bytes >>>
 
<<< end of write (1 bytes)
milestone 33: syscall WRITE (process 3) also reads its own private heap at 0x555570000000 -- marker byte 0x00 (' ')
milestone 31: syscall WRITE (process 3) -- hardware-recorded CS=0x1b (CPL=3) -- ptr=0x5555500063a8 len=1 -- raw bytes >>>


<<< end of write (1 bytes)
milestone 33: syscall WRITE (process 3) also reads its own private heap at 0x555570000000 -- marker byte 0x00 (' ')
milestone 87: syscall SBRK_RESET (process 3) -- hardware-recorded CS=0x1b (CPL=3) -- heap break rewound to 0x555570000000
milestone 33: syscall SBRK (process 3) -- hardware-recorded CS=0x1b (CPL=3) -- requested 6152 bytes, returning heap pointer 0x555570000000
milestone 33: syscall SBRK (process 3) -- hardware-recorded CS=0x1b (CPL=3) -- requested 40 bytes, returning heap pointer 0x555570001808
milestone 33: syscall SBRK (process 3) -- hardware-recorded CS=0x1b (CPL=3) -- requested 64 bytes, returning heap pointer 0x555570001830
milestone 33: syscall SBRK (process 3) -- hardware-recorded CS=0x1b (CPL=3) -- requested 64 bytes, returning heap pointer 0x555570001870
milestone 33: syscall SBRK (process 3) -- hardware-recorded CS=0x1b (CPL=3) -- requested 64 bytes, returning heap pointer 0x5555700018b0
milestone 33: syscall SBRK (process 3) -- hardware-recorded CS=0x1b (CPL=3) -- requested 64 bytes, returning heap pointer 0x5555700018f0
milestone 33: syscall SBRK (process 3) -- hardware-recorded CS=0x1b (CPL=3) -- requested 56 bytes, returning heap pointer 0x555570001930
milestone 33: syscall SBRK (process 3) -- hardware-recorded CS=0x1b (CPL=3) -- requested 40 bytes, returning heap pointer 0x555570001968
milestone 33: syscall SBRK (process 3) -- hardware-recorded CS=0x1b (CPL=3) -- requested 64 bytes, returning heap pointer 0x555570001990
milestone 33: syscall SBRK (process 3) -- hardware-recorded CS=0x1b (CPL=3) -- requested 64 bytes, returning heap pointer 0x5555700019d0
milestone 33: syscall SBRK (process 3) -- hardware-recorded CS=0x1b (CPL=3) -- requested 64 bytes, returning heap pointer 0x555570001a10
milestone 33: syscall SBRK (process 3) -- hardware-recorded CS=0x1b (CPL=3) -- requested 64 bytes, returning heap pointer 0x555570001a50
milestone 33: syscall SBRK (process 3) -- hardware-recorded CS=0x1b (CPL=3) -- requested 56 bytes, returning heap pointer 0x555570001a90
milestone 33: syscall SBRK (process 3) -- hardware-recorded CS=0x1b (CPL=3) -- requested 56 bytes, returning heap pointer 0x555570001ac8
milestone 33: syscall SBRK (process 3) -- hardware-recorded CS=0x1b (CPL=3) -- requested 56 bytes, returning heap pointer 0x555570001b00
milestone 33: syscall SBRK (process 3) -- hardware-recorded CS=0x1b (CPL=3) -- requested 40 bytes, returning heap pointer 0x555570001b38
milestone 33: syscall SBRK (process 3) -- hardware-recorded CS=0x1b (CPL=3) -- requested 64 bytes, returning heap pointer 0x555570001b60
milestone 33: syscall SBRK (process 3) -- hardware-recorded CS=0x1b (CPL=3) -- requested 64 bytes, returning heap pointer 0x555570001ba0
milestone 33: syscall SBRK (process 3) -- hardware-recorded CS=0x1b (CPL=3) -- requested 64 bytes, returning heap pointer 0x555570001be0
milestone 33: syscall SBRK (process 3) -- hardware-recorded CS=0x1b (CPL=3) -- requested 64 bytes, returning heap pointer 0x555570001c20
milestone 33: syscall SBRK (process 3) -- hardware-recorded CS=0x1b (CPL=3) -- requested 56 bytes, returning heap pointer 0x555570001c60
milestone 33: syscall SBRK (process 3) -- hardware-recorded CS=0x1b (CPL=3) -- requested 40 bytes, returning heap pointer 0x555570001c98
milestone 33: syscall SBRK (process 3) -- hardware-recorded CS=0x1b (CPL=3) -- requested 64 bytes, returning heap pointer 0x555570001cc0
milestone 33: syscall SBRK (process 3) -- hardware-recorded CS=0x1b (CPL=3) -- requested 64 bytes, returning heap pointer 0x555570001d00
milestone 33: syscall SBRK (process 3) -- hardware-recorded CS=0x1b (CPL=3) -- requested 64 bytes, returning heap pointer 0x555570001d40
milestone 33: syscall SBRK (process 3) -- hardware-recorded CS=0x1b (CPL=3) -- requested 64 bytes, returning heap pointer 0x555570001d80
milestone 33: syscall SBRK (process 3) -- hardware-recorded CS=0x1b (CPL=3) -- requested 56 bytes, returning heap pointer 0x555570001dc0
milestone 33: syscall SBRK (process 3) -- hardware-recorded CS=0x1b (CPL=3) -- requested 56 bytes, returning heap pointer 0x555570001df8
milestone 33: syscall SBRK (process 3) -- hardware-recorded CS=0x1b (CPL=3) -- requested 56 bytes, returning heap pointer 0x555570001e30
milestone 33: syscall SBRK (process 3) -- hardware-recorded CS=0x1b (CPL=3) -- requested 40 bytes, returning heap pointer 0x555570001e68
milestone 33: syscall SBRK (process 3) -- hardware-recorded CS=0x1b (CPL=3) -- requested 64 bytes, returning heap pointer 0x555570001e90
milestone 33: syscall SBRK (process 3) -- hardware-recorded CS=0x1b (CPL=3) -- requested 64 bytes, returning heap pointer 0x555570001ed0
milestone 33: syscall SBRK (process 3) -- hardware-recorded CS=0x1b (CPL=3) -- requested 56 bytes, returning heap pointer 0x555570001f10
milestone 33: syscall SBRK (process 3) -- hardware-recorded CS=0x1b (CPL=3) -- requested 56 bytes, returning heap pointer 0x555570001f48
milestone 33: syscall SBRK (process 3) -- hardware-recorded CS=0x1b (CPL=3) -- requested 200 bytes, returning heap pointer 0x555570001f80
milestone 33: syscall SBRK (process 3) -- hardware-recorded CS=0x1b (CPL=3) -- requested 136 bytes, returning heap pointer 0x555570002048
milestone 33: syscall SBRK (process 3) -- hardware-recorded CS=0x1b (CPL=3) -- requested 16 bytes, returning heap pointer 0x5555700020d0
milestone 33: syscall SBRK (process 3) -- hardware-recorded CS=0x1b (CPL=3) -- requested 2056 bytes, returning heap pointer 0x5555700020e0
milestone 33: syscall SBRK (process 3) -- hardware-recorded CS=0x1b (CPL=3) -- requested 104 bytes, returning heap pointer 0x5555700028e8
milestone 33: syscall SBRK (process 3) -- hardware-recorded CS=0x1b (CPL=3) -- requested 104 bytes, returning heap pointer 0x555570002950
milestone 33: syscall SBRK (process 3) -- hardware-recorded CS=0x1b (CPL=3) -- requested 104 bytes, returning heap pointer 0x5555700029b8
milestone 33: syscall SBRK (process 3) -- hardware-recorded CS=0x1b (CPL=3) -- requested 336 bytes, returning heap pointer 0x555570002a20
milestone 82: syscall OPEN_TRUNC (process 3) -- hardware-recorded CS=0x1b (CPL=3) -- path='ccout1' -> fd 0 (truncated)
milestone 35: syscall FDWRITE (process 3) -- hardware-recorded CS=0x1b (CPL=3) -- fd=0 requested=328 accepted=328 bytes
milestone 35: syscall CLOSE (process 3) -- fd 0 was dirty, persisted 328 bytes to 'ccout1' on the real on-disk filesystem
milestone 35: syscall CLOSE (process 3) -- hardware-recorded CS=0x1b (CPL=3) -- fd=0 closed successfully
milestone 30: process forked-child -- user p4 index computed as 170 (code 0x555550000000, stack 0x555560000000)
milestone 30: process forked-child -- new pml4 0x231000 populated: 511 kernel-space entries shared, index 170 left private
milestone 30: process forked-child -- private code page mapped to frame 0x236000, private stack page mapped to frame 0x235000
milestone 100: process forked-child -- 7 extra stack page(s) mapped below USER_STACK_ADDR (32 KiB total stack)
milestone 57: process forked-child -- private heap RESERVED (not mapped): 64 pages at 0x555570000000..0x55557003ffff, 0 physical frames committed until a real page fault demand-pages one
milestone 34: process forked-child -- copied 4096 image bytes into private code frame 0x236000
milestone 37: fork() -- child's code frame 0x236000 holds a REAL byte-for-byte copy of the parent's code frame 0x204000 (independently verifiable: same virtual address USER_CODE_ADDR under either process's own CR3, genuinely different physical frames)
milestone 69: fork() -- child also got 15 extra code page(s) REALLY remapped+copied (real fix -- see extra_frames' own doc comment on Process for the bug this closes; a multi-page ELF-loaded parent's pages beyond page 0 used to be silently dropped by fork())
milestone 37: syscall FORK (process 3, 'elf-loaded') -- created child pid 14: pml4=0x231000 code_frame=0x236000 resume point rip=0x55555000292d rsp=0x555560000e38
milestone 37: syscall FORK (process 3) -- hardware-recorded CS=0x1b (CPL=3) -- created child pid 14
milestone 37: wait() -- switching CR3 to forked child pid 14's own pml4 0x231000, resuming at rip=0x55555000292d rsp=0x555560000e38 (its own fork()-time snapshot, rax forced to 0)
milestone 36: process exec'd -- ELF validated: e_entry=0x555550000120 falls inside a mapped segment, 1 PT_LOAD segment(s), 1 total page(s), all within private p4 index 170
milestone 36: process exec'd -- new pml4 0x264000 populated: 511 kernel-space entries shared, index 170 left private
milestone 36: process exec'd -- mapped 1 PT_LOAD page(s): [(93824902758400, 2424832, 328, 5)]
milestone 36: process exec'd -- private stack page mapped to frame 0x261000
milestone 100: process exec'd -- 7 extra stack page(s) mapped below USER_STACK_ADDR (32 KiB total stack)
milestone 57: process exec'd -- private heap RESERVED (not mapped): 64 pages at 0x555570000000..0x55557003ffff, 0 physical frames committed until a real page fault demand-pages one
milestone 54: reclaim_process_frames('forked-child') -- freed 38 physical frame(s) back to the allocator's free list
milestone 45: syscall EXEC (process 14) -- REAL teardown-and-rebuild complete: new pml4=0x264000, new entry=0x555550000120 (real parsed e_entry), fd table/parent_pid/pgid preserved, CR3 switched
milestone 45: syscall EXEC (process 14) -- hardware-recorded CS=0x1b (CPL=3) -- REAL teardown-and-rebuild from 'ccout1' (328 real ELF bytes read from the on-disk filesystem), new address space, jumping directly into the real parsed entry 0x555550000120, never returning to the old one
milestone 30: syscall EXIT -- hardware-recorded CS=0x1b (CPL=3) -- discarding ring-3 context, resuming kernel context
milestone 37: wait() -- forked child pid 14 resumed in kernel context (its own exit() syscall ran; CR3 is currently the KERNEL's own, restored to the parent's by wait_for_child() next)
milestone 54: reclaim_process_frames('exec'd') -- freed 15 physical frame(s) back to the allocator's free list
milestone 43: syscall WAIT (process 3) -- child pid 14 ran to completion and was reaped (real exit code 1), CR3 restored to parent's own pml4 0x205000
milestone 43: syscall WAIT (process 3) -- hardware-recorded CS=0x1b (CPL=3) -- reaped child pid 14, exited normally with code 1
milestone 31: syscall WRITE (process 3) -- hardware-recorded CS=0x1b (CPL=3) -- ptr=0x555550006a21 len=70 -- raw bytes >>>
  real on-disk ELF written, real fork()+exec()+wait() -- child exited=
<<< end of write (70 bytes)
milestone 33: syscall WRITE (process 3) also reads its own private heap at 0x555570000000 -- marker byte 0x00 (' ')
milestone 31: syscall WRITE (process 3) -- hardware-recorded CS=0x1b (CPL=3) -- ptr=0x555550006280 len=4 -- raw bytes >>>
true
<<< end of write (4 bytes)
milestone 33: syscall WRITE (process 3) also reads its own private heap at 0x555570000000 -- marker byte 0x00 (' ')
milestone 31: syscall WRITE (process 3) -- hardware-recorded CS=0x1b (CPL=3) -- ptr=0x555550006703 len=16 -- raw bytes >>>
 real exit code=
<<< end of write (16 bytes)
milestone 33: syscall WRITE (process 3) also reads its own private heap at 0x555570000000 -- marker byte 0x00 (' ')
milestone 31: syscall WRITE (process 3) -- hardware-recorded CS=0x1b (CPL=3) -- ptr=0x555560000e17 len=1 -- raw bytes >>>
1
<<< end of write (1 bytes)
milestone 33: syscall WRITE (process 3) also reads its own private heap at 0x555570000000 -- marker byte 0x00 (' ')
milestone 31: syscall WRITE (process 3) -- hardware-recorded CS=0x1b (CPL=3) -- ptr=0x555550006a6c len=28 -- raw bytes >>>
 (expected exited=true code=
<<< end of write (28 bytes)
milestone 33: syscall WRITE (process 3) also reads its own private heap at 0x555570000000 -- marker byte 0x00 (' ')
milestone 31: syscall WRITE (process 3) -- hardware-recorded CS=0x1b (CPL=3) -- ptr=0x555560000e17 len=1 -- raw bytes >>>
1
<<< end of write (1 bytes)
milestone 33: syscall WRITE (process 3) also reads its own private heap at 0x555570000000 -- marker byte 0x00 (' ')
milestone 31: syscall WRITE (process 3) -- hardware-recorded CS=0x1b (CPL=3) -- ptr=0x555550006a88 len=2 -- raw bytes >>>
)

<<< end of write (2 bytes)
milestone 33: syscall WRITE (process 3) also reads its own private heap at 0x555570000000 -- marker byte 0x00 (' ')
milestone 31: syscall WRITE (process 3) -- hardware-recorded CS=0x1b (CPL=3) -- ptr=0x555550007e17 len=59 -- raw bytes >>>
case33_real_elf_exec_mutual_recursion_is_even_10_returns_1=
<<< end of write (59 bytes)
milestone 33: syscall WRITE (process 3) also reads its own private heap at 0x555570000000 -- marker byte 0x00 (' ')
milestone 31: syscall WRITE (process 3) -- hardware-recorded CS=0x1b (CPL=3) -- ptr=0x55555000627c len=4 -- raw bytes >>>
PASS
<<< end of write (4 bytes)
milestone 33: syscall WRITE (process 3) also reads its own private heap at 0x555570000000 -- marker byte 0x00 (' ')
milestone 31: syscall WRITE (process 3) -- hardware-recorded CS=0x1b (CPL=3) -- ptr=0x555550006294 len=1 -- raw bytes >>>
 
<<< end of write (1 bytes)
milestone 33: syscall WRITE (process 3) also reads its own private heap at 0x555570000000 -- marker byte 0x00 (' ')
milestone 31: syscall WRITE (process 3) -- hardware-recorded CS=0x1b (CPL=3) -- ptr=0x5555500063a8 len=1 -- raw bytes >>>


<<< end of write (1 bytes)
milestone 33: syscall WRITE (process 3) also reads its own private heap at 0x555570000000 -- marker byte 0x00 (' ')
milestone 31: syscall WRITE (process 3) -- hardware-recorded CS=0x1b (CPL=3) -- ptr=0x555550007e52 len=12 -- raw bytes >>>
OVERALL_M74=
<<< end of write (12 bytes)
milestone 33: syscall WRITE (process 3) also reads its own private heap at 0x555570000000 -- marker byte 0x00 (' ')
milestone 31: syscall WRITE (process 3) -- hardware-recorded CS=0x1b (CPL=3) -- ptr=0x55555000627c len=4 -- raw bytes >>>
PASS
<<< end of write (4 bytes)
milestone 33: syscall WRITE (process 3) also reads its own private heap at 0x555570000000 -- marker byte 0x00 (' ')
milestone 31: syscall WRITE (process 3) -- hardware-recorded CS=0x1b (CPL=3) -- ptr=0x5555500063a8 len=1 -- raw bytes >>>


<<< end of write (1 bytes)
milestone 33: syscall WRITE (process 3) also reads its own private heap at 0x555570000000 -- marker byte 0x00 (' ')
milestone 31: syscall WRITE (process 3) -- hardware-recorded CS=0x1b (CPL=3) -- ptr=0x5555500063a8 len=1 -- raw bytes >>>


<<< end of write (1 bytes)
milestone 33: syscall WRITE (process 3) also reads its own private heap at 0x555570000000 -- marker byte 0x00 (' ')
milestone 31: syscall WRITE (process 3) -- hardware-recorded CS=0x1b (CPL=3) -- ptr=0x555550007e5e len=66 -- raw bytes >>>
milestone 75: cc real stack-overflow safety verification starting

<<< end of write (66 bytes)
milestone 33: syscall WRITE (process 3) also reads its own private heap at 0x555570000000 -- marker byte 0x00 (' ')
milestone 87: syscall SBRK_RESET (process 3) -- hardware-recorded CS=0x1b (CPL=3) -- heap break rewound to 0x555570000000
milestone 33: syscall SBRK (process 3) -- hardware-recorded CS=0x1b (CPL=3) -- requested 6152 bytes, returning heap pointer 0x555570000000
milestone 33: syscall SBRK (process 3) -- hardware-recorded CS=0x1b (CPL=3) -- requested 40 bytes, returning heap pointer 0x555570001808
milestone 33: syscall SBRK (process 3) -- hardware-recorded CS=0x1b (CPL=3) -- requested 40 bytes, returning heap pointer 0x555570001830
milestone 33: syscall SBRK (process 3) -- hardware-recorded CS=0x1b (CPL=3) -- requested 64 bytes, returning heap pointer 0x555570001858
milestone 33: syscall SBRK (process 3) -- hardware-recorded CS=0x1b (CPL=3) -- requested 64 bytes, returning heap pointer 0x555570001898
milestone 33: syscall SBRK (process 3) -- hardware-recorded CS=0x1b (CPL=3) -- requested 64 bytes, returning heap pointer 0x5555700018d8
milestone 33: syscall SBRK (process 3) -- hardware-recorded CS=0x1b (CPL=3) -- requested 64 bytes, returning heap pointer 0x555570001918
milestone 33: syscall SBRK (process 3) -- hardware-recorded CS=0x1b (CPL=3) -- requested 56 bytes, returning heap pointer 0x555570001958
milestone 33: syscall SBRK (process 3) -- hardware-recorded CS=0x1b (CPL=3) -- requested 56 bytes, returning heap pointer 0x555570001990
milestone 33: syscall SBRK (process 3) -- hardware-recorded CS=0x1b (CPL=3) -- requested 40 bytes, returning heap pointer 0x5555700019c8
milestone 33: syscall SBRK (process 3) -- hardware-recorded CS=0x1b (CPL=3) -- requested 64 bytes, returning heap pointer 0x5555700019f0
milestone 33: syscall SBRK (process 3) -- hardware-recorded CS=0x1b (CPL=3) -- requested 64 bytes, returning heap pointer 0x555570001a30
milestone 33: syscall SBRK (process 3) -- hardware-recorded CS=0x1b (CPL=3) -- requested 56 bytes, returning heap pointer 0x555570001a70
milestone 33: syscall SBRK (process 3) -- hardware-recorded CS=0x1b (CPL=3) -- requested 56 bytes, returning heap pointer 0x555570001aa8
milestone 33: syscall SBRK (process 3) -- hardware-recorded CS=0x1b (CPL=3) -- requested 200 bytes, returning heap pointer 0x555570001ae0
milestone 33: syscall SBRK (process 3) -- hardware-recorded CS=0x1b (CPL=3) -- requested 136 bytes, returning heap pointer 0x555570001ba8
milestone 33: syscall SBRK (process 3) -- hardware-recorded CS=0x1b (CPL=3) -- requested 16 bytes, returning heap pointer 0x555570001c30
milestone 33: syscall SBRK (process 3) -- hardware-recorded CS=0x1b (CPL=3) -- requested 2056 bytes, returning heap pointer 0x555570001c40
milestone 33: syscall SBRK (process 3) -- hardware-recorded CS=0x1b (CPL=3) -- requested 104 bytes, returning heap pointer 0x555570002448
milestone 33: syscall SBRK (process 3) -- hardware-recorded CS=0x1b (CPL=3) -- requested 104 bytes, returning heap pointer 0x5555700024b0
milestone 33: syscall SBRK (process 3) -- hardware-recorded CS=0x1b (CPL=3) -- requested 208 bytes, returning heap pointer 0x555570002518
milestone 82: syscall OPEN_TRUNC (process 3) -- hardware-recorded CS=0x1b (CPL=3) -- path='ccout1' -> fd 0 (truncated)
milestone 35: syscall FDWRITE (process 3) -- hardware-recorded CS=0x1b (CPL=3) -- fd=0 requested=200 accepted=200 bytes
milestone 35: syscall CLOSE (process 3) -- fd 0 was dirty, persisted 200 bytes to 'ccout1' on the real on-disk filesystem
milestone 35: syscall CLOSE (process 3) -- hardware-recorded CS=0x1b (CPL=3) -- fd=0 closed successfully
milestone 30: process forked-child -- user p4 index computed as 170 (code 0x555550000000, stack 0x555560000000)
milestone 30: process forked-child -- new pml4 0x254000 populated: 511 kernel-space entries shared, index 170 left private
milestone 30: process forked-child -- private code page mapped to frame 0x262000, private stack page mapped to frame 0x263000
milestone 100: process forked-child -- 7 extra stack page(s) mapped below USER_STACK_ADDR (32 KiB total stack)
milestone 57: process forked-child -- private heap RESERVED (not mapped): 64 pages at 0x555570000000..0x55557003ffff, 0 physical frames committed until a real page fault demand-pages one
milestone 34: process forked-child -- copied 4096 image bytes into private code frame 0x262000
milestone 37: fork() -- child's code frame 0x262000 holds a REAL byte-for-byte copy of the parent's code frame 0x204000 (independently verifiable: same virtual address USER_CODE_ADDR under either process's own CR3, genuinely different physical frames)
milestone 69: fork() -- child also got 15 extra code page(s) REALLY remapped+copied (real fix -- see extra_frames' own doc comment on Process for the bug this closes; a multi-page ELF-loaded parent's pages beyond page 0 used to be silently dropped by fork())
milestone 37: syscall FORK (process 3, 'elf-loaded') -- created child pid 14: pml4=0x254000 code_frame=0x262000 resume point rip=0x555550002b80 rsp=0x555560000e38
milestone 37: syscall FORK (process 3) -- hardware-recorded CS=0x1b (CPL=3) -- created child pid 14
milestone 37: wait() -- switching CR3 to forked child pid 14's own pml4 0x254000, resuming at rip=0x555550002b80 rsp=0x555560000e38 (its own fork()-time snapshot, rax forced to 0)
milestone 36: process exec'd -- ELF validated: e_entry=0x5555500000a0 falls inside a mapped segment, 1 PT_LOAD segment(s), 1 total page(s), all within private p4 index 170
milestone 36: process exec'd -- new pml4 0x234000 populated: 511 kernel-space entries shared, index 170 left private
milestone 36: process exec'd -- mapped 1 PT_LOAD page(s): [(93824902758400, 2334720, 200, 5)]
milestone 36: process exec'd -- private stack page mapped to frame 0x22e000
milestone 100: process exec'd -- 7 extra stack page(s) mapped below USER_STACK_ADDR (32 KiB total stack)
milestone 57: process exec'd -- private heap RESERVED (not mapped): 64 pages at 0x555570000000..0x55557003ffff, 0 physical frames committed until a real page fault demand-pages one
milestone 54: reclaim_process_frames('forked-child') -- freed 38 physical frame(s) back to the allocator's free list
milestone 45: syscall EXEC (process 14) -- REAL teardown-and-rebuild complete: new pml4=0x234000, new entry=0x5555500000a0 (real parsed e_entry), fd table/parent_pid/pgid preserved, CR3 switched
milestone 45: syscall EXEC (process 14) -- hardware-recorded CS=0x1b (CPL=3) -- REAL teardown-and-rebuild from 'ccout1' (200 real ELF bytes read from the on-disk filesystem), new address space, jumping directly into the real parsed entry 0x5555500000a0, never returning to the old one
milestone 75/100: STACK OVERFLOW -- process 14 ran off the bottom of its 32768-byte (8-page) stack (fault address Ok(VirtAddr(0x55555fff8ff8)), 8 bytes below the stack limit 0x55555fff9000 -- inside this kernel's real, deliberately-unmapped guard gap below the stack, not a wild-pointer SIGSEGV) -- terminating this process, kernel continues
milestone 37: wait() -- forked child pid 14 resumed in kernel context (its own exit() syscall ran; CR3 is currently the KERNEL's own, restored to the parent's by wait_for_child() next)
milestone 54: reclaim_process_frames('exec'd') -- freed 15 physical frame(s) back to the allocator's free list
milestone 53: syscall WAIT (process 3) -- child pid 14 was signal-terminated (real hardware fault, not its own exit()) and was reaped, CR3 restored to parent's own pml4 0x205000
milestone 53: syscall WAIT (process 3) -- hardware-recorded CS=0x1b (CPL=3) -- child pid 14 was signal-terminated (real hardware fault) after actually running
milestone 31: syscall WRITE (process 3) -- hardware-recorded CS=0x1b (CPL=3) -- ptr=0x555550007fad len=107 -- raw bytes >>>
  real on-disk ELF written, real fork()+exec()+wait() -- unconditional unbounded recursion -- child exited=
<<< end of write (107 bytes)
milestone 33: syscall WRITE (process 3) also reads its own private heap at 0x555570000000 -- marker byte 0x00 (' ')
milestone 31: syscall WRITE (process 3) -- hardware-recorded CS=0x1b (CPL=3) -- ptr=0x555550006a67 len=5 -- raw bytes >>>
false
<<< end of write (5 bytes)
milestone 33: syscall WRITE (process 3) also reads its own private heap at 0x555570000000 -- marker byte 0x00 (' ')
milestone 31: syscall WRITE (process 3) -- hardware-recorded CS=0x1b (CPL=3) -- ptr=0x555550008018 len=10 -- raw bytes >>>
 signaled=
<<< end of write (10 bytes)
milestone 33: syscall WRITE (process 3) also reads its own private heap at 0x555570000000 -- marker byte 0x00 (' ')
milestone 31: syscall WRITE (process 3) -- hardware-recorded CS=0x1b (CPL=3) -- ptr=0x555550006280 len=4 -- raw bytes >>>
true
<<< end of write (4 bytes)
milestone 33: syscall WRITE (process 3) also reads its own private heap at 0x555570000000 -- marker byte 0x00 (' ')
milestone 31: syscall WRITE (process 3) -- hardware-recorded CS=0x1b (CPL=3) -- ptr=0x555550008022 len=111 -- raw bytes >>>
 (expected exited=false signaled=true -- caught by this kernel's real stack-overflow guard, not a silent exit)

<<< end of write (111 bytes)
milestone 33: syscall WRITE (process 3) also reads its own private heap at 0x555570000000 -- marker byte 0x00 (' ')
milestone 31: syscall WRITE (process 3) -- hardware-recorded CS=0x1b (CPL=3) -- ptr=0x5555500080fc len=60 -- raw bytes >>>
case34_unbounded_recursion_stack_overflow_signals_not_exits=
<<< end of write (60 bytes)
milestone 33: syscall WRITE (process 3) also reads its own private heap at 0x555570000000 -- marker byte 0x00 (' ')
milestone 31: syscall WRITE (process 3) -- hardware-recorded CS=0x1b (CPL=3) -- ptr=0x55555000627c len=4 -- raw bytes >>>
PASS
<<< end of write (4 bytes)
milestone 33: syscall WRITE (process 3) also reads its own private heap at 0x555570000000 -- marker byte 0x00 (' ')
milestone 31: syscall WRITE (process 3) -- hardware-recorded CS=0x1b (CPL=3) -- ptr=0x555550006294 len=1 -- raw bytes >>>
 
<<< end of write (1 bytes)
milestone 33: syscall WRITE (process 3) also reads its own private heap at 0x555570000000 -- marker byte 0x00 (' ')
milestone 31: syscall WRITE (process 3) -- hardware-recorded CS=0x1b (CPL=3) -- ptr=0x5555500063a8 len=1 -- raw bytes >>>


<<< end of write (1 bytes)
milestone 33: syscall WRITE (process 3) also reads its own private heap at 0x555570000000 -- marker byte 0x00 (' ')
milestone 31: syscall WRITE (process 3) -- hardware-recorded CS=0x1b (CPL=3) -- ptr=0x555550008138 len=12 -- raw bytes >>>
OVERALL_M75=
<<< end of write (12 bytes)
milestone 33: syscall WRITE (process 3) also reads its own private heap at 0x555570000000 -- marker byte 0x00 (' ')
milestone 31: syscall WRITE (process 3) -- hardware-recorded CS=0x1b (CPL=3) -- ptr=0x55555000627c len=4 -- raw bytes >>>
PASS
<<< end of write (4 bytes)
milestone 33: syscall WRITE (process 3) also reads its own private heap at 0x555570000000 -- marker byte 0x00 (' ')
milestone 31: syscall WRITE (process 3) -- hardware-recorded CS=0x1b (CPL=3) -- ptr=0x5555500063a8 len=1 -- raw bytes >>>


<<< end of write (1 bytes)
milestone 33: syscall WRITE (process 3) also reads its own private heap at 0x555570000000 -- marker byte 0x00 (' ')
milestone 31: syscall WRITE (process 3) -- hardware-recorded CS=0x1b (CPL=3) -- ptr=0x5555500063a8 len=1 -- raw bytes >>>


<<< end of write (1 bytes)
milestone 33: syscall WRITE (process 3) also reads its own private heap at 0x555570000000 -- marker byte 0x00 (' ')
milestone 31: syscall WRITE (process 3) -- hardware-recorded CS=0x1b (CPL=3) -- ptr=0x555550008144 len=75 -- raw bytes >>>
milestone 76: cc unary-minus and short-circuit &&/|| verification starting

<<< end of write (75 bytes)
milestone 33: syscall WRITE (process 3) also reads its own private heap at 0x555570000000 -- marker byte 0x00 (' ')
milestone 87: syscall SBRK_RESET (process 3) -- hardware-recorded CS=0x1b (CPL=3) -- heap break rewound to 0x555570000000
milestone 33: syscall SBRK (process 3) -- hardware-recorded CS=0x1b (CPL=3) -- requested 6152 bytes, returning heap pointer 0x555570000000
milestone 33: syscall SBRK (process 3) -- hardware-recorded CS=0x1b (CPL=3) -- requested 56 bytes, returning heap pointer 0x555570001808
milestone 33: syscall SBRK (process 3) -- hardware-recorded CS=0x1b (CPL=3) -- requested 64 bytes, returning heap pointer 0x555570001840
milestone 33: syscall SBRK (process 3) -- hardware-recorded CS=0x1b (CPL=3) -- requested 64 bytes, returning heap pointer 0x555570001880
milestone 33: syscall SBRK (process 3) -- hardware-recorded CS=0x1b (CPL=3) -- requested 56 bytes, returning heap pointer 0x5555700018c0
milestone 33: syscall SBRK (process 3) -- hardware-recorded CS=0x1b (CPL=3) -- requested 56 bytes, returning heap pointer 0x5555700018f8
milestone 33: syscall SBRK (process 3) -- hardware-recorded CS=0x1b (CPL=3) -- requested 64 bytes, returning heap pointer 0x555570001930
milestone 33: syscall SBRK (process 3) -- hardware-recorded CS=0x1b (CPL=3) -- requested 64 bytes, returning heap pointer 0x555570001970
milestone 33: syscall SBRK (process 3) -- hardware-recorded CS=0x1b (CPL=3) -- requested 64 bytes, returning heap pointer 0x5555700019b0
milestone 33: syscall SBRK (process 3) -- hardware-recorded CS=0x1b (CPL=3) -- requested 64 bytes, returning heap pointer 0x5555700019f0
milestone 33: syscall SBRK (process 3) -- hardware-recorded CS=0x1b (CPL=3) -- requested 64 bytes, returning heap pointer 0x555570001a30
milestone 33: syscall SBRK (process 3) -- hardware-recorded CS=0x1b (CPL=3) -- requested 64 bytes, returning heap pointer 0x555570001a70
milestone 33: syscall SBRK (process 3) -- hardware-recorded CS=0x1b (CPL=3) -- requested 64 bytes, returning heap pointer 0x555570001ab0
milestone 33: syscall SBRK (process 3) -- hardware-recorded CS=0x1b (CPL=3) -- requested 64 bytes, returning heap pointer 0x555570001af0
milestone 33: syscall SBRK (process 3) -- hardware-recorded CS=0x1b (CPL=3) -- requested 64 bytes, returning heap pointer 0x555570001b30
milestone 33: syscall SBRK (process 3) -- hardware-recorded CS=0x1b (CPL=3) -- requested 56 bytes, returning heap pointer 0x555570001b70
milestone 33: syscall SBRK (process 3) -- hardware-recorded CS=0x1b (CPL=3) -- requested 64 bytes, returning heap pointer 0x555570001ba8
milestone 33: syscall SBRK (process 3) -- hardware-recorded CS=0x1b (CPL=3) -- requested 56 bytes, returning heap pointer 0x555570001be8
milestone 33: syscall SBRK (process 3) -- hardware-recorded CS=0x1b (CPL=3) -- requested 56 bytes, returning heap pointer 0x555570001c20
milestone 33: syscall SBRK (process 3) -- hardware-recorded CS=0x1b (CPL=3) -- requested 64 bytes, returning heap pointer 0x555570001c58
milestone 33: syscall SBRK (process 3) -- hardware-recorded CS=0x1b (CPL=3) -- requested 64 bytes, returning heap pointer 0x555570001c98
milestone 33: syscall SBRK (process 3) -- hardware-recorded CS=0x1b (CPL=3) -- requested 64 bytes, returning heap pointer 0x555570001cd8
milestone 33: syscall SBRK (process 3) -- hardware-recorded CS=0x1b (CPL=3) -- requested 64 bytes, returning heap pointer 0x555570001d18
milestone 33: syscall SBRK (process 3) -- hardware-recorded CS=0x1b (CPL=3) -- requested 56 bytes, returning heap pointer 0x555570001d58
milestone 33: syscall SBRK (process 3) -- hardware-recorded CS=0x1b (CPL=3) -- requested 56 bytes, returning heap pointer 0x555570001d90
milestone 33: syscall SBRK (process 3) -- hardware-recorded CS=0x1b (CPL=3) -- requested 200 bytes, returning heap pointer 0x555570001dc8
milestone 33: syscall SBRK (process 3) -- hardware-recorded CS=0x1b (CPL=3) -- requested 136 bytes, returning heap pointer 0x555570001e90
milestone 33: syscall SBRK (process 3) -- hardware-recorded CS=0x1b (CPL=3) -- requested 16 bytes, returning heap pointer 0x555570001f18
milestone 33: syscall SBRK (process 3) -- hardware-recorded CS=0x1b (CPL=3) -- requested 2056 bytes, returning heap pointer 0x555570001f28
milestone 33: syscall SBRK (process 3) -- hardware-recorded CS=0x1b (CPL=3) -- requested 104 bytes, returning heap pointer 0x555570002730
milestone 31: syscall WRITE (process 3) -- hardware-recorded CS=0x1b (CPL=3) -- ptr=0x5555500081f3 len=62 -- raw bytes >>>
  case35 (unary minus + && + comparison, in-process) returned=
<<< end of write (62 bytes)
milestone 33: syscall WRITE (process 3) also reads its own private heap at 0x555570000000 -- marker byte 0x00 (' ')
milestone 31: syscall WRITE (process 3) -- hardware-recorded CS=0x1b (CPL=3) -- ptr=0x555560000e17 len=1 -- raw bytes >>>
4
<<< end of write (1 bytes)
milestone 33: syscall WRITE (process 3) also reads its own private heap at 0x555570000000 -- marker byte 0x00 (' ')
milestone 31: syscall WRITE (process 3) -- hardware-recorded CS=0x1b (CPL=3) -- ptr=0x555550008231 len=14 -- raw bytes >>>
 (expected 4)

<<< end of write (14 bytes)
milestone 33: syscall WRITE (process 3) also reads its own private heap at 0x555570000000 -- marker byte 0x00 (' ')
milestone 31: syscall WRITE (process 3) -- hardware-recorded CS=0x1b (CPL=3) -- ptr=0x55555000823f len=45 -- raw bytes >>>
case35_unary_minus_and_logical_and_returns_4=
<<< end of write (45 bytes)
milestone 33: syscall WRITE (process 3) also reads its own private heap at 0x555570000000 -- marker byte 0x00 (' ')
milestone 31: syscall WRITE (process 3) -- hardware-recorded CS=0x1b (CPL=3) -- ptr=0x55555000627c len=4 -- raw bytes >>>
PASS
<<< end of write (4 bytes)
milestone 33: syscall WRITE (process 3) also reads its own private heap at 0x555570000000 -- marker byte 0x00 (' ')
milestone 31: syscall WRITE (process 3) -- hardware-recorded CS=0x1b (CPL=3) -- ptr=0x555550006294 len=1 -- raw bytes >>>
 
<<< end of write (1 bytes)
milestone 33: syscall WRITE (process 3) also reads its own private heap at 0x555570000000 -- marker byte 0x00 (' ')
milestone 31: syscall WRITE (process 3) -- hardware-recorded CS=0x1b (CPL=3) -- ptr=0x5555500063a8 len=1 -- raw bytes >>>


<<< end of write (1 bytes)
milestone 33: syscall WRITE (process 3) also reads its own private heap at 0x555570000000 -- marker byte 0x00 (' ')
milestone 87: syscall SBRK_RESET (process 3) -- hardware-recorded CS=0x1b (CPL=3) -- heap break rewound to 0x555570000000
milestone 33: syscall SBRK (process 3) -- hardware-recorded CS=0x1b (CPL=3) -- requested 6152 bytes, returning heap pointer 0x555570000000
milestone 33: syscall SBRK (process 3) -- hardware-recorded CS=0x1b (CPL=3) -- requested 40 bytes, returning heap pointer 0x555570001808
milestone 33: syscall SBRK (process 3) -- hardware-recorded CS=0x1b (CPL=3) -- requested 64 bytes, returning heap pointer 0x555570001830
milestone 33: syscall SBRK (process 3) -- hardware-recorded CS=0x1b (CPL=3) -- requested 64 bytes, returning heap pointer 0x555570001870
milestone 33: syscall SBRK (process 3) -- hardware-recorded CS=0x1b (CPL=3) -- requested 64 bytes, returning heap pointer 0x5555700018b0
milestone 33: syscall SBRK (process 3) -- hardware-recorded CS=0x1b (CPL=3) -- requested 64 bytes, returning heap pointer 0x5555700018f0
milestone 33: syscall SBRK (process 3) -- hardware-recorded CS=0x1b (CPL=3) -- requested 64 bytes, returning heap pointer 0x555570001930
milestone 33: syscall SBRK (process 3) -- hardware-recorded CS=0x1b (CPL=3) -- requested 64 bytes, returning heap pointer 0x555570001970
milestone 33: syscall SBRK (process 3) -- hardware-recorded CS=0x1b (CPL=3) -- requested 64 bytes, returning heap pointer 0x5555700019b0
milestone 33: syscall SBRK (process 3) -- hardware-recorded CS=0x1b (CPL=3) -- requested 64 bytes, returning heap pointer 0x5555700019f0
milestone 33: syscall SBRK (process 3) -- hardware-recorded CS=0x1b (CPL=3) -- requested 56 bytes, returning heap pointer 0x555570001a30
milestone 33: syscall SBRK (process 3) -- hardware-recorded CS=0x1b (CPL=3) -- requested 64 bytes, returning heap pointer 0x555570001a68
milestone 33: syscall SBRK (process 3) -- hardware-recorded CS=0x1b (CPL=3) -- requested 56 bytes, returning heap pointer 0x555570001aa8
milestone 33: syscall SBRK (process 3) -- hardware-recorded CS=0x1b (CPL=3) -- requested 56 bytes, returning heap pointer 0x555570001ae0
milestone 33: syscall SBRK (process 3) -- hardware-recorded CS=0x1b (CPL=3) -- requested 56 bytes, returning heap pointer 0x555570001b18
milestone 33: syscall SBRK (process 3) -- hardware-recorded CS=0x1b (CPL=3) -- requested 40 bytes, returning heap pointer 0x555570001b50
milestone 33: syscall SBRK (process 3) -- hardware-recorded CS=0x1b (CPL=3) -- requested 64 bytes, returning heap pointer 0x555570001b78
milestone 33: syscall SBRK (process 3) -- hardware-recorded CS=0x1b (CPL=3) -- requested 64 bytes, returning heap pointer 0x555570001bb8
milestone 33: syscall SBRK (process 3) -- hardware-recorded CS=0x1b (CPL=3) -- requested 64 bytes, returning heap pointer 0x555570001bf8
milestone 33: syscall SBRK (process 3) -- hardware-recorded CS=0x1b (CPL=3) -- requested 40 bytes, returning heap pointer 0x555570001c38
milestone 33: syscall SBRK (process 3) -- hardware-recorded CS=0x1b (CPL=3) -- requested 64 bytes, returning heap pointer 0x555570001c60
milestone 33: syscall SBRK (process 3) -- hardware-recorded CS=0x1b (CPL=3) -- requested 64 bytes, returning heap pointer 0x555570001ca0
milestone 33: syscall SBRK (process 3) -- hardware-recorded CS=0x1b (CPL=3) -- requested 64 bytes, returning heap pointer 0x555570001ce0
milestone 33: syscall SBRK (process 3) -- hardware-recorded CS=0x1b (CPL=3) -- requested 40 bytes, returning heap pointer 0x555570001d20
milestone 33: syscall SBRK (process 3) -- hardware-recorded CS=0x1b (CPL=3) -- requested 64 bytes, returning heap pointer 0x555570001d48
milestone 33: syscall SBRK (process 3) -- hardware-recorded CS=0x1b (CPL=3) -- requested 64 bytes, returning heap pointer 0x555570001d88
milestone 33: syscall SBRK (process 3) -- hardware-recorded CS=0x1b (CPL=3) -- requested 64 bytes, returning heap pointer 0x555570001dc8
milestone 33: syscall SBRK (process 3) -- hardware-recorded CS=0x1b (CPL=3) -- requested 56 bytes, returning heap pointer 0x555570001e08
milestone 33: syscall SBRK (process 3) -- hardware-recorded CS=0x1b (CPL=3) -- requested 56 bytes, returning heap pointer 0x555570001e40
milestone 33: syscall SBRK (process 3) -- hardware-recorded CS=0x1b (CPL=3) -- requested 200 bytes, returning heap pointer 0x555570001e78
milestone 33: syscall SBRK (process 3) -- hardware-recorded CS=0x1b (CPL=3) -- requested 136 bytes, returning heap pointer 0x555570001f40
milestone 33: syscall SBRK (process 3) -- hardware-recorded CS=0x1b (CPL=3) -- requested 16 bytes, returning heap pointer 0x555570001fc8
milestone 33: syscall SBRK (process 3) -- hardware-recorded CS=0x1b (CPL=3) -- requested 2056 bytes, returning heap pointer 0x555570001fd8
milestone 33: syscall SBRK (process 3) -- hardware-recorded CS=0x1b (CPL=3) -- requested 104 bytes, returning heap pointer 0x5555700027e0
milestone 33: syscall SBRK (process 3) -- hardware-recorded CS=0x1b (CPL=3) -- requested 104 bytes, returning heap pointer 0x555570002848
milestone 33: syscall SBRK (process 3) -- hardware-recorded CS=0x1b (CPL=3) -- requested 328 bytes, returning heap pointer 0x5555700028b0
milestone 82: syscall OPEN_TRUNC (process 3) -- hardware-recorded CS=0x1b (CPL=3) -- path='ccout1' -> fd 0 (truncated)
milestone 35: syscall FDWRITE (process 3) -- hardware-recorded CS=0x1b (CPL=3) -- fd=0 requested=319 accepted=319 bytes
milestone 35: syscall CLOSE (process 3) -- fd 0 was dirty, persisted 319 bytes to 'ccout1' on the real on-disk filesystem
milestone 35: syscall CLOSE (process 3) -- hardware-recorded CS=0x1b (CPL=3) -- fd=0 closed successfully
milestone 30: process forked-child -- user p4 index computed as 170 (code 0x555550000000, stack 0x555560000000)
milestone 30: process forked-child -- new pml4 0x240000 populated: 511 kernel-space entries shared, index 170 left private
milestone 30: process forked-child -- private code page mapped to frame 0x23f000, private stack page mapped to frame 0x237000
milestone 100: process forked-child -- 7 extra stack page(s) mapped below USER_STACK_ADDR (32 KiB total stack)
milestone 57: process forked-child -- private heap RESERVED (not mapped): 64 pages at 0x555570000000..0x55557003ffff, 0 physical frames committed until a real page fault demand-pages one
milestone 34: process forked-child -- copied 4096 image bytes into private code frame 0x23f000
milestone 37: fork() -- child's code frame 0x23f000 holds a REAL byte-for-byte copy of the parent's code frame 0x204000 (independently verifiable: same virtual address USER_CODE_ADDR under either process's own CR3, genuinely different physical frames)
milestone 69: fork() -- child also got 15 extra code page(s) REALLY remapped+copied (real fix -- see extra_frames' own doc comment on Process for the bug this closes; a multi-page ELF-loaded parent's pages beyond page 0 used to be silently dropped by fork())
milestone 37: syscall FORK (process 3, 'elf-loaded') -- created child pid 14: pml4=0x240000 code_frame=0x23f000 resume point rip=0x555550002e6d rsp=0x555560000e38
milestone 37: syscall FORK (process 3) -- hardware-recorded CS=0x1b (CPL=3) -- created child pid 14
milestone 37: wait() -- switching CR3 to forked child pid 14's own pml4 0x240000, resuming at rip=0x555550002e6d rsp=0x555560000e38 (its own fork()-time snapshot, rax forced to 0)
milestone 36: process exec'd -- ELF validated: e_entry=0x5555500000ec falls inside a mapped segment, 1 PT_LOAD segment(s), 1 total page(s), all within private p4 index 170
milestone 36: process exec'd -- new pml4 0x25a000 populated: 511 kernel-space entries shared, index 170 left private
milestone 36: process exec'd -- mapped 1 PT_LOAD page(s): [(93824902758400, 2437120, 319, 5)]
milestone 36: process exec'd -- private stack page mapped to frame 0x261000
milestone 100: process exec'd -- 7 extra stack page(s) mapped below USER_STACK_ADDR (32 KiB total stack)
milestone 57: process exec'd -- private heap RESERVED (not mapped): 64 pages at 0x555570000000..0x55557003ffff, 0 physical frames committed until a real page fault demand-pages one
milestone 54: reclaim_process_frames('forked-child') -- freed 38 physical frame(s) back to the allocator's free list
milestone 45: syscall EXEC (process 14) -- REAL teardown-and-rebuild complete: new pml4=0x25a000, new entry=0x5555500000ec (real parsed e_entry), fd table/parent_pid/pgid preserved, CR3 switched
milestone 45: syscall EXEC (process 14) -- hardware-recorded CS=0x1b (CPL=3) -- REAL teardown-and-rebuild from 'ccout1' (319 real ELF bytes read from the on-disk filesystem), new address space, jumping directly into the real parsed entry 0x5555500000ec, never returning to the old one
milestone 30: syscall EXIT -- hardware-recorded CS=0x1b (CPL=3) -- discarding ring-3 context, resuming kernel context
milestone 37: wait() -- forked child pid 14 resumed in kernel context (its own exit() syscall ran; CR3 is currently the KERNEL's own, restored to the parent's by wait_for_child() next)
milestone 54: reclaim_process_frames('exec'd') -- freed 15 physical frame(s) back to the allocator's free list
milestone 43: syscall WAIT (process 3) -- child pid 14 ran to completion and was reaped (real exit code 1), CR3 restored to parent's own pml4 0x205000
milestone 43: syscall WAIT (process 3) -- hardware-recorded CS=0x1b (CPL=3) -- reaped child pid 14, exited normally with code 1
milestone 31: syscall WRITE (process 3) -- hardware-recorded CS=0x1b (CPL=3) -- ptr=0x555550006a21 len=70 -- raw bytes >>>
  real on-disk ELF written, real fork()+exec()+wait() -- child exited=
<<< end of write (70 bytes)
milestone 33: syscall WRITE (process 3) also reads its own private heap at 0x555570000000 -- marker byte 0x00 (' ')
milestone 31: syscall WRITE (process 3) -- hardware-recorded CS=0x1b (CPL=3) -- ptr=0x555550006280 len=4 -- raw bytes >>>
true
<<< end of write (4 bytes)
milestone 33: syscall WRITE (process 3) also reads its own private heap at 0x555570000000 -- marker byte 0x00 (' ')
milestone 31: syscall WRITE (process 3) -- hardware-recorded CS=0x1b (CPL=3) -- ptr=0x555550006703 len=16 -- raw bytes >>>
 real exit code=
<<< end of write (16 bytes)
milestone 33: syscall WRITE (process 3) also reads its own private heap at 0x555570000000 -- marker byte 0x00 (' ')
milestone 31: syscall WRITE (process 3) -- hardware-recorded CS=0x1b (CPL=3) -- ptr=0x555560000e17 len=1 -- raw bytes >>>
1
<<< end of write (1 bytes)
milestone 33: syscall WRITE (process 3) also reads its own private heap at 0x555570000000 -- marker byte 0x00 (' ')
milestone 31: syscall WRITE (process 3) -- hardware-recorded CS=0x1b (CPL=3) -- ptr=0x555550006a6c len=28 -- raw bytes >>>
 (expected exited=true code=
<<< end of write (28 bytes)
milestone 33: syscall WRITE (process 3) also reads its own private heap at 0x555570000000 -- marker byte 0x00 (' ')
milestone 31: syscall WRITE (process 3) -- hardware-recorded CS=0x1b (CPL=3) -- ptr=0x555560000e17 len=1 -- raw bytes >>>
1
<<< end of write (1 bytes)
milestone 33: syscall WRITE (process 3) also reads its own private heap at 0x555570000000 -- marker byte 0x00 (' ')
milestone 31: syscall WRITE (process 3) -- hardware-recorded CS=0x1b (CPL=3) -- ptr=0x555550006a88 len=2 -- raw bytes >>>
)

<<< end of write (2 bytes)
milestone 33: syscall WRITE (process 3) also reads its own private heap at 0x555570000000 -- marker byte 0x00 (' ')
milestone 31: syscall WRITE (process 3) -- hardware-recorded CS=0x1b (CPL=3) -- ptr=0x55555000832c len=55 -- raw bytes >>>
case36_real_elf_exec_logical_or_shortcircuit_returns_1=
<<< end of write (55 bytes)
milestone 33: syscall WRITE (process 3) also reads its own private heap at 0x555570000000 -- marker byte 0x00 (' ')
milestone 31: syscall WRITE (process 3) -- hardware-recorded CS=0x1b (CPL=3) -- ptr=0x55555000627c len=4 -- raw bytes >>>
PASS
<<< end of write (4 bytes)
milestone 33: syscall WRITE (process 3) also reads its own private heap at 0x555570000000 -- marker byte 0x00 (' ')
milestone 31: syscall WRITE (process 3) -- hardware-recorded CS=0x1b (CPL=3) -- ptr=0x555550006294 len=1 -- raw bytes >>>
 
<<< end of write (1 bytes)
milestone 33: syscall WRITE (process 3) also reads its own private heap at 0x555570000000 -- marker byte 0x00 (' ')
milestone 31: syscall WRITE (process 3) -- hardware-recorded CS=0x1b (CPL=3) -- ptr=0x5555500063a8 len=1 -- raw bytes >>>


<<< end of write (1 bytes)
milestone 33: syscall WRITE (process 3) also reads its own private heap at 0x555570000000 -- marker byte 0x00 (' ')
milestone 31: syscall WRITE (process 3) -- hardware-recorded CS=0x1b (CPL=3) -- ptr=0x555550008363 len=12 -- raw bytes >>>
OVERALL_M76=
<<< end of write (12 bytes)
milestone 33: syscall WRITE (process 3) also reads its own private heap at 0x555570000000 -- marker byte 0x00 (' ')
milestone 31: syscall WRITE (process 3) -- hardware-recorded CS=0x1b (CPL=3) -- ptr=0x55555000627c len=4 -- raw bytes >>>
PASS
<<< end of write (4 bytes)
milestone 33: syscall WRITE (process 3) also reads its own private heap at 0x555570000000 -- marker byte 0x00 (' ')
milestone 31: syscall WRITE (process 3) -- hardware-recorded CS=0x1b (CPL=3) -- ptr=0x5555500063a8 len=1 -- raw bytes >>>


<<< end of write (1 bytes)
milestone 33: syscall WRITE (process 3) also reads its own private heap at 0x555570000000 -- marker byte 0x00 (' ')
milestone 31: syscall WRITE (process 3) -- hardware-recorded CS=0x1b (CPL=3) -- ptr=0x5555500063a8 len=1 -- raw bytes >>>


<<< end of write (1 bytes)
milestone 33: syscall WRITE (process 3) also reads its own private heap at 0x555570000000 -- marker byte 0x00 (' ')
milestone 87: syscall SBRK_RESET (process 3) -- hardware-recorded CS=0x1b (CPL=3) -- heap break rewound to 0x555570000000
milestone 33: syscall SBRK (process 3) -- hardware-recorded CS=0x1b (CPL=3) -- requested 6152 bytes, returning heap pointer 0x555570000000
milestone 33: syscall SBRK (process 3) -- hardware-recorded CS=0x1b (CPL=3) -- requested 56 bytes, returning heap pointer 0x555570001808
milestone 33: syscall SBRK (process 3) -- hardware-recorded CS=0x1b (CPL=3) -- requested 64 bytes, returning heap pointer 0x555570001840
milestone 33: syscall SBRK (process 3) -- hardware-recorded CS=0x1b (CPL=3) -- requested 56 bytes, returning heap pointer 0x555570001880
milestone 33: syscall SBRK (process 3) -- hardware-recorded CS=0x1b (CPL=3) -- requested 56 bytes, returning heap pointer 0x5555700018b8
milestone 33: syscall SBRK (process 3) -- hardware-recorded CS=0x1b (CPL=3) -- requested 64 bytes, returning heap pointer 0x5555700018f0
milestone 33: syscall SBRK (process 3) -- hardware-recorded CS=0x1b (CPL=3) -- requested 56 bytes, returning heap pointer 0x555570001930
milestone 33: syscall SBRK (process 3) -- hardware-recorded CS=0x1b (CPL=3) -- requested 56 bytes, returning heap pointer 0x555570001968
milestone 33: syscall SBRK (process 3) -- hardware-recorded CS=0x1b (CPL=3) -- requested 64 bytes, returning heap pointer 0x5555700019a0
milestone 33: syscall SBRK (process 3) -- hardware-recorded CS=0x1b (CPL=3) -- requested 64 bytes, returning heap pointer 0x5555700019e0
milestone 33: syscall SBRK (process 3) -- hardware-recorded CS=0x1b (CPL=3) -- requested 64 bytes, returning heap pointer 0x555570001a20
milestone 33: syscall SBRK (process 3) -- hardware-recorded CS=0x1b (CPL=3) -- requested 64 bytes, returning heap pointer 0x555570001a60
milestone 33: syscall SBRK (process 3) -- hardware-recorded CS=0x1b (CPL=3) -- requested 64 bytes, returning heap pointer 0x555570001aa0
milestone 33: syscall SBRK (process 3) -- hardware-recorded CS=0x1b (CPL=3) -- requested 64 bytes, returning heap pointer 0x555570001ae0
milestone 33: syscall SBRK (process 3) -- hardware-recorded CS=0x1b (CPL=3) -- requested 64 bytes, returning heap pointer 0x555570001b20
milestone 33: syscall SBRK (process 3) -- hardware-recorded CS=0x1b (CPL=3) -- requested 64 bytes, returning heap pointer 0x555570001b60
milestone 33: syscall SBRK (process 3) -- hardware-recorded CS=0x1b (CPL=3) -- requested 64 bytes, returning heap pointer 0x555570001ba0
milestone 33: syscall SBRK (process 3) -- hardware-recorded CS=0x1b (CPL=3) -- requested 64 bytes, returning heap pointer 0x555570001be0
milestone 33: syscall SBRK (process 3) -- hardware-recorded CS=0x1b (CPL=3) -- requested 64 bytes, returning heap pointer 0x555570001c20
milestone 33: syscall SBRK (process 3) -- hardware-recorded CS=0x1b (CPL=3) -- requested 64 bytes, returning heap pointer 0x555570001c60
milestone 33: syscall SBRK (process 3) -- hardware-recorded CS=0x1b (CPL=3) -- requested 64 bytes, returning heap pointer 0x555570001ca0
milestone 33: syscall SBRK (process 3) -- hardware-recorded CS=0x1b (CPL=3) -- requested 64 bytes, returning heap pointer 0x555570001ce0
milestone 33: syscall SBRK (process 3) -- hardware-recorded CS=0x1b (CPL=3) -- requested 64 bytes, returning heap pointer 0x555570001d20
milestone 33: syscall SBRK (process 3) -- hardware-recorded CS=0x1b (CPL=3) -- requested 64 bytes, returning heap pointer 0x555570001d60
milestone 33: syscall SBRK (process 3) -- hardware-recorded CS=0x1b (CPL=3) -- requested 64 bytes, returning heap pointer 0x555570001da0
milestone 33: syscall SBRK (process 3) -- hardware-recorded CS=0x1b (CPL=3) -- requested 64 bytes, returning heap pointer 0x555570001de0
milestone 33: syscall SBRK (process 3) -- hardware-recorded CS=0x1b (CPL=3) -- requested 64 bytes, returning heap pointer 0x555570001e20
milestone 33: syscall SBRK (process 3) -- hardware-recorded CS=0x1b (CPL=3) -- requested 64 bytes, returning heap pointer 0x555570001e60
milestone 33: syscall SBRK (process 3) -- hardware-recorded CS=0x1b (CPL=3) -- requested 64 bytes, returning heap pointer 0x555570001ea0
milestone 33: syscall SBRK (process 3) -- hardware-recorded CS=0x1b (CPL=3) -- requested 64 bytes, returning heap pointer 0x555570001ee0
milestone 33: syscall SBRK (process 3) -- hardware-recorded CS=0x1b (CPL=3) -- requested 56 bytes, returning heap pointer 0x555570001f20
milestone 33: syscall SBRK (process 3) -- hardware-recorded CS=0x1b (CPL=3) -- requested 64 bytes, returning heap pointer 0x555570001f58
milestone 33: syscall SBRK (process 3) -- hardware-recorded CS=0x1b (CPL=3) -- requested 56 bytes, returning heap pointer 0x555570001f98
milestone 33: syscall SBRK (process 3) -- hardware-recorded CS=0x1b (CPL=3) -- requested 56 bytes, returning heap pointer 0x555570001fd0
milestone 33: syscall SBRK (process 3) -- hardware-recorded CS=0x1b (CPL=3) -- requested 200 bytes, returning heap pointer 0x555570002008
milestone 33: syscall SBRK (process 3) -- hardware-recorded CS=0x1b (CPL=3) -- requested 136 bytes, returning heap pointer 0x5555700020d0
milestone 33: syscall SBRK (process 3) -- hardware-recorded CS=0x1b (CPL=3) -- requested 16 bytes, returning heap pointer 0x555570002158
milestone 33: syscall SBRK (process 3) -- hardware-recorded CS=0x1b (CPL=3) -- requested 2056 bytes, returning heap pointer 0x555570002168
milestone 33: syscall SBRK (process 3) -- hardware-recorded CS=0x1b (CPL=3) -- requested 104 bytes, returning heap pointer 0x555570002970
milestone 31: syscall WRITE (process 3) -- hardware-recorded CS=0x1b (CPL=3) -- ptr=0x5555500083ea len=63 -- raw bytes >>>
  case37 (bitwise &,|,^,~,<<,>> combined, in-process) returned=
<<< end of write (63 bytes)
milestone 33: syscall WRITE (process 3) also reads its own private heap at 0x555570000000 -- marker byte 0x00 (' ')
milestone 31: syscall WRITE (process 3) -- hardware-recorded CS=0x1b (CPL=3) -- ptr=0x555560000e17 len=1 -- raw bytes >>>
6
<<< end of write (1 bytes)
milestone 33: syscall WRITE (process 3) also reads its own private heap at 0x555570000000 -- marker byte 0x00 (' ')
milestone 31: syscall WRITE (process 3) -- hardware-recorded CS=0x1b (CPL=3) -- ptr=0x555560000e17 len=1 -- raw bytes >>>
8
<<< end of write (1 bytes)
milestone 33: syscall WRITE (process 3) also reads its own private heap at 0x555570000000 -- marker byte 0x00 (' ')
milestone 31: syscall WRITE (process 3) -- hardware-recorded CS=0x1b (CPL=3) -- ptr=0x555550008429 len=15 -- raw bytes >>>
 (expected 68)

<<< end of write (15 bytes)
milestone 33: syscall WRITE (process 3) also reads its own private heap at 0x555570000000 -- marker byte 0x00 (' ')
milestone 31: syscall WRITE (process 3) -- hardware-recorded CS=0x1b (CPL=3) -- ptr=0x555550008438 len=45 -- raw bytes >>>
case37_bitwise_operators_combined_returns_68=
<<< end of write (45 bytes)
milestone 33: syscall WRITE (process 3) also reads its own private heap at 0x555570000000 -- marker byte 0x00 (' ')
milestone 31: syscall WRITE (process 3) -- hardware-recorded CS=0x1b (CPL=3) -- ptr=0x55555000627c len=4 -- raw bytes >>>
PASS
<<< end of write (4 bytes)
milestone 33: syscall WRITE (process 3) also reads its own private heap at 0x555570000000 -- marker byte 0x00 (' ')
milestone 31: syscall WRITE (process 3) -- hardware-recorded CS=0x1b (CPL=3) -- ptr=0x555550006294 len=1 -- raw bytes >>>
 
<<< end of write (1 bytes)
milestone 33: syscall WRITE (process 3) also reads its own private heap at 0x555570000000 -- marker byte 0x00 (' ')
milestone 31: syscall WRITE (process 3) -- hardware-recorded CS=0x1b (CPL=3) -- ptr=0x5555500063a8 len=1 -- raw bytes >>>


<<< end of write (1 bytes)
milestone 33: syscall WRITE (process 3) also reads its own private heap at 0x555570000000 -- marker byte 0x00 (' ')
milestone 87: syscall SBRK_RESET (process 3) -- hardware-recorded CS=0x1b (CPL=3) -- heap break rewound to 0x555570000000
milestone 33: syscall SBRK (process 3) -- hardware-recorded CS=0x1b (CPL=3) -- requested 6152 bytes, returning heap pointer 0x555570000000
milestone 33: syscall SBRK (process 3) -- hardware-recorded CS=0x1b (CPL=3) -- requested 40 bytes, returning heap pointer 0x555570001808
milestone 33: syscall SBRK (process 3) -- hardware-recorded CS=0x1b (CPL=3) -- requested 64 bytes, returning heap pointer 0x555570001830
milestone 33: syscall SBRK (process 3) -- hardware-recorded CS=0x1b (CPL=3) -- requested 64 bytes, returning heap pointer 0x555570001870
milestone 33: syscall SBRK (process 3) -- hardware-recorded CS=0x1b (CPL=3) -- requested 64 bytes, returning heap pointer 0x5555700018b0
milestone 33: syscall SBRK (process 3) -- hardware-recorded CS=0x1b (CPL=3) -- requested 56 bytes, returning heap pointer 0x5555700018f0
milestone 33: syscall SBRK (process 3) -- hardware-recorded CS=0x1b (CPL=3) -- requested 56 bytes, returning heap pointer 0x555570001928
milestone 33: syscall SBRK (process 3) -- hardware-recorded CS=0x1b (CPL=3) -- requested 56 bytes, returning heap pointer 0x555570001960
milestone 33: syscall SBRK (process 3) -- hardware-recorded CS=0x1b (CPL=3) -- requested 64 bytes, returning heap pointer 0x555570001998
milestone 33: syscall SBRK (process 3) -- hardware-recorded CS=0x1b (CPL=3) -- requested 56 bytes, returning heap pointer 0x5555700019d8
milestone 33: syscall SBRK (process 3) -- hardware-recorded CS=0x1b (CPL=3) -- requested 56 bytes, returning heap pointer 0x555570001a10
milestone 33: syscall SBRK (process 3) -- hardware-recorded CS=0x1b (CPL=3) -- requested 64 bytes, returning heap pointer 0x555570001a48
milestone 33: syscall SBRK (process 3) -- hardware-recorded CS=0x1b (CPL=3) -- requested 56 bytes, returning heap pointer 0x555570001a88
milestone 33: syscall SBRK (process 3) -- hardware-recorded CS=0x1b (CPL=3) -- requested 56 bytes, returning heap pointer 0x555570001ac0
milestone 33: syscall SBRK (process 3) -- hardware-recorded CS=0x1b (CPL=3) -- requested 64 bytes, returning heap pointer 0x555570001af8
milestone 33: syscall SBRK (process 3) -- hardware-recorded CS=0x1b (CPL=3) -- requested 56 bytes, returning heap pointer 0x555570001b38
milestone 33: syscall SBRK (process 3) -- hardware-recorded CS=0x1b (CPL=3) -- requested 56 bytes, returning heap pointer 0x555570001b70
milestone 33: syscall SBRK (process 3) -- hardware-recorded CS=0x1b (CPL=3) -- requested 64 bytes, returning heap pointer 0x555570001ba8
milestone 33: syscall SBRK (process 3) -- hardware-recorded CS=0x1b (CPL=3) -- requested 64 bytes, returning heap pointer 0x555570001be8
milestone 33: syscall SBRK (process 3) -- hardware-recorded CS=0x1b (CPL=3) -- requested 64 bytes, returning heap pointer 0x555570001c28
milestone 33: syscall SBRK (process 3) -- hardware-recorded CS=0x1b (CPL=3) -- requested 64 bytes, returning heap pointer 0x555570001c68
milestone 33: syscall SBRK (process 3) -- hardware-recorded CS=0x1b (CPL=3) -- requested 64 bytes, returning heap pointer 0x555570001ca8
milestone 33: syscall SBRK (process 3) -- hardware-recorded CS=0x1b (CPL=3) -- requested 56 bytes, returning heap pointer 0x555570001ce8
milestone 33: syscall SBRK (process 3) -- hardware-recorded CS=0x1b (CPL=3) -- requested 40 bytes, returning heap pointer 0x555570001d20
milestone 33: syscall SBRK (process 3) -- hardware-recorded CS=0x1b (CPL=3) -- requested 64 bytes, returning heap pointer 0x555570001d48
milestone 33: syscall SBRK (process 3) -- hardware-recorded CS=0x1b (CPL=3) -- requested 64 bytes, returning heap pointer 0x555570001d88
milestone 33: syscall SBRK (process 3) -- hardware-recorded CS=0x1b (CPL=3) -- requested 64 bytes, returning heap pointer 0x555570001dc8
milestone 33: syscall SBRK (process 3) -- hardware-recorded CS=0x1b (CPL=3) -- requested 64 bytes, returning heap pointer 0x555570001e08
milestone 33: syscall SBRK (process 3) -- hardware-recorded CS=0x1b (CPL=3) -- requested 64 bytes, returning heap pointer 0x555570001e48
milestone 33: syscall SBRK (process 3) -- hardware-recorded CS=0x1b (CPL=3) -- requested 64 bytes, returning heap pointer 0x555570001e88
milestone 33: syscall SBRK (process 3) -- hardware-recorded CS=0x1b (CPL=3) -- requested 64 bytes, returning heap pointer 0x555570001ec8
milestone 33: syscall SBRK (process 3) -- hardware-recorded CS=0x1b (CPL=3) -- requested 56 bytes, returning heap pointer 0x555570001f08
milestone 33: syscall SBRK (process 3) -- hardware-recorded CS=0x1b (CPL=3) -- requested 56 bytes, returning heap pointer 0x555570001f40
milestone 33: syscall SBRK (process 3) -- hardware-recorded CS=0x1b (CPL=3) -- requested 200 bytes, returning heap pointer 0x555570001f78
milestone 33: syscall SBRK (process 3) -- hardware-recorded CS=0x1b (CPL=3) -- requested 136 bytes, returning heap pointer 0x555570002040
milestone 33: syscall SBRK (process 3) -- hardware-recorded CS=0x1b (CPL=3) -- requested 16 bytes, returning heap pointer 0x5555700020c8
milestone 33: syscall SBRK (process 3) -- hardware-recorded CS=0x1b (CPL=3) -- requested 2056 bytes, returning heap pointer 0x5555700020d8
milestone 33: syscall SBRK (process 3) -- hardware-recorded CS=0x1b (CPL=3) -- requested 104 bytes, returning heap pointer 0x5555700028e0
milestone 33: syscall SBRK (process 3) -- hardware-recorded CS=0x1b (CPL=3) -- requested 104 bytes, returning heap pointer 0x555570002948
milestone 33: syscall SBRK (process 3) -- hardware-recorded CS=0x1b (CPL=3) -- requested 304 bytes, returning heap pointer 0x5555700029b0
milestone 82: syscall OPEN_TRUNC (process 3) -- hardware-recorded CS=0x1b (CPL=3) -- path='ccout1' -> fd 0 (truncated)
milestone 35: syscall FDWRITE (process 3) -- hardware-recorded CS=0x1b (CPL=3) -- fd=0 requested=293 accepted=293 bytes
milestone 35: syscall CLOSE (process 3) -- fd 0 was dirty, persisted 293 bytes to 'ccout1' on the real on-disk filesystem
milestone 35: syscall CLOSE (process 3) -- hardware-recorded CS=0x1b (CPL=3) -- fd=0 closed successfully
milestone 30: process forked-child -- user p4 index computed as 170 (code 0x555550000000, stack 0x555560000000)
milestone 30: process forked-child -- new pml4 0x25c000 populated: 511 kernel-space entries shared, index 170 left private
milestone 30: process forked-child -- private code page mapped to frame 0x250000, private stack page mapped to frame 0x252000
milestone 100: process forked-child -- 7 extra stack page(s) mapped below USER_STACK_ADDR (32 KiB total stack)
milestone 57: process forked-child -- private heap RESERVED (not mapped): 64 pages at 0x555570000000..0x55557003ffff, 0 physical frames committed until a real page fault demand-pages one
milestone 34: process forked-child -- copied 4096 image bytes into private code frame 0x250000
milestone 37: fork() -- child's code frame 0x250000 holds a REAL byte-for-byte copy of the parent's code frame 0x204000 (independently verifiable: same virtual address USER_CODE_ADDR under either process's own CR3, genuinely different physical frames)
milestone 69: fork() -- child also got 15 extra code page(s) REALLY remapped+copied (real fix -- see extra_frames' own doc comment on Process for the bug this closes; a multi-page ELF-loaded parent's pages beyond page 0 used to be silently dropped by fork())
milestone 37: syscall FORK (process 3, 'elf-loaded') -- created child pid 14: pml4=0x25c000 code_frame=0x250000 resume point rip=0x55555000314d rsp=0x555560000e38
milestone 37: syscall FORK (process 3) -- hardware-recorded CS=0x1b (CPL=3) -- created child pid 14
milestone 37: wait() -- switching CR3 to forked child pid 14's own pml4 0x25c000, resuming at rip=0x55555000314d rsp=0x555560000e38 (its own fork()-time snapshot, rax forced to 0)
milestone 36: process exec'd -- ELF validated: e_entry=0x55555000009c falls inside a mapped segment, 1 PT_LOAD segment(s), 1 total page(s), all within private p4 index 170
milestone 36: process exec'd -- new pml4 0x231000 populated: 511 kernel-space entries shared, index 170 left private
milestone 36: process exec'd -- mapped 1 PT_LOAD page(s): [(93824902758400, 2314240, 293, 5)]
milestone 36: process exec'd -- private stack page mapped to frame 0x22e000
milestone 100: process exec'd -- 7 extra stack page(s) mapped below USER_STACK_ADDR (32 KiB total stack)
milestone 57: process exec'd -- private heap RESERVED (not mapped): 64 pages at 0x555570000000..0x55557003ffff, 0 physical frames committed until a real page fault demand-pages one
milestone 54: reclaim_process_frames('forked-child') -- freed 38 physical frame(s) back to the allocator's free list
milestone 45: syscall EXEC (process 14) -- REAL teardown-and-rebuild complete: new pml4=0x231000, new entry=0x55555000009c (real parsed e_entry), fd table/parent_pid/pgid preserved, CR3 switched
milestone 45: syscall EXEC (process 14) -- hardware-recorded CS=0x1b (CPL=3) -- REAL teardown-and-rebuild from 'ccout1' (293 real ELF bytes read from the on-disk filesystem), new address space, jumping directly into the real parsed entry 0x55555000009c, never returning to the old one
milestone 30: syscall EXIT -- hardware-recorded CS=0x1b (CPL=3) -- discarding ring-3 context, resuming kernel context
milestone 37: wait() -- forked child pid 14 resumed in kernel context (its own exit() syscall ran; CR3 is currently the KERNEL's own, restored to the parent's by wait_for_child() next)
milestone 54: reclaim_process_frames('exec'd') -- freed 15 physical frame(s) back to the allocator's free list
milestone 43: syscall WAIT (process 3) -- child pid 14 ran to completion and was reaped (real exit code 8), CR3 restored to parent's own pml4 0x205000
milestone 43: syscall WAIT (process 3) -- hardware-recorded CS=0x1b (CPL=3) -- reaped child pid 14, exited normally with code 8
milestone 31: syscall WRITE (process 3) -- hardware-recorded CS=0x1b (CPL=3) -- ptr=0x555550006a21 len=70 -- raw bytes >>>
  real on-disk ELF written, real fork()+exec()+wait() -- child exited=
<<< end of write (70 bytes)
milestone 33: syscall WRITE (process 3) also reads its own private heap at 0x555570000000 -- marker byte 0x00 (' ')
milestone 31: syscall WRITE (process 3) -- hardware-recorded CS=0x1b (CPL=3) -- ptr=0x555550006280 len=4 -- raw bytes >>>
true
<<< end of write (4 bytes)
milestone 33: syscall WRITE (process 3) also reads its own private heap at 0x555570000000 -- marker byte 0x00 (' ')
milestone 31: syscall WRITE (process 3) -- hardware-recorded CS=0x1b (CPL=3) -- ptr=0x555550006703 len=16 -- raw bytes >>>
 real exit code=
<<< end of write (16 bytes)
milestone 33: syscall WRITE (process 3) also reads its own private heap at 0x555570000000 -- marker byte 0x00 (' ')
milestone 31: syscall WRITE (process 3) -- hardware-recorded CS=0x1b (CPL=3) -- ptr=0x555560000e17 len=1 -- raw bytes >>>
8
<<< end of write (1 bytes)
milestone 33: syscall WRITE (process 3) also reads its own private heap at 0x555570000000 -- marker byte 0x00 (' ')
milestone 31: syscall WRITE (process 3) -- hardware-recorded CS=0x1b (CPL=3) -- ptr=0x555550006a6c len=28 -- raw bytes >>>
 (expected exited=true code=
<<< end of write (28 bytes)
milestone 33: syscall WRITE (process 3) also reads its own private heap at 0x555570000000 -- marker byte 0x00 (' ')
milestone 31: syscall WRITE (process 3) -- hardware-recorded CS=0x1b (CPL=3) -- ptr=0x555560000e17 len=1 -- raw bytes >>>
8
<<< end of write (1 bytes)
milestone 33: syscall WRITE (process 3) also reads its own private heap at 0x555570000000 -- marker byte 0x00 (' ')
milestone 31: syscall WRITE (process 3) -- hardware-recorded CS=0x1b (CPL=3) -- ptr=0x555550006a88 len=2 -- raw bytes >>>
)

<<< end of write (2 bytes)
milestone 33: syscall WRITE (process 3) also reads its own private heap at 0x555570000000 -- marker byte 0x00 (' ')
milestone 31: syscall WRITE (process 3) -- hardware-recorded CS=0x1b (CPL=3) -- ptr=0x55555000852e len=50 -- raw bytes >>>
case38_real_elf_exec_bitwise_precedence_returns_8=
<<< end of write (50 bytes)
milestone 33: syscall WRITE (process 3) also reads its own private heap at 0x555570000000 -- marker byte 0x00 (' ')
milestone 31: syscall WRITE (process 3) -- hardware-recorded CS=0x1b (CPL=3) -- ptr=0x55555000627c len=4 -- raw bytes >>>
PASS
<<< end of write (4 bytes)
milestone 33: syscall WRITE (process 3) also reads its own private heap at 0x555570000000 -- marker byte 0x00 (' ')
milestone 31: syscall WRITE (process 3) -- hardware-recorded CS=0x1b (CPL=3) -- ptr=0x555550006294 len=1 -- raw bytes >>>
 
<<< end of write (1 bytes)
milestone 33: syscall WRITE (process 3) also reads its own private heap at 0x555570000000 -- marker byte 0x00 (' ')
milestone 31: syscall WRITE (process 3) -- hardware-recorded CS=0x1b (CPL=3) -- ptr=0x5555500063a8 len=1 -- raw bytes >>>


<<< end of write (1 bytes)
milestone 33: syscall WRITE (process 3) also reads its own private heap at 0x555570000000 -- marker byte 0x00 (' ')
milestone 31: syscall WRITE (process 3) -- hardware-recorded CS=0x1b (CPL=3) -- ptr=0x555550008560 len=12 -- raw bytes >>>
OVERALL_M79=
<<< end of write (12 bytes)
milestone 33: syscall WRITE (process 3) also reads its own private heap at 0x555570000000 -- marker byte 0x00 (' ')
milestone 31: syscall WRITE (process 3) -- hardware-recorded CS=0x1b (CPL=3) -- ptr=0x55555000627c len=4 -- raw bytes >>>
PASS
<<< end of write (4 bytes)
milestone 33: syscall WRITE (process 3) also reads its own private heap at 0x555570000000 -- marker byte 0x00 (' ')
milestone 31: syscall WRITE (process 3) -- hardware-recorded CS=0x1b (CPL=3) -- ptr=0x5555500063a8 len=1 -- raw bytes >>>


<<< end of write (1 bytes)
milestone 33: syscall WRITE (process 3) also reads its own private heap at 0x555570000000 -- marker byte 0x00 (' ')
milestone 87: syscall SBRK_RESET (process 3) -- hardware-recorded CS=0x1b (CPL=3) -- heap break rewound to 0x555570000000
milestone 33: syscall SBRK (process 3) -- hardware-recorded CS=0x1b (CPL=3) -- requested 6152 bytes, returning heap pointer 0x555570000000
milestone 33: syscall SBRK (process 3) -- hardware-recorded CS=0x1b (CPL=3) -- requested 56 bytes, returning heap pointer 0x555570001808
milestone 33: syscall SBRK (process 3) -- hardware-recorded CS=0x1b (CPL=3) -- requested 64 bytes, returning heap pointer 0x555570001840
milestone 33: syscall SBRK (process 3) -- hardware-recorded CS=0x1b (CPL=3) -- requested 56 bytes, returning heap pointer 0x555570001880
milestone 33: syscall SBRK (process 3) -- hardware-recorded CS=0x1b (CPL=3) -- requested 56 bytes, returning heap pointer 0x5555700018b8
milestone 33: syscall SBRK (process 3) -- hardware-recorded CS=0x1b (CPL=3) -- requested 64 bytes, returning heap pointer 0x5555700018f0
milestone 33: syscall SBRK (process 3) -- hardware-recorded CS=0x1b (CPL=3) -- requested 56 bytes, returning heap pointer 0x555570001930
milestone 33: syscall SBRK (process 3) -- hardware-recorded CS=0x1b (CPL=3) -- requested 56 bytes, returning heap pointer 0x555570001968
milestone 33: syscall SBRK (process 3) -- hardware-recorded CS=0x1b (CPL=3) -- requested 64 bytes, returning heap pointer 0x5555700019a0
milestone 33: syscall SBRK (process 3) -- hardware-recorded CS=0x1b (CPL=3) -- requested 64 bytes, returning heap pointer 0x5555700019e0
milestone 33: syscall SBRK (process 3) -- hardware-recorded CS=0x1b (CPL=3) -- requested 64 bytes, returning heap pointer 0x555570001a20
milestone 33: syscall SBRK (process 3) -- hardware-recorded CS=0x1b (CPL=3) -- requested 64 bytes, returning heap pointer 0x555570001a60
milestone 33: syscall SBRK (process 3) -- hardware-recorded CS=0x1b (CPL=3) -- requested 64 bytes, returning heap pointer 0x555570001aa0
milestone 33: syscall SBRK (process 3) -- hardware-recorded CS=0x1b (CPL=3) -- requested 64 bytes, returning heap pointer 0x555570001ae0
milestone 33: syscall SBRK (process 3) -- hardware-recorded CS=0x1b (CPL=3) -- requested 64 bytes, returning heap pointer 0x555570001b20
milestone 33: syscall SBRK (process 3) -- hardware-recorded CS=0x1b (CPL=3) -- requested 64 bytes, returning heap pointer 0x555570001b60
milestone 33: syscall SBRK (process 3) -- hardware-recorded CS=0x1b (CPL=3) -- requested 64 bytes, returning heap pointer 0x555570001ba0
milestone 33: syscall SBRK (process 3) -- hardware-recorded CS=0x1b (CPL=3) -- requested 64 bytes, returning heap pointer 0x555570001be0
milestone 33: syscall SBRK (process 3) -- hardware-recorded CS=0x1b (CPL=3) -- requested 64 bytes, returning heap pointer 0x555570001c20
milestone 33: syscall SBRK (process 3) -- hardware-recorded CS=0x1b (CPL=3) -- requested 64 bytes, returning heap pointer 0x555570001c60
milestone 33: syscall SBRK (process 3) -- hardware-recorded CS=0x1b (CPL=3) -- requested 64 bytes, returning heap pointer 0x555570001ca0
milestone 33: syscall SBRK (process 3) -- hardware-recorded CS=0x1b (CPL=3) -- requested 64 bytes, returning heap pointer 0x555570001ce0
milestone 33: syscall SBRK (process 3) -- hardware-recorded CS=0x1b (CPL=3) -- requested 64 bytes, returning heap pointer 0x555570001d20
milestone 33: syscall SBRK (process 3) -- hardware-recorded CS=0x1b (CPL=3) -- requested 64 bytes, returning heap pointer 0x555570001d60
milestone 33: syscall SBRK (process 3) -- hardware-recorded CS=0x1b (CPL=3) -- requested 64 bytes, returning heap pointer 0x555570001da0
milestone 33: syscall SBRK (process 3) -- hardware-recorded CS=0x1b (CPL=3) -- requested 64 bytes, returning heap pointer 0x555570001de0
milestone 33: syscall SBRK (process 3) -- hardware-recorded CS=0x1b (CPL=3) -- requested 64 bytes, returning heap pointer 0x555570001e20
milestone 33: syscall SBRK (process 3) -- hardware-recorded CS=0x1b (CPL=3) -- requested 56 bytes, returning heap pointer 0x555570001e60
milestone 33: syscall SBRK (process 3) -- hardware-recorded CS=0x1b (CPL=3) -- requested 64 bytes, returning heap pointer 0x555570001e98
milestone 33: syscall SBRK (process 3) -- hardware-recorded CS=0x1b (CPL=3) -- requested 56 bytes, returning heap pointer 0x555570001ed8
milestone 33: syscall SBRK (process 3) -- hardware-recorded CS=0x1b (CPL=3) -- requested 56 bytes, returning heap pointer 0x555570001f10
milestone 33: syscall SBRK (process 3) -- hardware-recorded CS=0x1b (CPL=3) -- requested 200 bytes, returning heap pointer 0x555570001f48
milestone 33: syscall SBRK (process 3) -- hardware-recorded CS=0x1b (CPL=3) -- requested 136 bytes, returning heap pointer 0x555570002010
milestone 33: syscall SBRK (process 3) -- hardware-recorded CS=0x1b (CPL=3) -- requested 16 bytes, returning heap pointer 0x555570002098
milestone 33: syscall SBRK (process 3) -- hardware-recorded CS=0x1b (CPL=3) -- requested 2056 bytes, returning heap pointer 0x5555700020a8
milestone 33: syscall SBRK (process 3) -- hardware-recorded CS=0x1b (CPL=3) -- requested 104 bytes, returning heap pointer 0x5555700028b0
milestone 31: syscall WRITE (process 3) -- hardware-recorded CS=0x1b (CPL=3) -- ptr=0x5555500085d9 len=57 -- raw bytes >>>
  case39 (logical ! in five shapes, in-process) returned=
<<< end of write (57 bytes)
milestone 33: syscall WRITE (process 3) also reads its own private heap at 0x555570000000 -- marker byte 0x00 (' ')
milestone 31: syscall WRITE (process 3) -- hardware-recorded CS=0x1b (CPL=3) -- ptr=0x555560000e17 len=1 -- raw bytes >>>
3
<<< end of write (1 bytes)
milestone 33: syscall WRITE (process 3) also reads its own private heap at 0x555570000000 -- marker byte 0x00 (' ')
milestone 31: syscall WRITE (process 3) -- hardware-recorded CS=0x1b (CPL=3) -- ptr=0x555550008612 len=14 -- raw bytes >>>
 (expected 3)

<<< end of write (14 bytes)
milestone 33: syscall WRITE (process 3) also reads its own private heap at 0x555570000000 -- marker byte 0x00 (' ')
milestone 31: syscall WRITE (process 3) -- hardware-recorded CS=0x1b (CPL=3) -- ptr=0x555550008620 len=41 -- raw bytes >>>
case39_logical_not_five_shapes_returns_3=
<<< end of write (41 bytes)
milestone 33: syscall WRITE (process 3) also reads its own private heap at 0x555570000000 -- marker byte 0x00 (' ')
milestone 31: syscall WRITE (process 3) -- hardware-recorded CS=0x1b (CPL=3) -- ptr=0x55555000627c len=4 -- raw bytes >>>
PASS
<<< end of write (4 bytes)
milestone 33: syscall WRITE (process 3) also reads its own private heap at 0x555570000000 -- marker byte 0x00 (' ')
milestone 31: syscall WRITE (process 3) -- hardware-recorded CS=0x1b (CPL=3) -- ptr=0x555550006294 len=1 -- raw bytes >>>
 
<<< end of write (1 bytes)
milestone 33: syscall WRITE (process 3) also reads its own private heap at 0x555570000000 -- marker byte 0x00 (' ')
milestone 31: syscall WRITE (process 3) -- hardware-recorded CS=0x1b (CPL=3) -- ptr=0x5555500063a8 len=1 -- raw bytes >>>


<<< end of write (1 bytes)
milestone 33: syscall WRITE (process 3) also reads its own private heap at 0x555570000000 -- marker byte 0x00 (' ')
milestone 87: syscall SBRK_RESET (process 3) -- hardware-recorded CS=0x1b (CPL=3) -- heap break rewound to 0x555570000000
milestone 33: syscall SBRK (process 3) -- hardware-recorded CS=0x1b (CPL=3) -- requested 6152 bytes, returning heap pointer 0x555570000000
milestone 33: syscall SBRK (process 3) -- hardware-recorded CS=0x1b (CPL=3) -- requested 56 bytes, returning heap pointer 0x555570001808
milestone 33: syscall SBRK (process 3) -- hardware-recorded CS=0x1b (CPL=3) -- requested 64 bytes, returning heap pointer 0x555570001840
milestone 33: syscall SBRK (process 3) -- hardware-recorded CS=0x1b (CPL=3) -- requested 56 bytes, returning heap pointer 0x555570001880
milestone 33: syscall SBRK (process 3) -- hardware-recorded CS=0x1b (CPL=3) -- requested 56 bytes, returning heap pointer 0x5555700018b8
milestone 33: syscall SBRK (process 3) -- hardware-recorded CS=0x1b (CPL=3) -- requested 64 bytes, returning heap pointer 0x5555700018f0
milestone 33: syscall SBRK (process 3) -- hardware-recorded CS=0x1b (CPL=3) -- requested 56 bytes, returning heap pointer 0x555570001930
milestone 33: syscall SBRK (process 3) -- hardware-recorded CS=0x1b (CPL=3) -- requested 56 bytes, returning heap pointer 0x555570001968
milestone 33: syscall SBRK (process 3) -- hardware-recorded CS=0x1b (CPL=3) -- requested 64 bytes, returning heap pointer 0x5555700019a0
milestone 33: syscall SBRK (process 3) -- hardware-recorded CS=0x1b (CPL=3) -- requested 64 bytes, returning heap pointer 0x5555700019e0
milestone 33: syscall SBRK (process 3) -- hardware-recorded CS=0x1b (CPL=3) -- requested 64 bytes, returning heap pointer 0x555570001a20
milestone 33: syscall SBRK (process 3) -- hardware-recorded CS=0x1b (CPL=3) -- requested 64 bytes, returning heap pointer 0x555570001a60
milestone 33: syscall SBRK (process 3) -- hardware-recorded CS=0x1b (CPL=3) -- requested 56 bytes, returning heap pointer 0x555570001aa0
milestone 33: syscall SBRK (process 3) -- hardware-recorded CS=0x1b (CPL=3) -- requested 64 bytes, returning heap pointer 0x555570001ad8
milestone 33: syscall SBRK (process 3) -- hardware-recorded CS=0x1b (CPL=3) -- requested 64 bytes, returning heap pointer 0x555570001b18
milestone 33: syscall SBRK (process 3) -- hardware-recorded CS=0x1b (CPL=3) -- requested 64 bytes, returning heap pointer 0x555570001b58
milestone 33: syscall SBRK (process 3) -- hardware-recorded CS=0x1b (CPL=3) -- requested 64 bytes, returning heap pointer 0x555570001b98
milestone 33: syscall SBRK (process 3) -- hardware-recorded CS=0x1b (CPL=3) -- requested 64 bytes, returning heap pointer 0x555570001bd8
milestone 33: syscall SBRK (process 3) -- hardware-recorded CS=0x1b (CPL=3) -- requested 64 bytes, returning heap pointer 0x555570001c18
milestone 33: syscall SBRK (process 3) -- hardware-recorded CS=0x1b (CPL=3) -- requested 56 bytes, returning heap pointer 0x555570001c58
milestone 33: syscall SBRK (process 3) -- hardware-recorded CS=0x1b (CPL=3) -- requested 56 bytes, returning heap pointer 0x555570001c90
milestone 33: syscall SBRK (process 3) -- hardware-recorded CS=0x1b (CPL=3) -- requested 200 bytes, returning heap pointer 0x555570001cc8
milestone 33: syscall SBRK (process 3) -- hardware-recorded CS=0x1b (CPL=3) -- requested 136 bytes, returning heap pointer 0x555570001d90
milestone 33: syscall SBRK (process 3) -- hardware-recorded CS=0x1b (CPL=3) -- requested 16 bytes, returning heap pointer 0x555570001e18
milestone 33: syscall SBRK (process 3) -- hardware-recorded CS=0x1b (CPL=3) -- requested 2056 bytes, returning heap pointer 0x555570001e28
milestone 33: syscall SBRK (process 3) -- hardware-recorded CS=0x1b (CPL=3) -- requested 104 bytes, returning heap pointer 0x555570002630
milestone 33: syscall SBRK (process 3) -- hardware-recorded CS=0x1b (CPL=3) -- requested 248 bytes, returning heap pointer 0x555570002698
milestone 82: syscall OPEN_TRUNC (process 3) -- hardware-recorded CS=0x1b (CPL=3) -- path='ccout1' -> fd 0 (truncated)
milestone 35: syscall FDWRITE (process 3) -- hardware-recorded CS=0x1b (CPL=3) -- fd=0 requested=234 accepted=234 bytes
milestone 35: syscall CLOSE (process 3) -- fd 0 was dirty, persisted 234 bytes to 'ccout1' on the real on-disk filesystem
milestone 35: syscall CLOSE (process 3) -- hardware-recorded CS=0x1b (CPL=3) -- fd=0 closed successfully
milestone 30: process forked-child -- user p4 index computed as 170 (code 0x555550000000, stack 0x555560000000)
milestone 30: process forked-child -- new pml4 0x23d000 populated: 511 kernel-space entries shared, index 170 left private
milestone 30: process forked-child -- private code page mapped to frame 0x23a000, private stack page mapped to frame 0x236000
milestone 100: process forked-child -- 7 extra stack page(s) mapped below USER_STACK_ADDR (32 KiB total stack)
milestone 57: process forked-child -- private heap RESERVED (not mapped): 64 pages at 0x555570000000..0x55557003ffff, 0 physical frames committed until a real page fault demand-pages one
milestone 34: process forked-child -- copied 4096 image bytes into private code frame 0x23a000
milestone 37: fork() -- child's code frame 0x23a000 holds a REAL byte-for-byte copy of the parent's code frame 0x204000 (independently verifiable: same virtual address USER_CODE_ADDR under either process's own CR3, genuinely different physical frames)
milestone 69: fork() -- child also got 15 extra code page(s) REALLY remapped+copied (real fix -- see extra_frames' own doc comment on Process for the bug this closes; a multi-page ELF-loaded parent's pages beyond page 0 used to be silently dropped by fork())
milestone 37: syscall FORK (process 3, 'elf-loaded') -- created child pid 14: pml4=0x23d000 code_frame=0x23a000 resume point rip=0x555550003436 rsp=0x555560000e38
milestone 37: syscall FORK (process 3) -- hardware-recorded CS=0x1b (CPL=3) -- created child pid 14
milestone 37: wait() -- switching CR3 to forked child pid 14's own pml4 0x23d000, resuming at rip=0x555550003436 rsp=0x555560000e38 (its own fork()-time snapshot, rax forced to 0)
milestone 36: process exec'd -- ELF validated: e_entry=0x555550000078 falls inside a mapped segment, 1 PT_LOAD segment(s), 1 total page(s), all within private p4 index 170
milestone 36: process exec'd -- new pml4 0x254000 populated: 511 kernel-space entries shared, index 170 left private
milestone 36: process exec'd -- mapped 1 PT_LOAD page(s): [(93824902758400, 2502656, 234, 5)]
milestone 36: process exec'd -- private stack page mapped to frame 0x261000
milestone 100: process exec'd -- 7 extra stack page(s) mapped below USER_STACK_ADDR (32 KiB total stack)
milestone 57: process exec'd -- private heap RESERVED (not mapped): 64 pages at 0x555570000000..0x55557003ffff, 0 physical frames committed until a real page fault demand-pages one
milestone 54: reclaim_process_frames('forked-child') -- freed 38 physical frame(s) back to the allocator's free list
milestone 45: syscall EXEC (process 14) -- REAL teardown-and-rebuild complete: new pml4=0x254000, new entry=0x555550000078 (real parsed e_entry), fd table/parent_pid/pgid preserved, CR3 switched
milestone 45: syscall EXEC (process 14) -- hardware-recorded CS=0x1b (CPL=3) -- REAL teardown-and-rebuild from 'ccout1' (234 real ELF bytes read from the on-disk filesystem), new address space, jumping directly into the real parsed entry 0x555550000078, never returning to the old one
milestone 30: syscall EXIT -- hardware-recorded CS=0x1b (CPL=3) -- discarding ring-3 context, resuming kernel context
milestone 37: wait() -- forked child pid 14 resumed in kernel context (its own exit() syscall ran; CR3 is currently the KERNEL's own, restored to the parent's by wait_for_child() next)
milestone 54: reclaim_process_frames('exec'd') -- freed 15 physical frame(s) back to the allocator's free list
milestone 43: syscall WAIT (process 3) -- child pid 14 ran to completion and was reaped (real exit code 4), CR3 restored to parent's own pml4 0x205000
milestone 43: syscall WAIT (process 3) -- hardware-recorded CS=0x1b (CPL=3) -- reaped child pid 14, exited normally with code 4
milestone 31: syscall WRITE (process 3) -- hardware-recorded CS=0x1b (CPL=3) -- ptr=0x555550006a21 len=70 -- raw bytes >>>
  real on-disk ELF written, real fork()+exec()+wait() -- child exited=
<<< end of write (70 bytes)
milestone 33: syscall WRITE (process 3) also reads its own private heap at 0x555570000000 -- marker byte 0x00 (' ')
milestone 31: syscall WRITE (process 3) -- hardware-recorded CS=0x1b (CPL=3) -- ptr=0x555550006280 len=4 -- raw bytes >>>
true
<<< end of write (4 bytes)
milestone 33: syscall WRITE (process 3) also reads its own private heap at 0x555570000000 -- marker byte 0x00 (' ')
milestone 31: syscall WRITE (process 3) -- hardware-recorded CS=0x1b (CPL=3) -- ptr=0x555550006703 len=16 -- raw bytes >>>
 real exit code=
<<< end of write (16 bytes)
milestone 33: syscall WRITE (process 3) also reads its own private heap at 0x555570000000 -- marker byte 0x00 (' ')
milestone 31: syscall WRITE (process 3) -- hardware-recorded CS=0x1b (CPL=3) -- ptr=0x555560000e17 len=1 -- raw bytes >>>
4
<<< end of write (1 bytes)
milestone 33: syscall WRITE (process 3) also reads its own private heap at 0x555570000000 -- marker byte 0x00 (' ')
milestone 31: syscall WRITE (process 3) -- hardware-recorded CS=0x1b (CPL=3) -- ptr=0x555550006a6c len=28 -- raw bytes >>>
 (expected exited=true code=
<<< end of write (28 bytes)
milestone 33: syscall WRITE (process 3) also reads its own private heap at 0x555570000000 -- marker byte 0x00 (' ')
milestone 31: syscall WRITE (process 3) -- hardware-recorded CS=0x1b (CPL=3) -- ptr=0x555560000e17 len=1 -- raw bytes >>>
4
<<< end of write (1 bytes)
milestone 33: syscall WRITE (process 3) also reads its own private heap at 0x555570000000 -- marker byte 0x00 (' ')
milestone 31: syscall WRITE (process 3) -- hardware-recorded CS=0x1b (CPL=3) -- ptr=0x555550006a88 len=2 -- raw bytes >>>
)

<<< end of write (2 bytes)
milestone 33: syscall WRITE (process 3) also reads its own private heap at 0x555570000000 -- marker byte 0x00 (' ')
milestone 31: syscall WRITE (process 3) -- hardware-recorded CS=0x1b (CPL=3) -- ptr=0x5555500086ca len=54 -- raw bytes >>>
case40_real_elf_exec_logical_not_precedence_returns_4=
<<< end of write (54 bytes)
milestone 33: syscall WRITE (process 3) also reads its own private heap at 0x555570000000 -- marker byte 0x00 (' ')
milestone 31: syscall WRITE (process 3) -- hardware-recorded CS=0x1b (CPL=3) -- ptr=0x55555000627c len=4 -- raw bytes >>>
PASS
<<< end of write (4 bytes)
milestone 33: syscall WRITE (process 3) also reads its own private heap at 0x555570000000 -- marker byte 0x00 (' ')
milestone 31: syscall WRITE (process 3) -- hardware-recorded CS=0x1b (CPL=3) -- ptr=0x555550006294 len=1 -- raw bytes >>>
 
<<< end of write (1 bytes)
milestone 33: syscall WRITE (process 3) also reads its own private heap at 0x555570000000 -- marker byte 0x00 (' ')
milestone 31: syscall WRITE (process 3) -- hardware-recorded CS=0x1b (CPL=3) -- ptr=0x5555500063a8 len=1 -- raw bytes >>>


<<< end of write (1 bytes)
milestone 33: syscall WRITE (process 3) also reads its own private heap at 0x555570000000 -- marker byte 0x00 (' ')
milestone 31: syscall WRITE (process 3) -- hardware-recorded CS=0x1b (CPL=3) -- ptr=0x555550008700 len=12 -- raw bytes >>>
OVERALL_M83=
<<< end of write (12 bytes)
milestone 33: syscall WRITE (process 3) also reads its own private heap at 0x555570000000 -- marker byte 0x00 (' ')
milestone 31: syscall WRITE (process 3) -- hardware-recorded CS=0x1b (CPL=3) -- ptr=0x55555000627c len=4 -- raw bytes >>>
PASS
<<< end of write (4 bytes)
milestone 33: syscall WRITE (process 3) also reads its own private heap at 0x555570000000 -- marker byte 0x00 (' ')
milestone 31: syscall WRITE (process 3) -- hardware-recorded CS=0x1b (CPL=3) -- ptr=0x5555500063a8 len=1 -- raw bytes >>>


<<< end of write (1 bytes)
milestone 33: syscall WRITE (process 3) also reads its own private heap at 0x555570000000 -- marker byte 0x00 (' ')
milestone 87: syscall SBRK_RESET (process 3) -- hardware-recorded CS=0x1b (CPL=3) -- heap break rewound to 0x555570000000
milestone 33: syscall SBRK (process 3) -- hardware-recorded CS=0x1b (CPL=3) -- requested 6152 bytes, returning heap pointer 0x555570000000
milestone 33: syscall SBRK (process 3) -- hardware-recorded CS=0x1b (CPL=3) -- requested 56 bytes, returning heap pointer 0x555570001808
milestone 33: syscall SBRK (process 3) -- hardware-recorded CS=0x1b (CPL=3) -- requested 64 bytes, returning heap pointer 0x555570001840
milestone 33: syscall SBRK (process 3) -- hardware-recorded CS=0x1b (CPL=3) -- requested 56 bytes, returning heap pointer 0x555570001880
milestone 33: syscall SBRK (process 3) -- hardware-recorded CS=0x1b (CPL=3) -- requested 64 bytes, returning heap pointer 0x5555700018b8
milestone 33: syscall SBRK (process 3) -- hardware-recorded CS=0x1b (CPL=3) -- requested 64 bytes, returning heap pointer 0x5555700018f8
milestone 33: syscall SBRK (process 3) -- hardware-recorded CS=0x1b (CPL=3) -- requested 64 bytes, returning heap pointer 0x555570001938
milestone 33: syscall SBRK (process 3) -- hardware-recorded CS=0x1b (CPL=3) -- requested 56 bytes, returning heap pointer 0x555570001978
milestone 33: syscall SBRK (process 3) -- hardware-recorded CS=0x1b (CPL=3) -- requested 64 bytes, returning heap pointer 0x5555700019b0
milestone 33: syscall SBRK (process 3) -- hardware-recorded CS=0x1b (CPL=3) -- requested 64 bytes, returning heap pointer 0x5555700019f0
milestone 33: syscall SBRK (process 3) -- hardware-recorded CS=0x1b (CPL=3) -- requested 64 bytes, returning heap pointer 0x555570001a30
milestone 33: syscall SBRK (process 3) -- hardware-recorded CS=0x1b (CPL=3) -- requested 56 bytes, returning heap pointer 0x555570001a70
milestone 33: syscall SBRK (process 3) -- hardware-recorded CS=0x1b (CPL=3) -- requested 64 bytes, returning heap pointer 0x555570001aa8
milestone 33: syscall SBRK (process 3) -- hardware-recorded CS=0x1b (CPL=3) -- requested 64 bytes, returning heap pointer 0x555570001ae8
milestone 33: syscall SBRK (process 3) -- hardware-recorded CS=0x1b (CPL=3) -- requested 64 bytes, returning heap pointer 0x555570001b28
milestone 33: syscall SBRK (process 3) -- hardware-recorded CS=0x1b (CPL=3) -- requested 56 bytes, returning heap pointer 0x555570001b68
milestone 33: syscall SBRK (process 3) -- hardware-recorded CS=0x1b (CPL=3) -- requested 64 bytes, returning heap pointer 0x555570001ba0
milestone 33: syscall SBRK (process 3) -- hardware-recorded CS=0x1b (CPL=3) -- requested 64 bytes, returning heap pointer 0x555570001be0
milestone 33: syscall SBRK (process 3) -- hardware-recorded CS=0x1b (CPL=3) -- requested 64 bytes, returning heap pointer 0x555570001c20
milestone 33: syscall SBRK (process 3) -- hardware-recorded CS=0x1b (CPL=3) -- requested 56 bytes, returning heap pointer 0x555570001c60
milestone 33: syscall SBRK (process 3) -- hardware-recorded CS=0x1b (CPL=3) -- requested 64 bytes, returning heap pointer 0x555570001c98
milestone 33: syscall SBRK (process 3) -- hardware-recorded CS=0x1b (CPL=3) -- requested 64 bytes, returning heap pointer 0x555570001cd8
milestone 33: syscall SBRK (process 3) -- hardware-recorded CS=0x1b (CPL=3) -- requested 64 bytes, returning heap pointer 0x555570001d18
milestone 33: syscall SBRK (process 3) -- hardware-recorded CS=0x1b (CPL=3) -- requested 56 bytes, returning heap pointer 0x555570001d58
milestone 33: syscall SBRK (process 3) -- hardware-recorded CS=0x1b (CPL=3) -- requested 64 bytes, returning heap pointer 0x555570001d90
milestone 33: syscall SBRK (process 3) -- hardware-recorded CS=0x1b (CPL=3) -- requested 64 bytes, returning heap pointer 0x555570001dd0
milestone 33: syscall SBRK (process 3) -- hardware-recorded CS=0x1b (CPL=3) -- requested 64 bytes, returning heap pointer 0x555570001e10
milestone 33: syscall SBRK (process 3) -- hardware-recorded CS=0x1b (CPL=3) -- requested 56 bytes, returning heap pointer 0x555570001e50
milestone 33: syscall SBRK (process 3) -- hardware-recorded CS=0x1b (CPL=3) -- requested 64 bytes, returning heap pointer 0x555570001e88
milestone 33: syscall SBRK (process 3) -- hardware-recorded CS=0x1b (CPL=3) -- requested 64 bytes, returning heap pointer 0x555570001ec8
milestone 33: syscall SBRK (process 3) -- hardware-recorded CS=0x1b (CPL=3) -- requested 64 bytes, returning heap pointer 0x555570001f08
milestone 33: syscall SBRK (process 3) -- hardware-recorded CS=0x1b (CPL=3) -- requested 56 bytes, returning heap pointer 0x555570001f48
milestone 33: syscall SBRK (process 3) -- hardware-recorded CS=0x1b (CPL=3) -- requested 64 bytes, returning heap pointer 0x555570001f80
milestone 33: syscall SBRK (process 3) -- hardware-recorded CS=0x1b (CPL=3) -- requested 64 bytes, returning heap pointer 0x555570001fc0
milestone 33: syscall SBRK (process 3) -- hardware-recorded CS=0x1b (CPL=3) -- requested 64 bytes, returning heap pointer 0x555570002000
milestone 33: syscall SBRK (process 3) -- hardware-recorded CS=0x1b (CPL=3) -- requested 56 bytes, returning heap pointer 0x555570002040
milestone 33: syscall SBRK (process 3) -- hardware-recorded CS=0x1b (CPL=3) -- requested 64 bytes, returning heap pointer 0x555570002078
milestone 33: syscall SBRK (process 3) -- hardware-recorded CS=0x1b (CPL=3) -- requested 64 bytes, returning heap pointer 0x5555700020b8
milestone 33: syscall SBRK (process 3) -- hardware-recorded CS=0x1b (CPL=3) -- requested 64 bytes, returning heap pointer 0x5555700020f8
milestone 33: syscall SBRK (process 3) -- hardware-recorded CS=0x1b (CPL=3) -- requested 56 bytes, returning heap pointer 0x555570002138
milestone 33: syscall SBRK (process 3) -- hardware-recorded CS=0x1b (CPL=3) -- requested 64 bytes, returning heap pointer 0x555570002170
milestone 33: syscall SBRK (process 3) -- hardware-recorded CS=0x1b (CPL=3) -- requested 56 bytes, returning heap pointer 0x5555700021b0
milestone 33: syscall SBRK (process 3) -- hardware-recorded CS=0x1b (CPL=3) -- requested 56 bytes, returning heap pointer 0x5555700021e8
milestone 33: syscall SBRK (process 3) -- hardware-recorded CS=0x1b (CPL=3) -- requested 200 bytes, returning heap pointer 0x555570002220
milestone 33: syscall SBRK (process 3) -- hardware-recorded CS=0x1b (CPL=3) -- requested 136 bytes, returning heap pointer 0x5555700022e8
milestone 33: syscall SBRK (process 3) -- hardware-recorded CS=0x1b (CPL=3) -- requested 16 bytes, returning heap pointer 0x555570002370
milestone 33: syscall SBRK (process 3) -- hardware-recorded CS=0x1b (CPL=3) -- requested 2056 bytes, returning heap pointer 0x555570002380
milestone 33: syscall SBRK (process 3) -- hardware-recorded CS=0x1b (CPL=3) -- requested 104 bytes, returning heap pointer 0x555570002b88
milestone 31: syscall WRITE (process 3) -- hardware-recorded CS=0x1b (CPL=3) -- ptr=0x555550008780 len=69 -- raw bytes >>>
  case41 (all nine compound-assign ops chained, in-process) returned=
<<< end of write (69 bytes)
milestone 33: syscall WRITE (process 3) also reads its own private heap at 0x555570000000 -- marker byte 0x00 (' ')
milestone 31: syscall WRITE (process 3) -- hardware-recorded CS=0x1b (CPL=3) -- ptr=0x555560000e17 len=1 -- raw bytes >>>
1
<<< end of write (1 bytes)
milestone 33: syscall WRITE (process 3) also reads its own private heap at 0x555570000000 -- marker byte 0x00 (' ')
milestone 31: syscall WRITE (process 3) -- hardware-recorded CS=0x1b (CPL=3) -- ptr=0x555560000e17 len=1 -- raw bytes >>>
2
<<< end of write (1 bytes)
milestone 33: syscall WRITE (process 3) also reads its own private heap at 0x555570000000 -- marker byte 0x00 (' ')
milestone 31: syscall WRITE (process 3) -- hardware-recorded CS=0x1b (CPL=3) -- ptr=0x555560000e17 len=1 -- raw bytes >>>
4
<<< end of write (1 bytes)
milestone 33: syscall WRITE (process 3) also reads its own private heap at 0x555570000000 -- marker byte 0x00 (' ')
milestone 31: syscall WRITE (process 3) -- hardware-recorded CS=0x1b (CPL=3) -- ptr=0x5555500066c3 len=16 -- raw bytes >>>
 (expected 124)

<<< end of write (16 bytes)
milestone 33: syscall WRITE (process 3) also reads its own private heap at 0x555570000000 -- marker byte 0x00 (' ')
milestone 31: syscall WRITE (process 3) -- hardware-recorded CS=0x1b (CPL=3) -- ptr=0x5555500087c5 len=48 -- raw bytes >>>
case41_compound_assign_all_nine_ops_returns_124=
<<< end of write (48 bytes)
milestone 33: syscall WRITE (process 3) also reads its own private heap at 0x555570000000 -- marker byte 0x00 (' ')
milestone 31: syscall WRITE (process 3) -- hardware-recorded CS=0x1b (CPL=3) -- ptr=0x55555000627c len=4 -- raw bytes >>>
PASS
<<< end of write (4 bytes)
milestone 33: syscall WRITE (process 3) also reads its own private heap at 0x555570000000 -- marker byte 0x00 (' ')
milestone 31: syscall WRITE (process 3) -- hardware-recorded CS=0x1b (CPL=3) -- ptr=0x555550006294 len=1 -- raw bytes >>>
 
<<< end of write (1 bytes)
milestone 33: syscall WRITE (process 3) also reads its own private heap at 0x555570000000 -- marker byte 0x00 (' ')
milestone 31: syscall WRITE (process 3) -- hardware-recorded CS=0x1b (CPL=3) -- ptr=0x5555500063a8 len=1 -- raw bytes >>>


<<< end of write (1 bytes)
milestone 33: syscall WRITE (process 3) also reads its own private heap at 0x555570000000 -- marker byte 0x00 (' ')
milestone 87: syscall SBRK_RESET (process 3) -- hardware-recorded CS=0x1b (CPL=3) -- heap break rewound to 0x555570000000
milestone 33: syscall SBRK (process 3) -- hardware-recorded CS=0x1b (CPL=3) -- requested 6152 bytes, returning heap pointer 0x555570000000
milestone 33: syscall SBRK (process 3) -- hardware-recorded CS=0x1b (CPL=3) -- requested 56 bytes, returning heap pointer 0x555570001808
milestone 33: syscall SBRK (process 3) -- hardware-recorded CS=0x1b (CPL=3) -- requested 64 bytes, returning heap pointer 0x555570001840
milestone 33: syscall SBRK (process 3) -- hardware-recorded CS=0x1b (CPL=3) -- requested 56 bytes, returning heap pointer 0x555570001880
milestone 33: syscall SBRK (process 3) -- hardware-recorded CS=0x1b (CPL=3) -- requested 64 bytes, returning heap pointer 0x5555700018b8
milestone 33: syscall SBRK (process 3) -- hardware-recorded CS=0x1b (CPL=3) -- requested 64 bytes, returning heap pointer 0x5555700018f8
milestone 33: syscall SBRK (process 3) -- hardware-recorded CS=0x1b (CPL=3) -- requested 64 bytes, returning heap pointer 0x555570001938
milestone 33: syscall SBRK (process 3) -- hardware-recorded CS=0x1b (CPL=3) -- requested 64 bytes, returning heap pointer 0x555570001978
milestone 33: syscall SBRK (process 3) -- hardware-recorded CS=0x1b (CPL=3) -- requested 64 bytes, returning heap pointer 0x5555700019b8
milestone 33: syscall SBRK (process 3) -- hardware-recorded CS=0x1b (CPL=3) -- requested 56 bytes, returning heap pointer 0x5555700019f8
milestone 33: syscall SBRK (process 3) -- hardware-recorded CS=0x1b (CPL=3) -- requested 64 bytes, returning heap pointer 0x555570001a30
milestone 33: syscall SBRK (process 3) -- hardware-recorded CS=0x1b (CPL=3) -- requested 64 bytes, returning heap pointer 0x555570001a70
milestone 33: syscall SBRK (process 3) -- hardware-recorded CS=0x1b (CPL=3) -- requested 64 bytes, returning heap pointer 0x555570001ab0
milestone 33: syscall SBRK (process 3) -- hardware-recorded CS=0x1b (CPL=3) -- requested 64 bytes, returning heap pointer 0x555570001af0
milestone 33: syscall SBRK (process 3) -- hardware-recorded CS=0x1b (CPL=3) -- requested 64 bytes, returning heap pointer 0x555570001b30
milestone 33: syscall SBRK (process 3) -- hardware-recorded CS=0x1b (CPL=3) -- requested 56 bytes, returning heap pointer 0x555570001b70
milestone 33: syscall SBRK (process 3) -- hardware-recorded CS=0x1b (CPL=3) -- requested 64 bytes, returning heap pointer 0x555570001ba8
milestone 33: syscall SBRK (process 3) -- hardware-recorded CS=0x1b (CPL=3) -- requested 56 bytes, returning heap pointer 0x555570001be8
milestone 33: syscall SBRK (process 3) -- hardware-recorded CS=0x1b (CPL=3) -- requested 56 bytes, returning heap pointer 0x555570001c20
milestone 33: syscall SBRK (process 3) -- hardware-recorded CS=0x1b (CPL=3) -- requested 200 bytes, returning heap pointer 0x555570001c58
milestone 33: syscall SBRK (process 3) -- hardware-recorded CS=0x1b (CPL=3) -- requested 136 bytes, returning heap pointer 0x555570001d20
milestone 33: syscall SBRK (process 3) -- hardware-recorded CS=0x1b (CPL=3) -- requested 16 bytes, returning heap pointer 0x555570001da8
milestone 33: syscall SBRK (process 3) -- hardware-recorded CS=0x1b (CPL=3) -- requested 2056 bytes, returning heap pointer 0x555570001db8
milestone 33: syscall SBRK (process 3) -- hardware-recorded CS=0x1b (CPL=3) -- requested 104 bytes, returning heap pointer 0x5555700025c0
milestone 33: syscall SBRK (process 3) -- hardware-recorded CS=0x1b (CPL=3) -- requested 240 bytes, returning heap pointer 0x555570002628
milestone 82: syscall OPEN_TRUNC (process 3) -- hardware-recorded CS=0x1b (CPL=3) -- path='ccout1' -> fd 0 (truncated)
milestone 35: syscall FDWRITE (process 3) -- hardware-recorded CS=0x1b (CPL=3) -- fd=0 requested=230 accepted=230 bytes
milestone 35: syscall CLOSE (process 3) -- fd 0 was dirty, persisted 230 bytes to 'ccout1' on the real on-disk filesystem
milestone 35: syscall CLOSE (process 3) -- hardware-recorded CS=0x1b (CPL=3) -- fd=0 closed successfully
milestone 30: process forked-child -- user p4 index computed as 170 (code 0x555550000000, stack 0x555560000000)
milestone 30: process forked-child -- new pml4 0x260000 populated: 511 kernel-space entries shared, index 170 left private
milestone 30: process forked-child -- private code page mapped to frame 0x253000, private stack page mapped to frame 0x262000
milestone 100: process forked-child -- 7 extra stack page(s) mapped below USER_STACK_ADDR (32 KiB total stack)
milestone 57: process forked-child -- private heap RESERVED (not mapped): 64 pages at 0x555570000000..0x55557003ffff, 0 physical frames committed until a real page fault demand-pages one
milestone 34: process forked-child -- copied 4096 image bytes into private code frame 0x253000
milestone 37: fork() -- child's code frame 0x253000 holds a REAL byte-for-byte copy of the parent's code frame 0x204000 (independently verifiable: same virtual address USER_CODE_ADDR under either process's own CR3, genuinely different physical frames)
milestone 69: fork() -- child also got 15 extra code page(s) REALLY remapped+copied (real fix -- see extra_frames' own doc comment on Process for the bug this closes; a multi-page ELF-loaded parent's pages beyond page 0 used to be silently dropped by fork())
milestone 37: syscall FORK (process 3, 'elf-loaded') -- created child pid 14: pml4=0x260000 code_frame=0x253000 resume point rip=0x555550003727 rsp=0x555560000e38
milestone 37: syscall FORK (process 3) -- hardware-recorded CS=0x1b (CPL=3) -- created child pid 14
milestone 37: wait() -- switching CR3 to forked child pid 14's own pml4 0x260000, resuming at rip=0x555550003727 rsp=0x555560000e38 (its own fork()-time snapshot, rax forced to 0)
milestone 36: process exec'd -- ELF validated: e_entry=0x555550000078 falls inside a mapped segment, 1 PT_LOAD segment(s), 1 total page(s), all within private p4 index 170
milestone 36: process exec'd -- new pml4 0x240000 populated: 511 kernel-space entries shared, index 170 left private
milestone 36: process exec'd -- mapped 1 PT_LOAD page(s): [(93824902758400, 2322432, 230, 5)]
milestone 36: process exec'd -- private stack page mapped to frame 0x22e000
milestone 100: process exec'd -- 7 extra stack page(s) mapped below USER_STACK_ADDR (32 KiB total stack)
milestone 57: process exec'd -- private heap RESERVED (not mapped): 64 pages at 0x555570000000..0x55557003ffff, 0 physical frames committed until a real page fault demand-pages one
milestone 54: reclaim_process_frames('forked-child') -- freed 38 physical frame(s) back to the allocator's free list
milestone 45: syscall EXEC (process 14) -- REAL teardown-and-rebuild complete: new pml4=0x240000, new entry=0x555550000078 (real parsed e_entry), fd table/parent_pid/pgid preserved, CR3 switched
milestone 45: syscall EXEC (process 14) -- hardware-recorded CS=0x1b (CPL=3) -- REAL teardown-and-rebuild from 'ccout1' (230 real ELF bytes read from the on-disk filesystem), new address space, jumping directly into the real parsed entry 0x555550000078, never returning to the old one
milestone 30: syscall EXIT -- hardware-recorded CS=0x1b (CPL=3) -- discarding ring-3 context, resuming kernel context
milestone 37: wait() -- forked child pid 14 resumed in kernel context (its own exit() syscall ran; CR3 is currently the KERNEL's own, restored to the parent's by wait_for_child() next)
milestone 54: reclaim_process_frames('exec'd') -- freed 15 physical frame(s) back to the allocator's free list
milestone 43: syscall WAIT (process 3) -- child pid 14 ran to completion and was reaped (real exit code 56), CR3 restored to parent's own pml4 0x205000
milestone 43: syscall WAIT (process 3) -- hardware-recorded CS=0x1b (CPL=3) -- reaped child pid 14, exited normally with code 56
milestone 31: syscall WRITE (process 3) -- hardware-recorded CS=0x1b (CPL=3) -- ptr=0x555550006a21 len=70 -- raw bytes >>>
  real on-disk ELF written, real fork()+exec()+wait() -- child exited=
<<< end of write (70 bytes)
milestone 33: syscall WRITE (process 3) also reads its own private heap at 0x555570000000 -- marker byte 0x00 (' ')
milestone 31: syscall WRITE (process 3) -- hardware-recorded CS=0x1b (CPL=3) -- ptr=0x555550006280 len=4 -- raw bytes >>>
true
<<< end of write (4 bytes)
milestone 33: syscall WRITE (process 3) also reads its own private heap at 0x555570000000 -- marker byte 0x00 (' ')
milestone 31: syscall WRITE (process 3) -- hardware-recorded CS=0x1b (CPL=3) -- ptr=0x555550006703 len=16 -- raw bytes >>>
 real exit code=
<<< end of write (16 bytes)
milestone 33: syscall WRITE (process 3) also reads its own private heap at 0x555570000000 -- marker byte 0x00 (' ')
milestone 31: syscall WRITE (process 3) -- hardware-recorded CS=0x1b (CPL=3) -- ptr=0x555560000e17 len=1 -- raw bytes >>>
5
<<< end of write (1 bytes)
milestone 33: syscall WRITE (process 3) also reads its own private heap at 0x555570000000 -- marker byte 0x00 (' ')
milestone 31: syscall WRITE (process 3) -- hardware-recorded CS=0x1b (CPL=3) -- ptr=0x555560000e17 len=1 -- raw bytes >>>
6
<<< end of write (1 bytes)
milestone 33: syscall WRITE (process 3) also reads its own private heap at 0x555570000000 -- marker byte 0x00 (' ')
milestone 31: syscall WRITE (process 3) -- hardware-recorded CS=0x1b (CPL=3) -- ptr=0x555550006a6c len=28 -- raw bytes >>>
 (expected exited=true code=
<<< end of write (28 bytes)
milestone 33: syscall WRITE (process 3) also reads its own private heap at 0x555570000000 -- marker byte 0x00 (' ')
milestone 31: syscall WRITE (process 3) -- hardware-recorded CS=0x1b (CPL=3) -- ptr=0x555560000e17 len=1 -- raw bytes >>>
5
<<< end of write (1 bytes)
milestone 33: syscall WRITE (process 3) also reads its own private heap at 0x555570000000 -- marker byte 0x00 (' ')
milestone 31: syscall WRITE (process 3) -- hardware-recorded CS=0x1b (CPL=3) -- ptr=0x555560000e17 len=1 -- raw bytes >>>
6
<<< end of write (1 bytes)
milestone 33: syscall WRITE (process 3) also reads its own private heap at 0x555570000000 -- marker byte 0x00 (' ')
milestone 31: syscall WRITE (process 3) -- hardware-recorded CS=0x1b (CPL=3) -- ptr=0x555550006a88 len=2 -- raw bytes >>>
)

<<< end of write (2 bytes)
milestone 33: syscall WRITE (process 3) also reads its own private heap at 0x555570000000 -- marker byte 0x00 (' ')
milestone 31: syscall WRITE (process 3) -- hardware-recorded CS=0x1b (CPL=3) -- ptr=0x555550008863 len=59 -- raw bytes >>>
case42_real_elf_exec_compound_assign_precedence_returns_56=
<<< end of write (59 bytes)
milestone 33: syscall WRITE (process 3) also reads its own private heap at 0x555570000000 -- marker byte 0x00 (' ')
milestone 31: syscall WRITE (process 3) -- hardware-recorded CS=0x1b (CPL=3) -- ptr=0x55555000627c len=4 -- raw bytes >>>
PASS
<<< end of write (4 bytes)
milestone 33: syscall WRITE (process 3) also reads its own private heap at 0x555570000000 -- marker byte 0x00 (' ')
milestone 31: syscall WRITE (process 3) -- hardware-recorded CS=0x1b (CPL=3) -- ptr=0x555550006294 len=1 -- raw bytes >>>
 
<<< end of write (1 bytes)
milestone 33: syscall WRITE (process 3) also reads its own private heap at 0x555570000000 -- marker byte 0x00 (' ')
milestone 31: syscall WRITE (process 3) -- hardware-recorded CS=0x1b (CPL=3) -- ptr=0x5555500063a8 len=1 -- raw bytes >>>


<<< end of write (1 bytes)
milestone 33: syscall WRITE (process 3) also reads its own private heap at 0x555570000000 -- marker byte 0x00 (' ')
milestone 31: syscall WRITE (process 3) -- hardware-recorded CS=0x1b (CPL=3) -- ptr=0x55555000889e len=12 -- raw bytes >>>
OVERALL_M84=
<<< end of write (12 bytes)
milestone 33: syscall WRITE (process 3) also reads its own private heap at 0x555570000000 -- marker byte 0x00 (' ')
milestone 31: syscall WRITE (process 3) -- hardware-recorded CS=0x1b (CPL=3) -- ptr=0x55555000627c len=4 -- raw bytes >>>
PASS
<<< end of write (4 bytes)
milestone 33: syscall WRITE (process 3) also reads its own private heap at 0x555570000000 -- marker byte 0x00 (' ')
milestone 31: syscall WRITE (process 3) -- hardware-recorded CS=0x1b (CPL=3) -- ptr=0x5555500063a8 len=1 -- raw bytes >>>


<<< end of write (1 bytes)
milestone 33: syscall WRITE (process 3) also reads its own private heap at 0x555570000000 -- marker byte 0x00 (' ')
milestone 87: syscall SBRK_RESET (process 3) -- hardware-recorded CS=0x1b (CPL=3) -- heap break rewound to 0x555570000000
milestone 33: syscall SBRK (process 3) -- hardware-recorded CS=0x1b (CPL=3) -- requested 6152 bytes, returning heap pointer 0x555570000000
milestone 33: syscall SBRK (process 3) -- hardware-recorded CS=0x1b (CPL=3) -- requested 56 bytes, returning heap pointer 0x555570001808
milestone 33: syscall SBRK (process 3) -- hardware-recorded CS=0x1b (CPL=3) -- requested 64 bytes, returning heap pointer 0x555570001840
milestone 33: syscall SBRK (process 3) -- hardware-recorded CS=0x1b (CPL=3) -- requested 64 bytes, returning heap pointer 0x555570001880
milestone 33: syscall SBRK (process 3) -- hardware-recorded CS=0x1b (CPL=3) -- requested 56 bytes, returning heap pointer 0x5555700018c0
milestone 33: syscall SBRK (process 3) -- hardware-recorded CS=0x1b (CPL=3) -- requested 64 bytes, returning heap pointer 0x5555700018f8
milestone 33: syscall SBRK (process 3) -- hardware-recorded CS=0x1b (CPL=3) -- requested 64 bytes, returning heap pointer 0x555570001938
milestone 33: syscall SBRK (process 3) -- hardware-recorded CS=0x1b (CPL=3) -- requested 64 bytes, returning heap pointer 0x555570001978
milestone 33: syscall SBRK (process 3) -- hardware-recorded CS=0x1b (CPL=3) -- requested 56 bytes, returning heap pointer 0x5555700019b8
milestone 33: syscall SBRK (process 3) -- hardware-recorded CS=0x1b (CPL=3) -- requested 64 bytes, returning heap pointer 0x5555700019f0
milestone 33: syscall SBRK (process 3) -- hardware-recorded CS=0x1b (CPL=3) -- requested 64 bytes, returning heap pointer 0x555570001a30
milestone 33: syscall SBRK (process 3) -- hardware-recorded CS=0x1b (CPL=3) -- requested 64 bytes, returning heap pointer 0x555570001a70
milestone 33: syscall SBRK (process 3) -- hardware-recorded CS=0x1b (CPL=3) -- requested 64 bytes, returning heap pointer 0x555570001ab0
milestone 33: syscall SBRK (process 3) -- hardware-recorded CS=0x1b (CPL=3) -- requested 64 bytes, returning heap pointer 0x555570001af0
milestone 33: syscall SBRK (process 3) -- hardware-recorded CS=0x1b (CPL=3) -- requested 64 bytes, returning heap pointer 0x555570001b30
milestone 33: syscall SBRK (process 3) -- hardware-recorded CS=0x1b (CPL=3) -- requested 56 bytes, returning heap pointer 0x555570001b70
milestone 33: syscall SBRK (process 3) -- hardware-recorded CS=0x1b (CPL=3) -- requested 56 bytes, returning heap pointer 0x555570001ba8
milestone 33: syscall SBRK (process 3) -- hardware-recorded CS=0x1b (CPL=3) -- requested 64 bytes, returning heap pointer 0x555570001be0
milestone 33: syscall SBRK (process 3) -- hardware-recorded CS=0x1b (CPL=3) -- requested 56 bytes, returning heap pointer 0x555570001c20
milestone 33: syscall SBRK (process 3) -- hardware-recorded CS=0x1b (CPL=3) -- requested 56 bytes, returning heap pointer 0x555570001c58
milestone 33: syscall SBRK (process 3) -- hardware-recorded CS=0x1b (CPL=3) -- requested 200 bytes, returning heap pointer 0x555570001c90
milestone 33: syscall SBRK (process 3) -- hardware-recorded CS=0x1b (CPL=3) -- requested 136 bytes, returning heap pointer 0x555570001d58
milestone 33: syscall SBRK (process 3) -- hardware-recorded CS=0x1b (CPL=3) -- requested 16 bytes, returning heap pointer 0x555570001de0
milestone 33: syscall SBRK (process 3) -- hardware-recorded CS=0x1b (CPL=3) -- requested 2056 bytes, returning heap pointer 0x555570001df0
milestone 33: syscall SBRK (process 3) -- hardware-recorded CS=0x1b (CPL=3) -- requested 104 bytes, returning heap pointer 0x5555700025f8
milestone 31: syscall WRITE (process 3) -- hardware-recorded CS=0x1b (CPL=3) -- ptr=0x5555500088fc len=75 -- raw bytes >>>
  case43 (>> on a negative value is arithmetic (SAR), in-process) returned=
<<< end of write (75 bytes)
milestone 33: syscall WRITE (process 3) also reads its own private heap at 0x555570000000 -- marker byte 0x00 (' ')
milestone 31: syscall WRITE (process 3) -- hardware-recorded CS=0x1b (CPL=3) -- ptr=0x555560000e17 len=1 -- raw bytes >>>
4
<<< end of write (1 bytes)
milestone 33: syscall WRITE (process 3) also reads its own private heap at 0x555570000000 -- marker byte 0x00 (' ')
milestone 31: syscall WRITE (process 3) -- hardware-recorded CS=0x1b (CPL=3) -- ptr=0x555550008231 len=14 -- raw bytes >>>
 (expected 4)

<<< end of write (14 bytes)
milestone 33: syscall WRITE (process 3) also reads its own private heap at 0x555570000000 -- marker byte 0x00 (' ')
milestone 31: syscall WRITE (process 3) -- hardware-recorded CS=0x1b (CPL=3) -- ptr=0x555550008947 len=52 -- raw bytes >>>
case43_shift_right_negative_is_arithmetic_returns_4=
<<< end of write (52 bytes)
milestone 33: syscall WRITE (process 3) also reads its own private heap at 0x555570000000 -- marker byte 0x00 (' ')
milestone 31: syscall WRITE (process 3) -- hardware-recorded CS=0x1b (CPL=3) -- ptr=0x55555000627c len=4 -- raw bytes >>>
PASS
<<< end of write (4 bytes)
milestone 33: syscall WRITE (process 3) also reads its own private heap at 0x555570000000 -- marker byte 0x00 (' ')
milestone 31: syscall WRITE (process 3) -- hardware-recorded CS=0x1b (CPL=3) -- ptr=0x555550006294 len=1 -- raw bytes >>>
 
<<< end of write (1 bytes)
milestone 33: syscall WRITE (process 3) also reads its own private heap at 0x555570000000 -- marker byte 0x00 (' ')
milestone 31: syscall WRITE (process 3) -- hardware-recorded CS=0x1b (CPL=3) -- ptr=0x5555500063a8 len=1 -- raw bytes >>>


<<< end of write (1 bytes)
milestone 33: syscall WRITE (process 3) also reads its own private heap at 0x555570000000 -- marker byte 0x00 (' ')
milestone 87: syscall SBRK_RESET (process 3) -- hardware-recorded CS=0x1b (CPL=3) -- heap break rewound to 0x555570000000
milestone 33: syscall SBRK (process 3) -- hardware-recorded CS=0x1b (CPL=3) -- requested 6152 bytes, returning heap pointer 0x555570000000
milestone 33: syscall SBRK (process 3) -- hardware-recorded CS=0x1b (CPL=3) -- requested 56 bytes, returning heap pointer 0x555570001808
milestone 33: syscall SBRK (process 3) -- hardware-recorded CS=0x1b (CPL=3) -- requested 64 bytes, returning heap pointer 0x555570001840
milestone 33: syscall SBRK (process 3) -- hardware-recorded CS=0x1b (CPL=3) -- requested 64 bytes, returning heap pointer 0x555570001880
milestone 33: syscall SBRK (process 3) -- hardware-recorded CS=0x1b (CPL=3) -- requested 56 bytes, returning heap pointer 0x5555700018c0
milestone 33: syscall SBRK (process 3) -- hardware-recorded CS=0x1b (CPL=3) -- requested 64 bytes, returning heap pointer 0x5555700018f8
milestone 33: syscall SBRK (process 3) -- hardware-recorded CS=0x1b (CPL=3) -- requested 64 bytes, returning heap pointer 0x555570001938
milestone 33: syscall SBRK (process 3) -- hardware-recorded CS=0x1b (CPL=3) -- requested 64 bytes, returning heap pointer 0x555570001978
milestone 33: syscall SBRK (process 3) -- hardware-recorded CS=0x1b (CPL=3) -- requested 56 bytes, returning heap pointer 0x5555700019b8
milestone 33: syscall SBRK (process 3) -- hardware-recorded CS=0x1b (CPL=3) -- requested 64 bytes, returning heap pointer 0x5555700019f0
milestone 33: syscall SBRK (process 3) -- hardware-recorded CS=0x1b (CPL=3) -- requested 64 bytes, returning heap pointer 0x555570001a30
milestone 33: syscall SBRK (process 3) -- hardware-recorded CS=0x1b (CPL=3) -- requested 64 bytes, returning heap pointer 0x555570001a70
milestone 33: syscall SBRK (process 3) -- hardware-recorded CS=0x1b (CPL=3) -- requested 64 bytes, returning heap pointer 0x555570001ab0
milestone 33: syscall SBRK (process 3) -- hardware-recorded CS=0x1b (CPL=3) -- requested 56 bytes, returning heap pointer 0x555570001af0
milestone 33: syscall SBRK (process 3) -- hardware-recorded CS=0x1b (CPL=3) -- requested 56 bytes, returning heap pointer 0x555570001b28
milestone 33: syscall SBRK (process 3) -- hardware-recorded CS=0x1b (CPL=3) -- requested 64 bytes, returning heap pointer 0x555570001b60
milestone 33: syscall SBRK (process 3) -- hardware-recorded CS=0x1b (CPL=3) -- requested 56 bytes, returning heap pointer 0x555570001ba0
milestone 33: syscall SBRK (process 3) -- hardware-recorded CS=0x1b (CPL=3) -- requested 56 bytes, returning heap pointer 0x555570001bd8
milestone 33: syscall SBRK (process 3) -- hardware-recorded CS=0x1b (CPL=3) -- requested 200 bytes, returning heap pointer 0x555570001c10
milestone 33: syscall SBRK (process 3) -- hardware-recorded CS=0x1b (CPL=3) -- requested 136 bytes, returning heap pointer 0x555570001cd8
milestone 33: syscall SBRK (process 3) -- hardware-recorded CS=0x1b (CPL=3) -- requested 16 bytes, returning heap pointer 0x555570001d60
milestone 33: syscall SBRK (process 3) -- hardware-recorded CS=0x1b (CPL=3) -- requested 2056 bytes, returning heap pointer 0x555570001d70
milestone 33: syscall SBRK (process 3) -- hardware-recorded CS=0x1b (CPL=3) -- requested 104 bytes, returning heap pointer 0x555570002578
milestone 33: syscall SBRK (process 3) -- hardware-recorded CS=0x1b (CPL=3) -- requested 248 bytes, returning heap pointer 0x5555700025e0
milestone 82: syscall OPEN_TRUNC (process 3) -- hardware-recorded CS=0x1b (CPL=3) -- path='ccout1' -> fd 0 (truncated)
milestone 35: syscall FDWRITE (process 3) -- hardware-recorded CS=0x1b (CPL=3) -- fd=0 requested=233 accepted=233 bytes
milestone 35: syscall CLOSE (process 3) -- fd 0 was dirty, persisted 233 bytes to 'ccout1' on the real on-disk filesystem
milestone 35: syscall CLOSE (process 3) -- hardware-recorded CS=0x1b (CPL=3) -- fd=0 closed successfully
milestone 30: process forked-child -- user p4 index computed as 170 (code 0x555550000000, stack 0x555560000000)
milestone 30: process forked-child -- new pml4 0x23c000 populated: 511 kernel-space entries shared, index 170 left private
milestone 30: process forked-child -- private code page mapped to frame 0x235000, private stack page mapped to frame 0x23f000
milestone 100: process forked-child -- 7 extra stack page(s) mapped below USER_STACK_ADDR (32 KiB total stack)
milestone 57: process forked-child -- private heap RESERVED (not mapped): 64 pages at 0x555570000000..0x55557003ffff, 0 physical frames committed until a real page fault demand-pages one
milestone 34: process forked-child -- copied 4096 image bytes into private code frame 0x235000
milestone 37: fork() -- child's code frame 0x235000 holds a REAL byte-for-byte copy of the parent's code frame 0x204000 (independently verifiable: same virtual address USER_CODE_ADDR under either process's own CR3, genuinely different physical frames)
milestone 69: fork() -- child also got 15 extra code page(s) REALLY remapped+copied (real fix -- see extra_frames' own doc comment on Process for the bug this closes; a multi-page ELF-loaded parent's pages beyond page 0 used to be silently dropped by fork())
milestone 37: syscall FORK (process 3, 'elf-loaded') -- created child pid 14: pml4=0x23c000 code_frame=0x235000 resume point rip=0x555550003a10 rsp=0x555560000e38
milestone 37: syscall FORK (process 3) -- hardware-recorded CS=0x1b (CPL=3) -- created child pid 14
milestone 37: wait() -- switching CR3 to forked child pid 14's own pml4 0x23c000, resuming at rip=0x555550003a10 rsp=0x555560000e38 (its own fork()-time snapshot, rax forced to 0)
milestone 36: process exec'd -- ELF validated: e_entry=0x555550000078 falls inside a mapped segment, 1 PT_LOAD segment(s), 1 total page(s), all within private p4 index 170
milestone 36: process exec'd -- new pml4 0x25c000 populated: 511 kernel-space entries shared, index 170 left private
milestone 36: process exec'd -- mapped 1 PT_LOAD page(s): [(93824902758400, 2433024, 233, 5)]
milestone 36: process exec'd -- private stack page mapped to frame 0x261000
milestone 100: process exec'd -- 7 extra stack page(s) mapped below USER_STACK_ADDR (32 KiB total stack)
milestone 57: process exec'd -- private heap RESERVED (not mapped): 64 pages at 0x555570000000..0x55557003ffff, 0 physical frames committed until a real page fault demand-pages one
milestone 54: reclaim_process_frames('forked-child') -- freed 38 physical frame(s) back to the allocator's free list
milestone 45: syscall EXEC (process 14) -- REAL teardown-and-rebuild complete: new pml4=0x25c000, new entry=0x555550000078 (real parsed e_entry), fd table/parent_pid/pgid preserved, CR3 switched
milestone 45: syscall EXEC (process 14) -- hardware-recorded CS=0x1b (CPL=3) -- REAL teardown-and-rebuild from 'ccout1' (233 real ELF bytes read from the on-disk filesystem), new address space, jumping directly into the real parsed entry 0x555550000078, never returning to the old one
milestone 30: syscall EXIT -- hardware-recorded CS=0x1b (CPL=3) -- discarding ring-3 context, resuming kernel context
milestone 37: wait() -- forked child pid 14 resumed in kernel context (its own exit() syscall ran; CR3 is currently the KERNEL's own, restored to the parent's by wait_for_child() next)
milestone 54: reclaim_process_frames('exec'd') -- freed 15 physical frame(s) back to the allocator's free list
milestone 43: syscall WAIT (process 3) -- child pid 14 ran to completion and was reaped (real exit code 7), CR3 restored to parent's own pml4 0x205000
milestone 43: syscall WAIT (process 3) -- hardware-recorded CS=0x1b (CPL=3) -- reaped child pid 14, exited normally with code 7
milestone 31: syscall WRITE (process 3) -- hardware-recorded CS=0x1b (CPL=3) -- ptr=0x555550006a21 len=70 -- raw bytes >>>
  real on-disk ELF written, real fork()+exec()+wait() -- child exited=
<<< end of write (70 bytes)
milestone 33: syscall WRITE (process 3) also reads its own private heap at 0x555570000000 -- marker byte 0x00 (' ')
milestone 31: syscall WRITE (process 3) -- hardware-recorded CS=0x1b (CPL=3) -- ptr=0x555550006280 len=4 -- raw bytes >>>
true
<<< end of write (4 bytes)
milestone 33: syscall WRITE (process 3) also reads its own private heap at 0x555570000000 -- marker byte 0x00 (' ')
milestone 31: syscall WRITE (process 3) -- hardware-recorded CS=0x1b (CPL=3) -- ptr=0x555550006703 len=16 -- raw bytes >>>
 real exit code=
<<< end of write (16 bytes)
milestone 33: syscall WRITE (process 3) also reads its own private heap at 0x555570000000 -- marker byte 0x00 (' ')
milestone 31: syscall WRITE (process 3) -- hardware-recorded CS=0x1b (CPL=3) -- ptr=0x555560000e17 len=1 -- raw bytes >>>
7
<<< end of write (1 bytes)
milestone 33: syscall WRITE (process 3) also reads its own private heap at 0x555570000000 -- marker byte 0x00 (' ')
milestone 31: syscall WRITE (process 3) -- hardware-recorded CS=0x1b (CPL=3) -- ptr=0x555550006a6c len=28 -- raw bytes >>>
 (expected exited=true code=
<<< end of write (28 bytes)
milestone 33: syscall WRITE (process 3) also reads its own private heap at 0x555570000000 -- marker byte 0x00 (' ')
milestone 31: syscall WRITE (process 3) -- hardware-recorded CS=0x1b (CPL=3) -- ptr=0x555560000e17 len=1 -- raw bytes >>>
7
<<< end of write (1 bytes)
milestone 33: syscall WRITE (process 3) also reads its own private heap at 0x555570000000 -- marker byte 0x00 (' ')
milestone 31: syscall WRITE (process 3) -- hardware-recorded CS=0x1b (CPL=3) -- ptr=0x555550006a88 len=2 -- raw bytes >>>
)

<<< end of write (2 bytes)
milestone 33: syscall WRITE (process 3) also reads its own private heap at 0x555570000000 -- marker byte 0x00 (' ')
milestone 31: syscall WRITE (process 3) -- hardware-recorded CS=0x1b (CPL=3) -- ptr=0x5555500089f7 len=66 -- raw bytes >>>
case44_real_elf_exec_shift_right_negative_is_arithmetic_returns_7=
<<< end of write (66 bytes)
milestone 33: syscall WRITE (process 3) also reads its own private heap at 0x555570000000 -- marker byte 0x00 (' ')
milestone 31: syscall WRITE (process 3) -- hardware-recorded CS=0x1b (CPL=3) -- ptr=0x55555000627c len=4 -- raw bytes >>>
PASS
<<< end of write (4 bytes)
milestone 33: syscall WRITE (process 3) also reads its own private heap at 0x555570000000 -- marker byte 0x00 (' ')
milestone 31: syscall WRITE (process 3) -- hardware-recorded CS=0x1b (CPL=3) -- ptr=0x555550006294 len=1 -- raw bytes >>>
 
<<< end of write (1 bytes)
milestone 33: syscall WRITE (process 3) also reads its own private heap at 0x555570000000 -- marker byte 0x00 (' ')
milestone 31: syscall WRITE (process 3) -- hardware-recorded CS=0x1b (CPL=3) -- ptr=0x5555500063a8 len=1 -- raw bytes >>>


<<< end of write (1 bytes)
milestone 33: syscall WRITE (process 3) also reads its own private heap at 0x555570000000 -- marker byte 0x00 (' ')
milestone 31: syscall WRITE (process 3) -- hardware-recorded CS=0x1b (CPL=3) -- ptr=0x555550008a39 len=12 -- raw bytes >>>
OVERALL_M85=
<<< end of write (12 bytes)
milestone 33: syscall WRITE (process 3) also reads its own private heap at 0x555570000000 -- marker byte 0x00 (' ')
milestone 31: syscall WRITE (process 3) -- hardware-recorded CS=0x1b (CPL=3) -- ptr=0x55555000627c len=4 -- raw bytes >>>
PASS
<<< end of write (4 bytes)
milestone 33: syscall WRITE (process 3) also reads its own private heap at 0x555570000000 -- marker byte 0x00 (' ')
milestone 31: syscall WRITE (process 3) -- hardware-recorded CS=0x1b (CPL=3) -- ptr=0x5555500063a8 len=1 -- raw bytes >>>


<<< end of write (1 bytes)
milestone 33: syscall WRITE (process 3) also reads its own private heap at 0x555570000000 -- marker byte 0x00 (' ')
milestone 87: syscall SBRK_RESET (process 3) -- hardware-recorded CS=0x1b (CPL=3) -- heap break rewound to 0x555570000000
milestone 33: syscall SBRK (process 3) -- hardware-recorded CS=0x1b (CPL=3) -- requested 6152 bytes, returning heap pointer 0x555570000000
milestone 33: syscall SBRK (process 3) -- hardware-recorded CS=0x1b (CPL=3) -- requested 56 bytes, returning heap pointer 0x555570001808
milestone 33: syscall SBRK (process 3) -- hardware-recorded CS=0x1b (CPL=3) -- requested 64 bytes, returning heap pointer 0x555570001840
milestone 33: syscall SBRK (process 3) -- hardware-recorded CS=0x1b (CPL=3) -- requested 56 bytes, returning heap pointer 0x555570001880
milestone 33: syscall SBRK (process 3) -- hardware-recorded CS=0x1b (CPL=3) -- requested 56 bytes, returning heap pointer 0x5555700018b8
milestone 33: syscall SBRK (process 3) -- hardware-recorded CS=0x1b (CPL=3) -- requested 64 bytes, returning heap pointer 0x5555700018f0
milestone 33: syscall SBRK (process 3) -- hardware-recorded CS=0x1b (CPL=3) -- requested 56 bytes, returning heap pointer 0x555570001930
milestone 33: syscall SBRK (process 3) -- hardware-recorded CS=0x1b (CPL=3) -- requested 64 bytes, returning heap pointer 0x555570001968
milestone 33: syscall SBRK (process 3) -- hardware-recorded CS=0x1b (CPL=3) -- requested 64 bytes, returning heap pointer 0x5555700019a8
milestone 33: syscall SBRK (process 3) -- hardware-recorded CS=0x1b (CPL=3) -- requested 64 bytes, returning heap pointer 0x5555700019e8
milestone 33: syscall SBRK (process 3) -- hardware-recorded CS=0x1b (CPL=3) -- requested 64 bytes, returning heap pointer 0x555570001a28
milestone 33: syscall SBRK (process 3) -- hardware-recorded CS=0x1b (CPL=3) -- requested 64 bytes, returning heap pointer 0x555570001a68
milestone 33: syscall SBRK (process 3) -- hardware-recorded CS=0x1b (CPL=3) -- requested 64 bytes, returning heap pointer 0x555570001aa8
milestone 33: syscall SBRK (process 3) -- hardware-recorded CS=0x1b (CPL=3) -- requested 56 bytes, returning heap pointer 0x555570001ae8
milestone 33: syscall SBRK (process 3) -- hardware-recorded CS=0x1b (CPL=3) -- requested 64 bytes, returning heap pointer 0x555570001b20
milestone 33: syscall SBRK (process 3) -- hardware-recorded CS=0x1b (CPL=3) -- requested 64 bytes, returning heap pointer 0x555570001b60
milestone 33: syscall SBRK (process 3) -- hardware-recorded CS=0x1b (CPL=3) -- requested 64 bytes, returning heap pointer 0x555570001ba0
milestone 33: syscall SBRK (process 3) -- hardware-recorded CS=0x1b (CPL=3) -- requested 56 bytes, returning heap pointer 0x555570001be0
milestone 33: syscall SBRK (process 3) -- hardware-recorded CS=0x1b (CPL=3) -- requested 56 bytes, returning heap pointer 0x555570001c18
milestone 33: syscall SBRK (process 3) -- hardware-recorded CS=0x1b (CPL=3) -- requested 64 bytes, returning heap pointer 0x555570001c50
milestone 33: syscall SBRK (process 3) -- hardware-recorded CS=0x1b (CPL=3) -- requested 56 bytes, returning heap pointer 0x555570001c90
milestone 33: syscall SBRK (process 3) -- hardware-recorded CS=0x1b (CPL=3) -- requested 56 bytes, returning heap pointer 0x555570001cc8
milestone 33: syscall SBRK (process 3) -- hardware-recorded CS=0x1b (CPL=3) -- requested 200 bytes, returning heap pointer 0x555570001d00
milestone 33: syscall SBRK (process 3) -- hardware-recorded CS=0x1b (CPL=3) -- requested 136 bytes, returning heap pointer 0x555570001dc8
milestone 33: syscall SBRK (process 3) -- hardware-recorded CS=0x1b (CPL=3) -- requested 16 bytes, returning heap pointer 0x555570001e50
milestone 33: syscall SBRK (process 3) -- hardware-recorded CS=0x1b (CPL=3) -- requested 2056 bytes, returning heap pointer 0x555570001e60
milestone 33: syscall SBRK (process 3) -- hardware-recorded CS=0x1b (CPL=3) -- requested 104 bytes, returning heap pointer 0x555570002668
milestone 31: syscall WRITE (process 3) -- hardware-recorded CS=0x1b (CPL=3) -- ptr=0x555550008a99 len=50 -- raw bytes >>>
  case45 (for loop sum 1..4, in-process) returned=
<<< end of write (50 bytes)
milestone 33: syscall WRITE (process 3) also reads its own private heap at 0x555570000000 -- marker byte 0x00 (' ')
milestone 31: syscall WRITE (process 3) -- hardware-recorded CS=0x1b (CPL=3) -- ptr=0x555560000e17 len=1 -- raw bytes >>>
1
<<< end of write (1 bytes)
milestone 33: syscall WRITE (process 3) also reads its own private heap at 0x555570000000 -- marker byte 0x00 (' ')
milestone 31: syscall WRITE (process 3) -- hardware-recorded CS=0x1b (CPL=3) -- ptr=0x555560000e17 len=1 -- raw bytes >>>
0
<<< end of write (1 bytes)
milestone 33: syscall WRITE (process 3) also reads its own private heap at 0x555570000000 -- marker byte 0x00 (' ')
milestone 31: syscall WRITE (process 3) -- hardware-recorded CS=0x1b (CPL=3) -- ptr=0x555550008acb len=15 -- raw bytes >>>
 (expected 10)

<<< end of write (15 bytes)
milestone 33: syscall WRITE (process 3) also reads its own private heap at 0x555570000000 -- marker byte 0x00 (' ')
milestone 31: syscall WRITE (process 3) -- hardware-recorded CS=0x1b (CPL=3) -- ptr=0x555550008ada len=31 -- raw bytes >>>
case45_for_loop_sum_returns_10=
<<< end of write (31 bytes)
milestone 33: syscall WRITE (process 3) also reads its own private heap at 0x555570000000 -- marker byte 0x00 (' ')
milestone 31: syscall WRITE (process 3) -- hardware-recorded CS=0x1b (CPL=3) -- ptr=0x55555000627c len=4 -- raw bytes >>>
PASS
<<< end of write (4 bytes)
milestone 33: syscall WRITE (process 3) also reads its own private heap at 0x555570000000 -- marker byte 0x00 (' ')
milestone 31: syscall WRITE (process 3) -- hardware-recorded CS=0x1b (CPL=3) -- ptr=0x555550006294 len=1 -- raw bytes >>>
 
<<< end of write (1 bytes)
milestone 33: syscall WRITE (process 3) also reads its own private heap at 0x555570000000 -- marker byte 0x00 (' ')
milestone 31: syscall WRITE (process 3) -- hardware-recorded CS=0x1b (CPL=3) -- ptr=0x5555500063a8 len=1 -- raw bytes >>>


<<< end of write (1 bytes)
milestone 33: syscall WRITE (process 3) also reads its own private heap at 0x555570000000 -- marker byte 0x00 (' ')
milestone 87: syscall SBRK_RESET (process 3) -- hardware-recorded CS=0x1b (CPL=3) -- heap break rewound to 0x555570000000
milestone 33: syscall SBRK (process 3) -- hardware-recorded CS=0x1b (CPL=3) -- requested 6152 bytes, returning heap pointer 0x555570000000
milestone 33: syscall SBRK (process 3) -- hardware-recorded CS=0x1b (CPL=3) -- requested 56 bytes, returning heap pointer 0x555570001808
milestone 33: syscall SBRK (process 3) -- hardware-recorded CS=0x1b (CPL=3) -- requested 64 bytes, returning heap pointer 0x555570001840
milestone 33: syscall SBRK (process 3) -- hardware-recorded CS=0x1b (CPL=3) -- requested 56 bytes, returning heap pointer 0x555570001880
milestone 33: syscall SBRK (process 3) -- hardware-recorded CS=0x1b (CPL=3) -- requested 56 bytes, returning heap pointer 0x5555700018b8
milestone 33: syscall SBRK (process 3) -- hardware-recorded CS=0x1b (CPL=3) -- requested 64 bytes, returning heap pointer 0x5555700018f0
milestone 33: syscall SBRK (process 3) -- hardware-recorded CS=0x1b (CPL=3) -- requested 56 bytes, returning heap pointer 0x555570001930
milestone 33: syscall SBRK (process 3) -- hardware-recorded CS=0x1b (CPL=3) -- requested 64 bytes, returning heap pointer 0x555570001968
milestone 33: syscall SBRK (process 3) -- hardware-recorded CS=0x1b (CPL=3) -- requested 64 bytes, returning heap pointer 0x5555700019a8
milestone 33: syscall SBRK (process 3) -- hardware-recorded CS=0x1b (CPL=3) -- requested 64 bytes, returning heap pointer 0x5555700019e8
milestone 33: syscall SBRK (process 3) -- hardware-recorded CS=0x1b (CPL=3) -- requested 64 bytes, returning heap pointer 0x555570001a28
milestone 33: syscall SBRK (process 3) -- hardware-recorded CS=0x1b (CPL=3) -- requested 64 bytes, returning heap pointer 0x555570001a68
milestone 33: syscall SBRK (process 3) -- hardware-recorded CS=0x1b (CPL=3) -- requested 64 bytes, returning heap pointer 0x555570001aa8
milestone 33: syscall SBRK (process 3) -- hardware-recorded CS=0x1b (CPL=3) -- requested 56 bytes, returning heap pointer 0x555570001ae8
milestone 33: syscall SBRK (process 3) -- hardware-recorded CS=0x1b (CPL=3) -- requested 64 bytes, returning heap pointer 0x555570001b20
milestone 33: syscall SBRK (process 3) -- hardware-recorded CS=0x1b (CPL=3) -- requested 64 bytes, returning heap pointer 0x555570001b60
milestone 33: syscall SBRK (process 3) -- hardware-recorded CS=0x1b (CPL=3) -- requested 64 bytes, returning heap pointer 0x555570001ba0
milestone 33: syscall SBRK (process 3) -- hardware-recorded CS=0x1b (CPL=3) -- requested 56 bytes, returning heap pointer 0x555570001be0
milestone 33: syscall SBRK (process 3) -- hardware-recorded CS=0x1b (CPL=3) -- requested 56 bytes, returning heap pointer 0x555570001c18
milestone 33: syscall SBRK (process 3) -- hardware-recorded CS=0x1b (CPL=3) -- requested 64 bytes, returning heap pointer 0x555570001c50
milestone 33: syscall SBRK (process 3) -- hardware-recorded CS=0x1b (CPL=3) -- requested 56 bytes, returning heap pointer 0x555570001c90
milestone 33: syscall SBRK (process 3) -- hardware-recorded CS=0x1b (CPL=3) -- requested 56 bytes, returning heap pointer 0x555570001cc8
milestone 33: syscall SBRK (process 3) -- hardware-recorded CS=0x1b (CPL=3) -- requested 200 bytes, returning heap pointer 0x555570001d00
milestone 33: syscall SBRK (process 3) -- hardware-recorded CS=0x1b (CPL=3) -- requested 136 bytes, returning heap pointer 0x555570001dc8
milestone 33: syscall SBRK (process 3) -- hardware-recorded CS=0x1b (CPL=3) -- requested 16 bytes, returning heap pointer 0x555570001e50
milestone 33: syscall SBRK (process 3) -- hardware-recorded CS=0x1b (CPL=3) -- requested 2056 bytes, returning heap pointer 0x555570001e60
milestone 33: syscall SBRK (process 3) -- hardware-recorded CS=0x1b (CPL=3) -- requested 104 bytes, returning heap pointer 0x555570002668
milestone 33: syscall SBRK (process 3) -- hardware-recorded CS=0x1b (CPL=3) -- requested 264 bytes, returning heap pointer 0x5555700026d0
milestone 82: syscall OPEN_TRUNC (process 3) -- hardware-recorded CS=0x1b (CPL=3) -- path='ccout1' -> fd 0 (truncated)
milestone 35: syscall FDWRITE (process 3) -- hardware-recorded CS=0x1b (CPL=3) -- fd=0 requested=249 accepted=249 bytes
milestone 35: syscall CLOSE (process 3) -- fd 0 was dirty, persisted 249 bytes to 'ccout1' on the real on-disk filesystem
milestone 35: syscall CLOSE (process 3) -- hardware-recorded CS=0x1b (CPL=3) -- fd=0 closed successfully
milestone 30: process forked-child -- user p4 index computed as 170 (code 0x555550000000, stack 0x555560000000)
milestone 30: process forked-child -- new pml4 0x25b000 populated: 511 kernel-space entries shared, index 170 left private
milestone 30: process forked-child -- private code page mapped to frame 0x263000, private stack page mapped to frame 0x250000
milestone 100: process forked-child -- 7 extra stack page(s) mapped below USER_STACK_ADDR (32 KiB total stack)
milestone 57: process forked-child -- private heap RESERVED (not mapped): 64 pages at 0x555570000000..0x55557003ffff, 0 physical frames committed until a real page fault demand-pages one
milestone 34: process forked-child -- copied 4096 image bytes into private code frame 0x263000
milestone 37: fork() -- child's code frame 0x263000 holds a REAL byte-for-byte copy of the parent's code frame 0x204000 (independently verifiable: same virtual address USER_CODE_ADDR under either process's own CR3, genuinely different physical frames)
milestone 69: fork() -- child also got 15 extra code page(s) REALLY remapped+copied (real fix -- see extra_frames' own doc comment on Process for the bug this closes; a multi-page ELF-loaded parent's pages beyond page 0 used to be silently dropped by fork())
milestone 37: syscall FORK (process 3, 'elf-loaded') -- created child pid 14: pml4=0x25b000 code_frame=0x263000 resume point rip=0x555550003cf9 rsp=0x555560000e38
milestone 37: syscall FORK (process 3) -- hardware-recorded CS=0x1b (CPL=3) -- created child pid 14
milestone 37: wait() -- switching CR3 to forked child pid 14's own pml4 0x25b000, resuming at rip=0x555550003cf9 rsp=0x555560000e38 (its own fork()-time snapshot, rax forced to 0)
milestone 36: process exec'd -- ELF validated: e_entry=0x555550000078 falls inside a mapped segment, 1 PT_LOAD segment(s), 1 total page(s), all within private p4 index 170
milestone 36: process exec'd -- new pml4 0x23d000 populated: 511 kernel-space entries shared, index 170 left private
milestone 36: process exec'd -- mapped 1 PT_LOAD page(s): [(93824902758400, 2318336, 249, 5)]
milestone 36: process exec'd -- private stack page mapped to frame 0x22e000
milestone 100: process exec'd -- 7 extra stack page(s) mapped below USER_STACK_ADDR (32 KiB total stack)
milestone 57: process exec'd -- private heap RESERVED (not mapped): 64 pages at 0x555570000000..0x55557003ffff, 0 physical frames committed until a real page fault demand-pages one
milestone 54: reclaim_process_frames('forked-child') -- freed 38 physical frame(s) back to the allocator's free list
milestone 45: syscall EXEC (process 14) -- REAL teardown-and-rebuild complete: new pml4=0x23d000, new entry=0x555550000078 (real parsed e_entry), fd table/parent_pid/pgid preserved, CR3 switched
milestone 45: syscall EXEC (process 14) -- hardware-recorded CS=0x1b (CPL=3) -- REAL teardown-and-rebuild from 'ccout1' (249 real ELF bytes read from the on-disk filesystem), new address space, jumping directly into the real parsed entry 0x555550000078, never returning to the old one
milestone 30: syscall EXIT -- hardware-recorded CS=0x1b (CPL=3) -- discarding ring-3 context, resuming kernel context
milestone 37: wait() -- forked child pid 14 resumed in kernel context (its own exit() syscall ran; CR3 is currently the KERNEL's own, restored to the parent's by wait_for_child() next)
milestone 54: reclaim_process_frames('exec'd') -- freed 15 physical frame(s) back to the allocator's free list
milestone 43: syscall WAIT (process 3) -- child pid 14 ran to completion and was reaped (real exit code 120), CR3 restored to parent's own pml4 0x205000
milestone 43: syscall WAIT (process 3) -- hardware-recorded CS=0x1b (CPL=3) -- reaped child pid 14, exited normally with code 120
milestone 31: syscall WRITE (process 3) -- hardware-recorded CS=0x1b (CPL=3) -- ptr=0x555550006a21 len=70 -- raw bytes >>>
  real on-disk ELF written, real fork()+exec()+wait() -- child exited=
<<< end of write (70 bytes)
milestone 33: syscall WRITE (process 3) also reads its own private heap at 0x555570000000 -- marker byte 0x00 (' ')
milestone 31: syscall WRITE (process 3) -- hardware-recorded CS=0x1b (CPL=3) -- ptr=0x555550006280 len=4 -- raw bytes >>>
true
<<< end of write (4 bytes)
milestone 33: syscall WRITE (process 3) also reads its own private heap at 0x555570000000 -- marker byte 0x00 (' ')
milestone 31: syscall WRITE (process 3) -- hardware-recorded CS=0x1b (CPL=3) -- ptr=0x555550006703 len=16 -- raw bytes >>>
 real exit code=
<<< end of write (16 bytes)
milestone 33: syscall WRITE (process 3) also reads its own private heap at 0x555570000000 -- marker byte 0x00 (' ')
milestone 31: syscall WRITE (process 3) -- hardware-recorded CS=0x1b (CPL=3) -- ptr=0x555560000e17 len=1 -- raw bytes >>>
1
<<< end of write (1 bytes)
milestone 33: syscall WRITE (process 3) also reads its own private heap at 0x555570000000 -- marker byte 0x00 (' ')
milestone 31: syscall WRITE (process 3) -- hardware-recorded CS=0x1b (CPL=3) -- ptr=0x555560000e17 len=1 -- raw bytes >>>
2
<<< end of write (1 bytes)
milestone 33: syscall WRITE (process 3) also reads its own private heap at 0x555570000000 -- marker byte 0x00 (' ')
milestone 31: syscall WRITE (process 3) -- hardware-recorded CS=0x1b (CPL=3) -- ptr=0x555560000e17 len=1 -- raw bytes >>>
0
<<< end of write (1 bytes)
milestone 33: syscall WRITE (process 3) also reads its own private heap at 0x555570000000 -- marker byte 0x00 (' ')
milestone 31: syscall WRITE (process 3) -- hardware-recorded CS=0x1b (CPL=3) -- ptr=0x555550006a6c len=28 -- raw bytes >>>
 (expected exited=true code=
<<< end of write (28 bytes)
milestone 33: syscall WRITE (process 3) also reads its own private heap at 0x555570000000 -- marker byte 0x00 (' ')
milestone 31: syscall WRITE (process 3) -- hardware-recorded CS=0x1b (CPL=3) -- ptr=0x555560000e17 len=1 -- raw bytes >>>
1
<<< end of write (1 bytes)
milestone 33: syscall WRITE (process 3) also reads its own private heap at 0x555570000000 -- marker byte 0x00 (' ')
milestone 31: syscall WRITE (process 3) -- hardware-recorded CS=0x1b (CPL=3) -- ptr=0x555560000e17 len=1 -- raw bytes >>>
2
<<< end of write (1 bytes)
milestone 33: syscall WRITE (process 3) also reads its own private heap at 0x555570000000 -- marker byte 0x00 (' ')
milestone 31: syscall WRITE (process 3) -- hardware-recorded CS=0x1b (CPL=3) -- ptr=0x555560000e17 len=1 -- raw bytes >>>
0
<<< end of write (1 bytes)
milestone 33: syscall WRITE (process 3) also reads its own private heap at 0x555570000000 -- marker byte 0x00 (' ')
milestone 31: syscall WRITE (process 3) -- hardware-recorded CS=0x1b (CPL=3) -- ptr=0x555550006a88 len=2 -- raw bytes >>>
)

<<< end of write (2 bytes)
milestone 33: syscall WRITE (process 3) also reads its own private heap at 0x555570000000 -- marker byte 0x00 (' ')
milestone 31: syscall WRITE (process 3) -- hardware-recorded CS=0x1b (CPL=3) -- ptr=0x555550008b7c len=52 -- raw bytes >>>
case46_real_elf_exec_for_loop_factorial_returns_120=
<<< end of write (52 bytes)
milestone 33: syscall WRITE (process 3) also reads its own private heap at 0x555570000000 -- marker byte 0x00 (' ')
milestone 31: syscall WRITE (process 3) -- hardware-recorded CS=0x1b (CPL=3) -- ptr=0x55555000627c len=4 -- raw bytes >>>
PASS
<<< end of write (4 bytes)
milestone 33: syscall WRITE (process 3) also reads its own private heap at 0x555570000000 -- marker byte 0x00 (' ')
milestone 31: syscall WRITE (process 3) -- hardware-recorded CS=0x1b (CPL=3) -- ptr=0x555550006294 len=1 -- raw bytes >>>
 
<<< end of write (1 bytes)
milestone 33: syscall WRITE (process 3) also reads its own private heap at 0x555570000000 -- marker byte 0x00 (' ')
milestone 31: syscall WRITE (process 3) -- hardware-recorded CS=0x1b (CPL=3) -- ptr=0x5555500063a8 len=1 -- raw bytes >>>


<<< end of write (1 bytes)
milestone 33: syscall WRITE (process 3) also reads its own private heap at 0x555570000000 -- marker byte 0x00 (' ')
milestone 31: syscall WRITE (process 3) -- hardware-recorded CS=0x1b (CPL=3) -- ptr=0x555550008bb0 len=12 -- raw bytes >>>
OVERALL_M86=
<<< end of write (12 bytes)
milestone 33: syscall WRITE (process 3) also reads its own private heap at 0x555570000000 -- marker byte 0x00 (' ')
milestone 31: syscall WRITE (process 3) -- hardware-recorded CS=0x1b (CPL=3) -- ptr=0x55555000627c len=4 -- raw bytes >>>
PASS
<<< end of write (4 bytes)
milestone 33: syscall WRITE (process 3) also reads its own private heap at 0x555570000000 -- marker byte 0x00 (' ')
milestone 31: syscall WRITE (process 3) -- hardware-recorded CS=0x1b (CPL=3) -- ptr=0x5555500063a8 len=1 -- raw bytes >>>


<<< end of write (1 bytes)
milestone 33: syscall WRITE (process 3) also reads its own private heap at 0x555570000000 -- marker byte 0x00 (' ')
milestone 87: syscall SBRK_RESET (process 3) -- hardware-recorded CS=0x1b (CPL=3) -- heap break rewound to 0x555570000000
milestone 33: syscall SBRK (process 3) -- hardware-recorded CS=0x1b (CPL=3) -- requested 6152 bytes, returning heap pointer 0x555570000000
milestone 33: syscall SBRK (process 3) -- hardware-recorded CS=0x1b (CPL=3) -- requested 56 bytes, returning heap pointer 0x555570001808
milestone 33: syscall SBRK (process 3) -- hardware-recorded CS=0x1b (CPL=3) -- requested 64 bytes, returning heap pointer 0x555570001840
milestone 33: syscall SBRK (process 3) -- hardware-recorded CS=0x1b (CPL=3) -- requested 56 bytes, returning heap pointer 0x555570001880
milestone 33: syscall SBRK (process 3) -- hardware-recorded CS=0x1b (CPL=3) -- requested 56 bytes, returning heap pointer 0x5555700018b8
milestone 33: syscall SBRK (process 3) -- hardware-recorded CS=0x1b (CPL=3) -- requested 64 bytes, returning heap pointer 0x5555700018f0
milestone 33: syscall SBRK (process 3) -- hardware-recorded CS=0x1b (CPL=3) -- requested 56 bytes, returning heap pointer 0x555570001930
milestone 33: syscall SBRK (process 3) -- hardware-recorded CS=0x1b (CPL=3) -- requested 64 bytes, returning heap pointer 0x555570001968
milestone 33: syscall SBRK (process 3) -- hardware-recorded CS=0x1b (CPL=3) -- requested 64 bytes, returning heap pointer 0x5555700019a8
milestone 33: syscall SBRK (process 3) -- hardware-recorded CS=0x1b (CPL=3) -- requested 64 bytes, returning heap pointer 0x5555700019e8
milestone 33: syscall SBRK (process 3) -- hardware-recorded CS=0x1b (CPL=3) -- requested 64 bytes, returning heap pointer 0x555570001a28
milestone 33: syscall SBRK (process 3) -- hardware-recorded CS=0x1b (CPL=3) -- requested 64 bytes, returning heap pointer 0x555570001a68
milestone 33: syscall SBRK (process 3) -- hardware-recorded CS=0x1b (CPL=3) -- requested 64 bytes, returning heap pointer 0x555570001aa8
milestone 33: syscall SBRK (process 3) -- hardware-recorded CS=0x1b (CPL=3) -- requested 56 bytes, returning heap pointer 0x555570001ae8
milestone 33: syscall SBRK (process 3) -- hardware-recorded CS=0x1b (CPL=3) -- requested 64 bytes, returning heap pointer 0x555570001b20
milestone 33: syscall SBRK (process 3) -- hardware-recorded CS=0x1b (CPL=3) -- requested 64 bytes, returning heap pointer 0x555570001b60
milestone 33: syscall SBRK (process 3) -- hardware-recorded CS=0x1b (CPL=3) -- requested 64 bytes, returning heap pointer 0x555570001ba0
milestone 33: syscall SBRK (process 3) -- hardware-recorded CS=0x1b (CPL=3) -- requested 56 bytes, returning heap pointer 0x555570001be0
milestone 33: syscall SBRK (process 3) -- hardware-recorded CS=0x1b (CPL=3) -- requested 56 bytes, returning heap pointer 0x555570001c18
milestone 33: syscall SBRK (process 3) -- hardware-recorded CS=0x1b (CPL=3) -- requested 64 bytes, returning heap pointer 0x555570001c50
milestone 33: syscall SBRK (process 3) -- hardware-recorded CS=0x1b (CPL=3) -- requested 64 bytes, returning heap pointer 0x555570001c90
milestone 33: syscall SBRK (process 3) -- hardware-recorded CS=0x1b (CPL=3) -- requested 64 bytes, returning heap pointer 0x555570001cd0
milestone 33: syscall SBRK (process 3) -- hardware-recorded CS=0x1b (CPL=3) -- requested 56 bytes, returning heap pointer 0x555570001d10
milestone 33: syscall SBRK (process 3) -- hardware-recorded CS=0x1b (CPL=3) -- requested 56 bytes, returning heap pointer 0x555570001d48
milestone 33: syscall SBRK (process 3) -- hardware-recorded CS=0x1b (CPL=3) -- requested 64 bytes, returning heap pointer 0x555570001d80
milestone 33: syscall SBRK (process 3) -- hardware-recorded CS=0x1b (CPL=3) -- requested 64 bytes, returning heap pointer 0x555570001dc0
milestone 33: syscall SBRK (process 3) -- hardware-recorded CS=0x1b (CPL=3) -- requested 64 bytes, returning heap pointer 0x555570001e00
milestone 33: syscall SBRK (process 3) -- hardware-recorded CS=0x1b (CPL=3) -- requested 56 bytes, returning heap pointer 0x555570001e40
milestone 33: syscall SBRK (process 3) -- hardware-recorded CS=0x1b (CPL=3) -- requested 56 bytes, returning heap pointer 0x555570001e78
milestone 33: syscall SBRK (process 3) -- hardware-recorded CS=0x1b (CPL=3) -- requested 64 bytes, returning heap pointer 0x555570001eb0
milestone 33: syscall SBRK (process 3) -- hardware-recorded CS=0x1b (CPL=3) -- requested 56 bytes, returning heap pointer 0x555570001ef0
milestone 33: syscall SBRK (process 3) -- hardware-recorded CS=0x1b (CPL=3) -- requested 56 bytes, returning heap pointer 0x555570001f28
milestone 33: syscall SBRK (process 3) -- hardware-recorded CS=0x1b (CPL=3) -- requested 200 bytes, returning heap pointer 0x555570001f60
milestone 33: syscall SBRK (process 3) -- hardware-recorded CS=0x1b (CPL=3) -- requested 136 bytes, returning heap pointer 0x555570002028
milestone 33: syscall SBRK (process 3) -- hardware-recorded CS=0x1b (CPL=3) -- requested 16 bytes, returning heap pointer 0x5555700020b0
milestone 33: syscall SBRK (process 3) -- hardware-recorded CS=0x1b (CPL=3) -- requested 2056 bytes, returning heap pointer 0x5555700020c0
milestone 33: syscall SBRK (process 3) -- hardware-recorded CS=0x1b (CPL=3) -- requested 104 bytes, returning heap pointer 0x5555700028c8
milestone 31: syscall WRITE (process 3) -- hardware-recorded CS=0x1b (CPL=3) -- ptr=0x555550008c45 len=60 -- raw bytes >>>
  case47 (break + continue in a while, in-process) returned=
<<< end of write (60 bytes)
milestone 33: syscall WRITE (process 3) also reads its own private heap at 0x555570000000 -- marker byte 0x00 (' ')
milestone 31: syscall WRITE (process 3) -- hardware-recorded CS=0x1b (CPL=3) -- ptr=0x555560000e17 len=1 -- raw bytes >>>
5
<<< end of write (1 bytes)
milestone 33: syscall WRITE (process 3) also reads its own private heap at 0x555570000000 -- marker byte 0x00 (' ')
milestone 31: syscall WRITE (process 3) -- hardware-recorded CS=0x1b (CPL=3) -- ptr=0x555560000e17 len=1 -- raw bytes >>>
2
<<< end of write (1 bytes)
milestone 33: syscall WRITE (process 3) also reads its own private heap at 0x555570000000 -- marker byte 0x00 (' ')
milestone 31: syscall WRITE (process 3) -- hardware-recorded CS=0x1b (CPL=3) -- ptr=0x555550008c81 len=15 -- raw bytes >>>
 (expected 52)

<<< end of write (15 bytes)
milestone 33: syscall WRITE (process 3) also reads its own private heap at 0x555570000000 -- marker byte 0x00 (' ')
milestone 31: syscall WRITE (process 3) -- hardware-recorded CS=0x1b (CPL=3) -- ptr=0x555550008c90 len=46 -- raw bytes >>>
case47_break_and_continue_in_while_returns_52=
<<< end of write (46 bytes)
milestone 33: syscall WRITE (process 3) also reads its own private heap at 0x555570000000 -- marker byte 0x00 (' ')
milestone 31: syscall WRITE (process 3) -- hardware-recorded CS=0x1b (CPL=3) -- ptr=0x55555000627c len=4 -- raw bytes >>>
PASS
<<< end of write (4 bytes)
milestone 33: syscall WRITE (process 3) also reads its own private heap at 0x555570000000 -- marker byte 0x00 (' ')
milestone 31: syscall WRITE (process 3) -- hardware-recorded CS=0x1b (CPL=3) -- ptr=0x555550006294 len=1 -- raw bytes >>>
 
<<< end of write (1 bytes)
milestone 33: syscall WRITE (process 3) also reads its own private heap at 0x555570000000 -- marker byte 0x00 (' ')
milestone 31: syscall WRITE (process 3) -- hardware-recorded CS=0x1b (CPL=3) -- ptr=0x5555500063a8 len=1 -- raw bytes >>>


<<< end of write (1 bytes)
milestone 33: syscall WRITE (process 3) also reads its own private heap at 0x555570000000 -- marker byte 0x00 (' ')
milestone 87: syscall SBRK_RESET (process 3) -- hardware-recorded CS=0x1b (CPL=3) -- heap break rewound to 0x555570000000
milestone 33: syscall SBRK (process 3) -- hardware-recorded CS=0x1b (CPL=3) -- requested 6152 bytes, returning heap pointer 0x555570000000
milestone 33: syscall SBRK (process 3) -- hardware-recorded CS=0x1b (CPL=3) -- requested 56 bytes, returning heap pointer 0x555570001808
milestone 33: syscall SBRK (process 3) -- hardware-recorded CS=0x1b (CPL=3) -- requested 64 bytes, returning heap pointer 0x555570001840
milestone 33: syscall SBRK (process 3) -- hardware-recorded CS=0x1b (CPL=3) -- requested 56 bytes, returning heap pointer 0x555570001880
milestone 33: syscall SBRK (process 3) -- hardware-recorded CS=0x1b (CPL=3) -- requested 56 bytes, returning heap pointer 0x5555700018b8
milestone 33: syscall SBRK (process 3) -- hardware-recorded CS=0x1b (CPL=3) -- requested 64 bytes, returning heap pointer 0x5555700018f0
milestone 33: syscall SBRK (process 3) -- hardware-recorded CS=0x1b (CPL=3) -- requested 56 bytes, returning heap pointer 0x555570001930
milestone 33: syscall SBRK (process 3) -- hardware-recorded CS=0x1b (CPL=3) -- requested 64 bytes, returning heap pointer 0x555570001968
milestone 33: syscall SBRK (process 3) -- hardware-recorded CS=0x1b (CPL=3) -- requested 64 bytes, returning heap pointer 0x5555700019a8
milestone 33: syscall SBRK (process 3) -- hardware-recorded CS=0x1b (CPL=3) -- requested 64 bytes, returning heap pointer 0x5555700019e8
milestone 33: syscall SBRK (process 3) -- hardware-recorded CS=0x1b (CPL=3) -- requested 64 bytes, returning heap pointer 0x555570001a28
milestone 33: syscall SBRK (process 3) -- hardware-recorded CS=0x1b (CPL=3) -- requested 64 bytes, returning heap pointer 0x555570001a68
milestone 33: syscall SBRK (process 3) -- hardware-recorded CS=0x1b (CPL=3) -- requested 64 bytes, returning heap pointer 0x555570001aa8
milestone 33: syscall SBRK (process 3) -- hardware-recorded CS=0x1b (CPL=3) -- requested 56 bytes, returning heap pointer 0x555570001ae8
milestone 33: syscall SBRK (process 3) -- hardware-recorded CS=0x1b (CPL=3) -- requested 64 bytes, returning heap pointer 0x555570001b20
milestone 33: syscall SBRK (process 3) -- hardware-recorded CS=0x1b (CPL=3) -- requested 64 bytes, returning heap pointer 0x555570001b60
milestone 33: syscall SBRK (process 3) -- hardware-recorded CS=0x1b (CPL=3) -- requested 64 bytes, returning heap pointer 0x555570001ba0
milestone 33: syscall SBRK (process 3) -- hardware-recorded CS=0x1b (CPL=3) -- requested 56 bytes, returning heap pointer 0x555570001be0
milestone 33: syscall SBRK (process 3) -- hardware-recorded CS=0x1b (CPL=3) -- requested 56 bytes, returning heap pointer 0x555570001c18
milestone 33: syscall SBRK (process 3) -- hardware-recorded CS=0x1b (CPL=3) -- requested 64 bytes, returning heap pointer 0x555570001c50
milestone 33: syscall SBRK (process 3) -- hardware-recorded CS=0x1b (CPL=3) -- requested 64 bytes, returning heap pointer 0x555570001c90
milestone 33: syscall SBRK (process 3) -- hardware-recorded CS=0x1b (CPL=3) -- requested 64 bytes, returning heap pointer 0x555570001cd0
milestone 33: syscall SBRK (process 3) -- hardware-recorded CS=0x1b (CPL=3) -- requested 56 bytes, returning heap pointer 0x555570001d10
milestone 33: syscall SBRK (process 3) -- hardware-recorded CS=0x1b (CPL=3) -- requested 56 bytes, returning heap pointer 0x555570001d48
milestone 33: syscall SBRK (process 3) -- hardware-recorded CS=0x1b (CPL=3) -- requested 64 bytes, returning heap pointer 0x555570001d80
milestone 33: syscall SBRK (process 3) -- hardware-recorded CS=0x1b (CPL=3) -- requested 64 bytes, returning heap pointer 0x555570001dc0
milestone 33: syscall SBRK (process 3) -- hardware-recorded CS=0x1b (CPL=3) -- requested 64 bytes, returning heap pointer 0x555570001e00
milestone 33: syscall SBRK (process 3) -- hardware-recorded CS=0x1b (CPL=3) -- requested 56 bytes, returning heap pointer 0x555570001e40
milestone 33: syscall SBRK (process 3) -- hardware-recorded CS=0x1b (CPL=3) -- requested 56 bytes, returning heap pointer 0x555570001e78
milestone 33: syscall SBRK (process 3) -- hardware-recorded CS=0x1b (CPL=3) -- requested 64 bytes, returning heap pointer 0x555570001eb0
milestone 33: syscall SBRK (process 3) -- hardware-recorded CS=0x1b (CPL=3) -- requested 56 bytes, returning heap pointer 0x555570001ef0
milestone 33: syscall SBRK (process 3) -- hardware-recorded CS=0x1b (CPL=3) -- requested 56 bytes, returning heap pointer 0x555570001f28
milestone 33: syscall SBRK (process 3) -- hardware-recorded CS=0x1b (CPL=3) -- requested 200 bytes, returning heap pointer 0x555570001f60
milestone 33: syscall SBRK (process 3) -- hardware-recorded CS=0x1b (CPL=3) -- requested 136 bytes, returning heap pointer 0x555570002028
milestone 33: syscall SBRK (process 3) -- hardware-recorded CS=0x1b (CPL=3) -- requested 16 bytes, returning heap pointer 0x5555700020b0
milestone 33: syscall SBRK (process 3) -- hardware-recorded CS=0x1b (CPL=3) -- requested 2056 bytes, returning heap pointer 0x5555700020c0
milestone 33: syscall SBRK (process 3) -- hardware-recorded CS=0x1b (CPL=3) -- requested 104 bytes, returning heap pointer 0x5555700028c8
milestone 33: syscall SBRK (process 3) -- hardware-recorded CS=0x1b (CPL=3) -- requested 336 bytes, returning heap pointer 0x555570002930
milestone 82: syscall OPEN_TRUNC (process 3) -- hardware-recorded CS=0x1b (CPL=3) -- path='ccout1' -> fd 0 (truncated)
milestone 35: syscall FDWRITE (process 3) -- hardware-recorded CS=0x1b (CPL=3) -- fd=0 requested=322 accepted=322 bytes
milestone 35: syscall CLOSE (process 3) -- fd 0 was dirty, persisted 322 bytes to 'ccout1' on the real on-disk filesystem
milestone 35: syscall CLOSE (process 3) -- hardware-recorded CS=0x1b (CPL=3) -- fd=0 closed successfully
milestone 30: process forked-child -- user p4 index computed as 170 (code 0x555550000000, stack 0x555560000000)
milestone 30: process forked-child -- new pml4 0x230000 populated: 511 kernel-space entries shared, index 170 left private
milestone 30: process forked-child -- private code page mapped to frame 0x237000, private stack page mapped to frame 0x23a000
milestone 100: process forked-child -- 7 extra stack page(s) mapped below USER_STACK_ADDR (32 KiB total stack)
milestone 57: process forked-child -- private heap RESERVED (not mapped): 64 pages at 0x555570000000..0x55557003ffff, 0 physical frames committed until a real page fault demand-pages one
milestone 34: process forked-child -- copied 4096 image bytes into private code frame 0x237000
milestone 37: fork() -- child's code frame 0x237000 holds a REAL byte-for-byte copy of the parent's code frame 0x204000 (independently verifiable: same virtual address USER_CODE_ADDR under either process's own CR3, genuinely different physical frames)
milestone 69: fork() -- child also got 15 extra code page(s) REALLY remapped+copied (real fix -- see extra_frames' own doc comment on Process for the bug this closes; a multi-page ELF-loaded parent's pages beyond page 0 used to be silently dropped by fork())
milestone 37: syscall FORK (process 3, 'elf-loaded') -- created child pid 14: pml4=0x230000 code_frame=0x237000 resume point rip=0x555550003fec rsp=0x555560000e38
milestone 37: syscall FORK (process 3) -- hardware-recorded CS=0x1b (CPL=3) -- created child pid 14
milestone 37: wait() -- switching CR3 to forked child pid 14's own pml4 0x230000, resuming at rip=0x555550003fec rsp=0x555560000e38 (its own fork()-time snapshot, rax forced to 0)
milestone 36: process exec'd -- ELF validated: e_entry=0x555550000078 falls inside a mapped segment, 1 PT_LOAD segment(s), 1 total page(s), all within private p4 index 170
milestone 36: process exec'd -- new pml4 0x260000 populated: 511 kernel-space entries shared, index 170 left private
milestone 36: process exec'd -- mapped 1 PT_LOAD page(s): [(93824902758400, 2498560, 322, 5)]
milestone 36: process exec'd -- private stack page mapped to frame 0x261000
milestone 100: process exec'd -- 7 extra stack page(s) mapped below USER_STACK_ADDR (32 KiB total stack)
milestone 57: process exec'd -- private heap RESERVED (not mapped): 64 pages at 0x555570000000..0x55557003ffff, 0 physical frames committed until a real page fault demand-pages one
milestone 54: reclaim_process_frames('forked-child') -- freed 38 physical frame(s) back to the allocator's free list
milestone 45: syscall EXEC (process 14) -- REAL teardown-and-rebuild complete: new pml4=0x260000, new entry=0x555550000078 (real parsed e_entry), fd table/parent_pid/pgid preserved, CR3 switched
milestone 45: syscall EXEC (process 14) -- hardware-recorded CS=0x1b (CPL=3) -- REAL teardown-and-rebuild from 'ccout1' (322 real ELF bytes read from the on-disk filesystem), new address space, jumping directly into the real parsed entry 0x555550000078, never returning to the old one
milestone 30: syscall EXIT -- hardware-recorded CS=0x1b (CPL=3) -- discarding ring-3 context, resuming kernel context
milestone 37: wait() -- forked child pid 14 resumed in kernel context (its own exit() syscall ran; CR3 is currently the KERNEL's own, restored to the parent's by wait_for_child() next)
milestone 54: reclaim_process_frames('exec'd') -- freed 15 physical frame(s) back to the allocator's free list
milestone 43: syscall WAIT (process 3) -- child pid 14 ran to completion and was reaped (real exit code 8), CR3 restored to parent's own pml4 0x205000
milestone 43: syscall WAIT (process 3) -- hardware-recorded CS=0x1b (CPL=3) -- reaped child pid 14, exited normally with code 8
milestone 31: syscall WRITE (process 3) -- hardware-recorded CS=0x1b (CPL=3) -- ptr=0x555550006a21 len=70 -- raw bytes >>>
  real on-disk ELF written, real fork()+exec()+wait() -- child exited=
<<< end of write (70 bytes)
milestone 33: syscall WRITE (process 3) also reads its own private heap at 0x555570000000 -- marker byte 0x00 (' ')
milestone 31: syscall WRITE (process 3) -- hardware-recorded CS=0x1b (CPL=3) -- ptr=0x555550006280 len=4 -- raw bytes >>>
true
<<< end of write (4 bytes)
milestone 33: syscall WRITE (process 3) also reads its own private heap at 0x555570000000 -- marker byte 0x00 (' ')
milestone 31: syscall WRITE (process 3) -- hardware-recorded CS=0x1b (CPL=3) -- ptr=0x555550006703 len=16 -- raw bytes >>>
 real exit code=
<<< end of write (16 bytes)
milestone 33: syscall WRITE (process 3) also reads its own private heap at 0x555570000000 -- marker byte 0x00 (' ')
milestone 31: syscall WRITE (process 3) -- hardware-recorded CS=0x1b (CPL=3) -- ptr=0x555560000e17 len=1 -- raw bytes >>>
8
<<< end of write (1 bytes)
milestone 33: syscall WRITE (process 3) also reads its own private heap at 0x555570000000 -- marker byte 0x00 (' ')
milestone 31: syscall WRITE (process 3) -- hardware-recorded CS=0x1b (CPL=3) -- ptr=0x555550006a6c len=28 -- raw bytes >>>
 (expected exited=true code=
<<< end of write (28 bytes)
milestone 33: syscall WRITE (process 3) also reads its own private heap at 0x555570000000 -- marker byte 0x00 (' ')
milestone 31: syscall WRITE (process 3) -- hardware-recorded CS=0x1b (CPL=3) -- ptr=0x555560000e17 len=1 -- raw bytes >>>
8
<<< end of write (1 bytes)
milestone 33: syscall WRITE (process 3) also reads its own private heap at 0x555570000000 -- marker byte 0x00 (' ')
milestone 31: syscall WRITE (process 3) -- hardware-recorded CS=0x1b (CPL=3) -- ptr=0x555550006a88 len=2 -- raw bytes >>>
)

<<< end of write (2 bytes)
milestone 33: syscall WRITE (process 3) also reads its own private heap at 0x555570000000 -- marker byte 0x00 (' ')
milestone 31: syscall WRITE (process 3) -- hardware-recorded CS=0x1b (CPL=3) -- ptr=0x555550008d73 len=63 -- raw bytes >>>
case48_real_elf_exec_break_continue_in_for_runs_step_returns_8=
<<< end of write (63 bytes)
milestone 33: syscall WRITE (process 3) also reads its own private heap at 0x555570000000 -- marker byte 0x00 (' ')
milestone 31: syscall WRITE (process 3) -- hardware-recorded CS=0x1b (CPL=3) -- ptr=0x55555000627c len=4 -- raw bytes >>>
PASS
<<< end of write (4 bytes)
milestone 33: syscall WRITE (process 3) also reads its own private heap at 0x555570000000 -- marker byte 0x00 (' ')
milestone 31: syscall WRITE (process 3) -- hardware-recorded CS=0x1b (CPL=3) -- ptr=0x555550006294 len=1 -- raw bytes >>>
 
<<< end of write (1 bytes)
milestone 33: syscall WRITE (process 3) also reads its own private heap at 0x555570000000 -- marker byte 0x00 (' ')
milestone 31: syscall WRITE (process 3) -- hardware-recorded CS=0x1b (CPL=3) -- ptr=0x5555500063a8 len=1 -- raw bytes >>>


<<< end of write (1 bytes)
milestone 33: syscall WRITE (process 3) also reads its own private heap at 0x555570000000 -- marker byte 0x00 (' ')
milestone 33: syscall SBRK (process 3) -- hardware-recorded CS=0x1b (CPL=3) -- requested 6152 bytes, returning heap pointer 0x555570002a80
milestone 33: syscall SBRK (process 3) -- hardware-recorded CS=0x1b (CPL=3) -- requested 56 bytes, returning heap pointer 0x555570004288
milestone 33: syscall SBRK (process 3) -- hardware-recorded CS=0x1b (CPL=3) -- requested 64 bytes, returning heap pointer 0x5555700042c0
milestone 33: syscall SBRK (process 3) -- hardware-recorded CS=0x1b (CPL=3) -- requested 56 bytes, returning heap pointer 0x555570004300
milestone 33: syscall SBRK (process 3) -- hardware-recorded CS=0x1b (CPL=3) -- requested 56 bytes, returning heap pointer 0x555570004338
milestone 33: syscall SBRK (process 3) -- hardware-recorded CS=0x1b (CPL=3) -- requested 104 bytes, returning heap pointer 0x555570004370
milestone 33: syscall SBRK (process 3) -- hardware-recorded CS=0x1b (CPL=3) -- requested 1032 bytes, returning heap pointer 0x5555700043d8
milestone 31: syscall WRITE (process 3) -- hardware-recorded CS=0x1b (CPL=3) -- ptr=0x555550008dd1 len=54 -- raw bytes >>>
  case49 real codegen error -- break outside any loop

<<< end of write (54 bytes)
milestone 33: syscall WRITE (process 3) also reads its own private heap at 0x555570000000 -- marker byte 0x00 (' ')
milestone 31: syscall WRITE (process 3) -- hardware-recorded CS=0x1b (CPL=3) -- ptr=0x555550008e95 len=46 -- raw bytes >>>
case49_break_outside_loop_is_BreakOutsideLoop=
<<< end of write (46 bytes)
milestone 33: syscall WRITE (process 3) also reads its own private heap at 0x555570000000 -- marker byte 0x00 (' ')
milestone 31: syscall WRITE (process 3) -- hardware-recorded CS=0x1b (CPL=3) -- ptr=0x55555000627c len=4 -- raw bytes >>>
PASS
<<< end of write (4 bytes)
milestone 33: syscall WRITE (process 3) also reads its own private heap at 0x555570000000 -- marker byte 0x00 (' ')
milestone 31: syscall WRITE (process 3) -- hardware-recorded CS=0x1b (CPL=3) -- ptr=0x555550006294 len=1 -- raw bytes >>>
 
<<< end of write (1 bytes)
milestone 33: syscall WRITE (process 3) also reads its own private heap at 0x555570000000 -- marker byte 0x00 (' ')
milestone 31: syscall WRITE (process 3) -- hardware-recorded CS=0x1b (CPL=3) -- ptr=0x5555500063a8 len=1 -- raw bytes >>>


<<< end of write (1 bytes)
milestone 33: syscall WRITE (process 3) also reads its own private heap at 0x555570000000 -- marker byte 0x00 (' ')
milestone 31: syscall WRITE (process 3) -- hardware-recorded CS=0x1b (CPL=3) -- ptr=0x555550008ec3 len=12 -- raw bytes >>>
OVERALL_M87=
<<< end of write (12 bytes)
milestone 33: syscall WRITE (process 3) also reads its own private heap at 0x555570000000 -- marker byte 0x00 (' ')
milestone 31: syscall WRITE (process 3) -- hardware-recorded CS=0x1b (CPL=3) -- ptr=0x55555000627c len=4 -- raw bytes >>>
PASS
<<< end of write (4 bytes)
milestone 33: syscall WRITE (process 3) also reads its own private heap at 0x555570000000 -- marker byte 0x00 (' ')
milestone 31: syscall WRITE (process 3) -- hardware-recorded CS=0x1b (CPL=3) -- ptr=0x5555500063a8 len=1 -- raw bytes >>>


<<< end of write (1 bytes)
milestone 33: syscall WRITE (process 3) also reads its own private heap at 0x555570000000 -- marker byte 0x00 (' ')
milestone 87: syscall SBRK_RESET (process 3) -- hardware-recorded CS=0x1b (CPL=3) -- heap break rewound to 0x555570000000
milestone 33: syscall SBRK (process 3) -- hardware-recorded CS=0x1b (CPL=3) -- requested 6152 bytes, returning heap pointer 0x555570000000
milestone 33: syscall SBRK (process 3) -- hardware-recorded CS=0x1b (CPL=3) -- requested 56 bytes, returning heap pointer 0x555570001808
milestone 33: syscall SBRK (process 3) -- hardware-recorded CS=0x1b (CPL=3) -- requested 64 bytes, returning heap pointer 0x555570001840
milestone 33: syscall SBRK (process 3) -- hardware-recorded CS=0x1b (CPL=3) -- requested 64 bytes, returning heap pointer 0x555570001880
milestone 33: syscall SBRK (process 3) -- hardware-recorded CS=0x1b (CPL=3) -- requested 64 bytes, returning heap pointer 0x5555700018c0
milestone 33: syscall SBRK (process 3) -- hardware-recorded CS=0x1b (CPL=3) -- requested 56 bytes, returning heap pointer 0x555570001900
milestone 33: syscall SBRK (process 3) -- hardware-recorded CS=0x1b (CPL=3) -- requested 56 bytes, returning heap pointer 0x555570001938
milestone 33: syscall SBRK (process 3) -- hardware-recorded CS=0x1b (CPL=3) -- requested 64 bytes, returning heap pointer 0x555570001970
milestone 33: syscall SBRK (process 3) -- hardware-recorded CS=0x1b (CPL=3) -- requested 64 bytes, returning heap pointer 0x5555700019b0
milestone 33: syscall SBRK (process 3) -- hardware-recorded CS=0x1b (CPL=3) -- requested 64 bytes, returning heap pointer 0x5555700019f0
milestone 33: syscall SBRK (process 3) -- hardware-recorded CS=0x1b (CPL=3) -- requested 56 bytes, returning heap pointer 0x555570001a30
milestone 33: syscall SBRK (process 3) -- hardware-recorded CS=0x1b (CPL=3) -- requested 64 bytes, returning heap pointer 0x555570001a68
milestone 33: syscall SBRK (process 3) -- hardware-recorded CS=0x1b (CPL=3) -- requested 64 bytes, returning heap pointer 0x555570001aa8
milestone 33: syscall SBRK (process 3) -- hardware-recorded CS=0x1b (CPL=3) -- requested 64 bytes, returning heap pointer 0x555570001ae8
milestone 33: syscall SBRK (process 3) -- hardware-recorded CS=0x1b (CPL=3) -- requested 56 bytes, returning heap pointer 0x555570001b28
milestone 33: syscall SBRK (process 3) -- hardware-recorded CS=0x1b (CPL=3) -- requested 56 bytes, returning heap pointer 0x555570001b60
milestone 33: syscall SBRK (process 3) -- hardware-recorded CS=0x1b (CPL=3) -- requested 200 bytes, returning heap pointer 0x555570001b98
milestone 33: syscall SBRK (process 3) -- hardware-recorded CS=0x1b (CPL=3) -- requested 136 bytes, returning heap pointer 0x555570001c60
milestone 33: syscall SBRK (process 3) -- hardware-recorded CS=0x1b (CPL=3) -- requested 16 bytes, returning heap pointer 0x555570001ce8
milestone 33: syscall SBRK (process 3) -- hardware-recorded CS=0x1b (CPL=3) -- requested 2056 bytes, returning heap pointer 0x555570001cf8
milestone 33: syscall SBRK (process 3) -- hardware-recorded CS=0x1b (CPL=3) -- requested 104 bytes, returning heap pointer 0x555570002500
milestone 31: syscall WRITE (process 3) -- hardware-recorded CS=0x1b (CPL=3) -- ptr=0x555550008f0a len=54 -- raw bytes >>>
  case50 (decl-with-initializer, in-process) returned=
<<< end of write (54 bytes)
milestone 33: syscall WRITE (process 3) also reads its own private heap at 0x555570000000 -- marker byte 0x00 (' ')
milestone 31: syscall WRITE (process 3) -- hardware-recorded CS=0x1b (CPL=3) -- ptr=0x555560000e17 len=1 -- raw bytes >>>
8
<<< end of write (1 bytes)
milestone 33: syscall WRITE (process 3) also reads its own private heap at 0x555570000000 -- marker byte 0x00 (' ')
milestone 31: syscall WRITE (process 3) -- hardware-recorded CS=0x1b (CPL=3) -- ptr=0x555560000e17 len=1 -- raw bytes >>>
0
<<< end of write (1 bytes)
milestone 33: syscall WRITE (process 3) also reads its own private heap at 0x555570000000 -- marker byte 0x00 (' ')
milestone 31: syscall WRITE (process 3) -- hardware-recorded CS=0x1b (CPL=3) -- ptr=0x555550008f40 len=15 -- raw bytes >>>
 (expected 80)

<<< end of write (15 bytes)
milestone 33: syscall WRITE (process 3) also reads its own private heap at 0x555570000000 -- marker byte 0x00 (' ')
milestone 31: syscall WRITE (process 3) -- hardware-recorded CS=0x1b (CPL=3) -- ptr=0x555550008f4f len=40 -- raw bytes >>>
case50_decl_with_initializer_returns_80=
<<< end of write (40 bytes)
milestone 33: syscall WRITE (process 3) also reads its own private heap at 0x555570000000 -- marker byte 0x00 (' ')
milestone 31: syscall WRITE (process 3) -- hardware-recorded CS=0x1b (CPL=3) -- ptr=0x55555000627c len=4 -- raw bytes >>>
PASS
<<< end of write (4 bytes)
milestone 33: syscall WRITE (process 3) also reads its own private heap at 0x555570000000 -- marker byte 0x00 (' ')
milestone 31: syscall WRITE (process 3) -- hardware-recorded CS=0x1b (CPL=3) -- ptr=0x555550006294 len=1 -- raw bytes >>>
 
<<< end of write (1 bytes)
milestone 33: syscall WRITE (process 3) also reads its own private heap at 0x555570000000 -- marker byte 0x00 (' ')
milestone 31: syscall WRITE (process 3) -- hardware-recorded CS=0x1b (CPL=3) -- ptr=0x5555500063a8 len=1 -- raw bytes >>>


<<< end of write (1 bytes)
milestone 33: syscall WRITE (process 3) also reads its own private heap at 0x555570000000 -- marker byte 0x00 (' ')
milestone 87: syscall SBRK_RESET (process 3) -- hardware-recorded CS=0x1b (CPL=3) -- heap break rewound to 0x555570000000
milestone 33: syscall SBRK (process 3) -- hardware-recorded CS=0x1b (CPL=3) -- requested 6152 bytes, returning heap pointer 0x555570000000
milestone 33: syscall SBRK (process 3) -- hardware-recorded CS=0x1b (CPL=3) -- requested 56 bytes, returning heap pointer 0x555570001808
milestone 33: syscall SBRK (process 3) -- hardware-recorded CS=0x1b (CPL=3) -- requested 64 bytes, returning heap pointer 0x555570001840
milestone 33: syscall SBRK (process 3) -- hardware-recorded CS=0x1b (CPL=3) -- requested 56 bytes, returning heap pointer 0x555570001880
milestone 33: syscall SBRK (process 3) -- hardware-recorded CS=0x1b (CPL=3) -- requested 56 bytes, returning heap pointer 0x5555700018b8
milestone 33: syscall SBRK (process 3) -- hardware-recorded CS=0x1b (CPL=3) -- requested 64 bytes, returning heap pointer 0x5555700018f0
milestone 33: syscall SBRK (process 3) -- hardware-recorded CS=0x1b (CPL=3) -- requested 56 bytes, returning heap pointer 0x555570001930
milestone 33: syscall SBRK (process 3) -- hardware-recorded CS=0x1b (CPL=3) -- requested 64 bytes, returning heap pointer 0x555570001968
milestone 33: syscall SBRK (process 3) -- hardware-recorded CS=0x1b (CPL=3) -- requested 64 bytes, returning heap pointer 0x5555700019a8
milestone 33: syscall SBRK (process 3) -- hardware-recorded CS=0x1b (CPL=3) -- requested 64 bytes, returning heap pointer 0x5555700019e8
milestone 33: syscall SBRK (process 3) -- hardware-recorded CS=0x1b (CPL=3) -- requested 64 bytes, returning heap pointer 0x555570001a28
milestone 33: syscall SBRK (process 3) -- hardware-recorded CS=0x1b (CPL=3) -- requested 64 bytes, returning heap pointer 0x555570001a68
milestone 33: syscall SBRK (process 3) -- hardware-recorded CS=0x1b (CPL=3) -- requested 64 bytes, returning heap pointer 0x555570001aa8
milestone 33: syscall SBRK (process 3) -- hardware-recorded CS=0x1b (CPL=3) -- requested 56 bytes, returning heap pointer 0x555570001ae8
milestone 33: syscall SBRK (process 3) -- hardware-recorded CS=0x1b (CPL=3) -- requested 64 bytes, returning heap pointer 0x555570001b20
milestone 33: syscall SBRK (process 3) -- hardware-recorded CS=0x1b (CPL=3) -- requested 64 bytes, returning heap pointer 0x555570001b60
milestone 33: syscall SBRK (process 3) -- hardware-recorded CS=0x1b (CPL=3) -- requested 64 bytes, returning heap pointer 0x555570001ba0
milestone 33: syscall SBRK (process 3) -- hardware-recorded CS=0x1b (CPL=3) -- requested 56 bytes, returning heap pointer 0x555570001be0
milestone 33: syscall SBRK (process 3) -- hardware-recorded CS=0x1b (CPL=3) -- requested 56 bytes, returning heap pointer 0x555570001c18
milestone 33: syscall SBRK (process 3) -- hardware-recorded CS=0x1b (CPL=3) -- requested 64 bytes, returning heap pointer 0x555570001c50
milestone 33: syscall SBRK (process 3) -- hardware-recorded CS=0x1b (CPL=3) -- requested 56 bytes, returning heap pointer 0x555570001c90
milestone 33: syscall SBRK (process 3) -- hardware-recorded CS=0x1b (CPL=3) -- requested 56 bytes, returning heap pointer 0x555570001cc8
milestone 33: syscall SBRK (process 3) -- hardware-recorded CS=0x1b (CPL=3) -- requested 200 bytes, returning heap pointer 0x555570001d00
milestone 33: syscall SBRK (process 3) -- hardware-recorded CS=0x1b (CPL=3) -- requested 136 bytes, returning heap pointer 0x555570001dc8
milestone 33: syscall SBRK (process 3) -- hardware-recorded CS=0x1b (CPL=3) -- requested 16 bytes, returning heap pointer 0x555570001e50
milestone 33: syscall SBRK (process 3) -- hardware-recorded CS=0x1b (CPL=3) -- requested 2056 bytes, returning heap pointer 0x555570001e60
milestone 33: syscall SBRK (process 3) -- hardware-recorded CS=0x1b (CPL=3) -- requested 104 bytes, returning heap pointer 0x555570002668
milestone 33: syscall SBRK (process 3) -- hardware-recorded CS=0x1b (CPL=3) -- requested 256 bytes, returning heap pointer 0x5555700026d0
milestone 82: syscall OPEN_TRUNC (process 3) -- hardware-recorded CS=0x1b (CPL=3) -- path='ccout1' -> fd 0 (truncated)
milestone 35: syscall FDWRITE (process 3) -- hardware-recorded CS=0x1b (CPL=3) -- fd=0 requested=248 accepted=248 bytes
milestone 35: syscall CLOSE (process 3) -- fd 0 was dirty, persisted 248 bytes to 'ccout1' on the real on-disk filesystem
milestone 35: syscall CLOSE (process 3) -- hardware-recorded CS=0x1b (CPL=3) -- fd=0 closed successfully
milestone 30: process forked-child -- user p4 index computed as 170 (code 0x555550000000, stack 0x555560000000)
milestone 30: process forked-child -- new pml4 0x257000 populated: 511 kernel-space entries shared, index 170 left private
milestone 30: process forked-child -- private code page mapped to frame 0x252000, private stack page mapped to frame 0x253000
milestone 100: process forked-child -- 7 extra stack page(s) mapped below USER_STACK_ADDR (32 KiB total stack)
milestone 57: process forked-child -- private heap RESERVED (not mapped): 64 pages at 0x555570000000..0x55557003ffff, 0 physical frames committed until a real page fault demand-pages one
milestone 34: process forked-child -- copied 4096 image bytes into private code frame 0x252000
milestone 37: fork() -- child's code frame 0x252000 holds a REAL byte-for-byte copy of the parent's code frame 0x204000 (independently verifiable: same virtual address USER_CODE_ADDR under either process's own CR3, genuinely different physical frames)
milestone 69: fork() -- child also got 15 extra code page(s) REALLY remapped+copied (real fix -- see extra_frames' own doc comment on Process for the bug this closes; a multi-page ELF-loaded parent's pages beyond page 0 used to be silently dropped by fork())
milestone 37: syscall FORK (process 3, 'elf-loaded') -- created child pid 14: pml4=0x257000 code_frame=0x252000 resume point rip=0x55555000438b rsp=0x555560000e38
milestone 37: syscall FORK (process 3) -- hardware-recorded CS=0x1b (CPL=3) -- created child pid 14
milestone 37: wait() -- switching CR3 to forked child pid 14's own pml4 0x257000, resuming at rip=0x55555000438b rsp=0x555560000e38 (its own fork()-time snapshot, rax forced to 0)
milestone 36: process exec'd -- ELF validated: e_entry=0x555550000078 falls inside a mapped segment, 1 PT_LOAD segment(s), 1 total page(s), all within private p4 index 170
milestone 36: process exec'd -- new pml4 0x23c000 populated: 511 kernel-space entries shared, index 170 left private
milestone 36: process exec'd -- mapped 1 PT_LOAD page(s): [(93824902758400, 2355200, 248, 5)]
milestone 36: process exec'd -- private stack page mapped to frame 0x22e000
milestone 100: process exec'd -- 7 extra stack page(s) mapped below USER_STACK_ADDR (32 KiB total stack)
milestone 57: process exec'd -- private heap RESERVED (not mapped): 64 pages at 0x555570000000..0x55557003ffff, 0 physical frames committed until a real page fault demand-pages one
milestone 54: reclaim_process_frames('forked-child') -- freed 38 physical frame(s) back to the allocator's free list
milestone 45: syscall EXEC (process 14) -- REAL teardown-and-rebuild complete: new pml4=0x23c000, new entry=0x555550000078 (real parsed e_entry), fd table/parent_pid/pgid preserved, CR3 switched
milestone 45: syscall EXEC (process 14) -- hardware-recorded CS=0x1b (CPL=3) -- REAL teardown-and-rebuild from 'ccout1' (248 real ELF bytes read from the on-disk filesystem), new address space, jumping directly into the real parsed entry 0x555550000078, never returning to the old one
milestone 30: syscall EXIT -- hardware-recorded CS=0x1b (CPL=3) -- discarding ring-3 context, resuming kernel context
milestone 37: wait() -- forked child pid 14 resumed in kernel context (its own exit() syscall ran; CR3 is currently the KERNEL's own, restored to the parent's by wait_for_child() next)
milestone 54: reclaim_process_frames('exec'd') -- freed 15 physical frame(s) back to the allocator's free list
milestone 43: syscall WAIT (process 3) -- child pid 14 ran to completion and was reaped (real exit code 15), CR3 restored to parent's own pml4 0x205000
milestone 43: syscall WAIT (process 3) -- hardware-recorded CS=0x1b (CPL=3) -- reaped child pid 14, exited normally with code 15
milestone 31: syscall WRITE (process 3) -- hardware-recorded CS=0x1b (CPL=3) -- ptr=0x555550006a21 len=70 -- raw bytes >>>
  real on-disk ELF written, real fork()+exec()+wait() -- child exited=
<<< end of write (70 bytes)
milestone 33: syscall WRITE (process 3) also reads its own private heap at 0x555570000000 -- marker byte 0x00 (' ')
milestone 31: syscall WRITE (process 3) -- hardware-recorded CS=0x1b (CPL=3) -- ptr=0x555550006280 len=4 -- raw bytes >>>
true
<<< end of write (4 bytes)
milestone 33: syscall WRITE (process 3) also reads its own private heap at 0x555570000000 -- marker byte 0x00 (' ')
milestone 31: syscall WRITE (process 3) -- hardware-recorded CS=0x1b (CPL=3) -- ptr=0x555550006703 len=16 -- raw bytes >>>
 real exit code=
<<< end of write (16 bytes)
milestone 33: syscall WRITE (process 3) also reads its own private heap at 0x555570000000 -- marker byte 0x00 (' ')
milestone 31: syscall WRITE (process 3) -- hardware-recorded CS=0x1b (CPL=3) -- ptr=0x555560000e17 len=1 -- raw bytes >>>
1
<<< end of write (1 bytes)
milestone 33: syscall WRITE (process 3) also reads its own private heap at 0x555570000000 -- marker byte 0x00 (' ')
milestone 31: syscall WRITE (process 3) -- hardware-recorded CS=0x1b (CPL=3) -- ptr=0x555560000e17 len=1 -- raw bytes >>>
5
<<< end of write (1 bytes)
milestone 33: syscall WRITE (process 3) also reads its own private heap at 0x555570000000 -- marker byte 0x00 (' ')
milestone 31: syscall WRITE (process 3) -- hardware-recorded CS=0x1b (CPL=3) -- ptr=0x555550006a6c len=28 -- raw bytes >>>
 (expected exited=true code=
<<< end of write (28 bytes)
milestone 33: syscall WRITE (process 3) also reads its own private heap at 0x555570000000 -- marker byte 0x00 (' ')
milestone 31: syscall WRITE (process 3) -- hardware-recorded CS=0x1b (CPL=3) -- ptr=0x555560000e17 len=1 -- raw bytes >>>
1
<<< end of write (1 bytes)
milestone 33: syscall WRITE (process 3) also reads its own private heap at 0x555570000000 -- marker byte 0x00 (' ')
milestone 31: syscall WRITE (process 3) -- hardware-recorded CS=0x1b (CPL=3) -- ptr=0x555560000e17 len=1 -- raw bytes >>>
5
<<< end of write (1 bytes)
milestone 33: syscall WRITE (process 3) also reads its own private heap at 0x555570000000 -- marker byte 0x00 (' ')
milestone 31: syscall WRITE (process 3) -- hardware-recorded CS=0x1b (CPL=3) -- ptr=0x555550006a88 len=2 -- raw bytes >>>
)

<<< end of write (2 bytes)
milestone 33: syscall WRITE (process 3) also reads its own private heap at 0x555570000000 -- marker byte 0x00 (' ')
milestone 31: syscall WRITE (process 3) -- hardware-recorded CS=0x1b (CPL=3) -- ptr=0x555550008ff5 len=47 -- raw bytes >>>
case51_real_elf_exec_for_int_i_init_returns_15=
<<< end of write (47 bytes)
milestone 33: syscall WRITE (process 3) also reads its own private heap at 0x555570000000 -- marker byte 0x00 (' ')
milestone 31: syscall WRITE (process 3) -- hardware-recorded CS=0x1b (CPL=3) -- ptr=0x55555000627c len=4 -- raw bytes >>>
PASS
<<< end of write (4 bytes)
milestone 33: syscall WRITE (process 3) also reads its own private heap at 0x555570000000 -- marker byte 0x00 (' ')
milestone 31: syscall WRITE (process 3) -- hardware-recorded CS=0x1b (CPL=3) -- ptr=0x555550006294 len=1 -- raw bytes >>>
 
<<< end of write (1 bytes)
milestone 33: syscall WRITE (process 3) also reads its own private heap at 0x555570000000 -- marker byte 0x00 (' ')
milestone 31: syscall WRITE (process 3) -- hardware-recorded CS=0x1b (CPL=3) -- ptr=0x5555500063a8 len=1 -- raw bytes >>>


<<< end of write (1 bytes)
milestone 33: syscall WRITE (process 3) also reads its own private heap at 0x555570000000 -- marker byte 0x00 (' ')
milestone 31: syscall WRITE (process 3) -- hardware-recorded CS=0x1b (CPL=3) -- ptr=0x555550009024 len=12 -- raw bytes >>>
OVERALL_M88=
<<< end of write (12 bytes)
milestone 33: syscall WRITE (process 3) also reads its own private heap at 0x555570000000 -- marker byte 0x00 (' ')
milestone 31: syscall WRITE (process 3) -- hardware-recorded CS=0x1b (CPL=3) -- ptr=0x55555000627c len=4 -- raw bytes >>>
PASS
<<< end of write (4 bytes)
milestone 33: syscall WRITE (process 3) also reads its own private heap at 0x555570000000 -- marker byte 0x00 (' ')
milestone 31: syscall WRITE (process 3) -- hardware-recorded CS=0x1b (CPL=3) -- ptr=0x5555500063a8 len=1 -- raw bytes >>>


<<< end of write (1 bytes)
milestone 33: syscall WRITE (process 3) also reads its own private heap at 0x555570000000 -- marker byte 0x00 (' ')
milestone 87: syscall SBRK_RESET (process 3) -- hardware-recorded CS=0x1b (CPL=3) -- heap break rewound to 0x555570000000
milestone 33: syscall SBRK (process 3) -- hardware-recorded CS=0x1b (CPL=3) -- requested 6152 bytes, returning heap pointer 0x555570000000
milestone 33: syscall SBRK (process 3) -- hardware-recorded CS=0x1b (CPL=3) -- requested 56 bytes, returning heap pointer 0x555570001808
milestone 33: syscall SBRK (process 3) -- hardware-recorded CS=0x1b (CPL=3) -- requested 64 bytes, returning heap pointer 0x555570001840
milestone 33: syscall SBRK (process 3) -- hardware-recorded CS=0x1b (CPL=3) -- requested 56 bytes, returning heap pointer 0x555570001880
milestone 33: syscall SBRK (process 3) -- hardware-recorded CS=0x1b (CPL=3) -- requested 56 bytes, returning heap pointer 0x5555700018b8
milestone 33: syscall SBRK (process 3) -- hardware-recorded CS=0x1b (CPL=3) -- requested 64 bytes, returning heap pointer 0x5555700018f0
milestone 33: syscall SBRK (process 3) -- hardware-recorded CS=0x1b (CPL=3) -- requested 56 bytes, returning heap pointer 0x555570001930
milestone 33: syscall SBRK (process 3) -- hardware-recorded CS=0x1b (CPL=3) -- requested 56 bytes, returning heap pointer 0x555570001968
milestone 33: syscall SBRK (process 3) -- hardware-recorded CS=0x1b (CPL=3) -- requested 64 bytes, returning heap pointer 0x5555700019a0
milestone 33: syscall SBRK (process 3) -- hardware-recorded CS=0x1b (CPL=3) -- requested 64 bytes, returning heap pointer 0x5555700019e0
milestone 33: syscall SBRK (process 3) -- hardware-recorded CS=0x1b (CPL=3) -- requested 64 bytes, returning heap pointer 0x555570001a20
milestone 33: syscall SBRK (process 3) -- hardware-recorded CS=0x1b (CPL=3) -- requested 56 bytes, returning heap pointer 0x555570001a60
milestone 33: syscall SBRK (process 3) -- hardware-recorded CS=0x1b (CPL=3) -- requested 64 bytes, returning heap pointer 0x555570001a98
milestone 33: syscall SBRK (process 3) -- hardware-recorded CS=0x1b (CPL=3) -- requested 64 bytes, returning heap pointer 0x555570001ad8
milestone 33: syscall SBRK (process 3) -- hardware-recorded CS=0x1b (CPL=3) -- requested 64 bytes, returning heap pointer 0x555570001b18
milestone 33: syscall SBRK (process 3) -- hardware-recorded CS=0x1b (CPL=3) -- requested 64 bytes, returning heap pointer 0x555570001b58
milestone 33: syscall SBRK (process 3) -- hardware-recorded CS=0x1b (CPL=3) -- requested 64 bytes, returning heap pointer 0x555570001b98
milestone 33: syscall SBRK (process 3) -- hardware-recorded CS=0x1b (CPL=3) -- requested 56 bytes, returning heap pointer 0x555570001bd8
milestone 33: syscall SBRK (process 3) -- hardware-recorded CS=0x1b (CPL=3) -- requested 64 bytes, returning heap pointer 0x555570001c10
milestone 33: syscall SBRK (process 3) -- hardware-recorded CS=0x1b (CPL=3) -- requested 64 bytes, returning heap pointer 0x555570001c50
milestone 33: syscall SBRK (process 3) -- hardware-recorded CS=0x1b (CPL=3) -- requested 64 bytes, returning heap pointer 0x555570001c90
milestone 33: syscall SBRK (process 3) -- hardware-recorded CS=0x1b (CPL=3) -- requested 56 bytes, returning heap pointer 0x555570001cd0
milestone 33: syscall SBRK (process 3) -- hardware-recorded CS=0x1b (CPL=3) -- requested 64 bytes, returning heap pointer 0x555570001d08
milestone 33: syscall SBRK (process 3) -- hardware-recorded CS=0x1b (CPL=3) -- requested 56 bytes, returning heap pointer 0x555570001d48
milestone 33: syscall SBRK (process 3) -- hardware-recorded CS=0x1b (CPL=3) -- requested 56 bytes, returning heap pointer 0x555570001d80
milestone 33: syscall SBRK (process 3) -- hardware-recorded CS=0x1b (CPL=3) -- requested 200 bytes, returning heap pointer 0x555570001db8
milestone 33: syscall SBRK (process 3) -- hardware-recorded CS=0x1b (CPL=3) -- requested 136 bytes, returning heap pointer 0x555570001e80
milestone 33: syscall SBRK (process 3) -- hardware-recorded CS=0x1b (CPL=3) -- requested 16 bytes, returning heap pointer 0x555570001f08
milestone 33: syscall SBRK (process 3) -- hardware-recorded CS=0x1b (CPL=3) -- requested 2056 bytes, returning heap pointer 0x555570001f18
milestone 33: syscall SBRK (process 3) -- hardware-recorded CS=0x1b (CPL=3) -- requested 104 bytes, returning heap pointer 0x555570002720
milestone 31: syscall WRITE (process 3) -- hardware-recorded CS=0x1b (CPL=3) -- ptr=0x555550009082 len=53 -- raw bytes >>>
  case52 (%, / and %= combined, in-process) returned=
<<< end of write (53 bytes)
milestone 33: syscall WRITE (process 3) also reads its own private heap at 0x555570000000 -- marker byte 0x00 (' ')
milestone 31: syscall WRITE (process 3) -- hardware-recorded CS=0x1b (CPL=3) -- ptr=0x555560000e17 len=1 -- raw bytes >>>
5
<<< end of write (1 bytes)
milestone 33: syscall WRITE (process 3) also reads its own private heap at 0x555570000000 -- marker byte 0x00 (' ')
milestone 31: syscall WRITE (process 3) -- hardware-recorded CS=0x1b (CPL=3) -- ptr=0x5555500090b7 len=14 -- raw bytes >>>
 (expected 5)

<<< end of write (14 bytes)
milestone 33: syscall WRITE (process 3) also reads its own private heap at 0x555570000000 -- marker byte 0x00 (' ')
milestone 31: syscall WRITE (process 3) -- hardware-recorded CS=0x1b (CPL=3) -- ptr=0x5555500090c5 len=37 -- raw bytes >>>
case52_modulo_and_compound_returns_5=
<<< end of write (37 bytes)
milestone 33: syscall WRITE (process 3) also reads its own private heap at 0x555570000000 -- marker byte 0x00 (' ')
milestone 31: syscall WRITE (process 3) -- hardware-recorded CS=0x1b (CPL=3) -- ptr=0x55555000627c len=4 -- raw bytes >>>
PASS
<<< end of write (4 bytes)
milestone 33: syscall WRITE (process 3) also reads its own private heap at 0x555570000000 -- marker byte 0x00 (' ')
milestone 31: syscall WRITE (process 3) -- hardware-recorded CS=0x1b (CPL=3) -- ptr=0x555550006294 len=1 -- raw bytes >>>
 
<<< end of write (1 bytes)
milestone 33: syscall WRITE (process 3) also reads its own private heap at 0x555570000000 -- marker byte 0x00 (' ')
milestone 31: syscall WRITE (process 3) -- hardware-recorded CS=0x1b (CPL=3) -- ptr=0x5555500063a8 len=1 -- raw bytes >>>


<<< end of write (1 bytes)
milestone 33: syscall WRITE (process 3) also reads its own private heap at 0x555570000000 -- marker byte 0x00 (' ')
milestone 87: syscall SBRK_RESET (process 3) -- hardware-recorded CS=0x1b (CPL=3) -- heap break rewound to 0x555570000000
milestone 33: syscall SBRK (process 3) -- hardware-recorded CS=0x1b (CPL=3) -- requested 6152 bytes, returning heap pointer 0x555570000000
milestone 33: syscall SBRK (process 3) -- hardware-recorded CS=0x1b (CPL=3) -- requested 56 bytes, returning heap pointer 0x555570001808
milestone 33: syscall SBRK (process 3) -- hardware-recorded CS=0x1b (CPL=3) -- requested 64 bytes, returning heap pointer 0x555570001840
milestone 33: syscall SBRK (process 3) -- hardware-recorded CS=0x1b (CPL=3) -- requested 64 bytes, returning heap pointer 0x555570001880
milestone 33: syscall SBRK (process 3) -- hardware-recorded CS=0x1b (CPL=3) -- requested 64 bytes, returning heap pointer 0x5555700018c0
milestone 33: syscall SBRK (process 3) -- hardware-recorded CS=0x1b (CPL=3) -- requested 64 bytes, returning heap pointer 0x555570001900
milestone 33: syscall SBRK (process 3) -- hardware-recorded CS=0x1b (CPL=3) -- requested 64 bytes, returning heap pointer 0x555570001940
milestone 33: syscall SBRK (process 3) -- hardware-recorded CS=0x1b (CPL=3) -- requested 56 bytes, returning heap pointer 0x555570001980
milestone 33: syscall SBRK (process 3) -- hardware-recorded CS=0x1b (CPL=3) -- requested 64 bytes, returning heap pointer 0x5555700019b8
milestone 33: syscall SBRK (process 3) -- hardware-recorded CS=0x1b (CPL=3) -- requested 56 bytes, returning heap pointer 0x5555700019f8
milestone 33: syscall SBRK (process 3) -- hardware-recorded CS=0x1b (CPL=3) -- requested 56 bytes, returning heap pointer 0x555570001a30
milestone 33: syscall SBRK (process 3) -- hardware-recorded CS=0x1b (CPL=3) -- requested 200 bytes, returning heap pointer 0x555570001a68
milestone 33: syscall SBRK (process 3) -- hardware-recorded CS=0x1b (CPL=3) -- requested 136 bytes, returning heap pointer 0x555570001b30
milestone 33: syscall SBRK (process 3) -- hardware-recorded CS=0x1b (CPL=3) -- requested 16 bytes, returning heap pointer 0x555570001bb8
milestone 33: syscall SBRK (process 3) -- hardware-recorded CS=0x1b (CPL=3) -- requested 2056 bytes, returning heap pointer 0x555570001bc8
milestone 33: syscall SBRK (process 3) -- hardware-recorded CS=0x1b (CPL=3) -- requested 104 bytes, returning heap pointer 0x5555700023d0
milestone 33: syscall SBRK (process 3) -- hardware-recorded CS=0x1b (CPL=3) -- requested 208 bytes, returning heap pointer 0x555570002438
milestone 82: syscall OPEN_TRUNC (process 3) -- hardware-recorded CS=0x1b (CPL=3) -- path='ccout1' -> fd 0 (truncated)
milestone 35: syscall FDWRITE (process 3) -- hardware-recorded CS=0x1b (CPL=3) -- fd=0 requested=193 accepted=193 bytes
milestone 35: syscall CLOSE (process 3) -- fd 0 was dirty, persisted 193 bytes to 'ccout1' on the real on-disk filesystem
milestone 35: syscall CLOSE (process 3) -- hardware-recorded CS=0x1b (CPL=3) -- fd=0 closed successfully
milestone 30: process forked-child -- user p4 index computed as 170 (code 0x555550000000, stack 0x555560000000)
milestone 30: process forked-child -- new pml4 0x239000 populated: 511 kernel-space entries shared, index 170 left private
milestone 30: process forked-child -- private code page mapped to frame 0x236000, private stack page mapped to frame 0x235000
milestone 100: process forked-child -- 7 extra stack page(s) mapped below USER_STACK_ADDR (32 KiB total stack)
milestone 57: process forked-child -- private heap RESERVED (not mapped): 64 pages at 0x555570000000..0x55557003ffff, 0 physical frames committed until a real page fault demand-pages one
milestone 34: process forked-child -- copied 4096 image bytes into private code frame 0x236000
milestone 37: fork() -- child's code frame 0x236000 holds a REAL byte-for-byte copy of the parent's code frame 0x204000 (independently verifiable: same virtual address USER_CODE_ADDR under either process's own CR3, genuinely different physical frames)
milestone 69: fork() -- child also got 15 extra code page(s) REALLY remapped+copied (real fix -- see extra_frames' own doc comment on Process for the bug this closes; a multi-page ELF-loaded parent's pages beyond page 0 used to be silently dropped by fork())
milestone 37: syscall FORK (process 3, 'elf-loaded') -- created child pid 14: pml4=0x239000 code_frame=0x236000 resume point rip=0x55555000467e rsp=0x555560000e38
milestone 37: syscall FORK (process 3) -- hardware-recorded CS=0x1b (CPL=3) -- created child pid 14
milestone 37: wait() -- switching CR3 to forked child pid 14's own pml4 0x239000, resuming at rip=0x55555000467e rsp=0x555560000e38 (its own fork()-time snapshot, rax forced to 0)
milestone 36: process exec'd -- ELF validated: e_entry=0x555550000078 falls inside a mapped segment, 1 PT_LOAD segment(s), 1 total page(s), all within private p4 index 170
milestone 36: process exec'd -- new pml4 0x25b000 populated: 511 kernel-space entries shared, index 170 left private
milestone 36: process exec'd -- mapped 1 PT_LOAD page(s): [(93824902758400, 2424832, 193, 5)]
milestone 36: process exec'd -- private stack page mapped to frame 0x261000
milestone 100: process exec'd -- 7 extra stack page(s) mapped below USER_STACK_ADDR (32 KiB total stack)
milestone 57: process exec'd -- private heap RESERVED (not mapped): 64 pages at 0x555570000000..0x55557003ffff, 0 physical frames committed until a real page fault demand-pages one
milestone 54: reclaim_process_frames('forked-child') -- freed 38 physical frame(s) back to the allocator's free list
milestone 45: syscall EXEC (process 14) -- REAL teardown-and-rebuild complete: new pml4=0x25b000, new entry=0x555550000078 (real parsed e_entry), fd table/parent_pid/pgid preserved, CR3 switched
milestone 45: syscall EXEC (process 14) -- hardware-recorded CS=0x1b (CPL=3) -- REAL teardown-and-rebuild from 'ccout1' (193 real ELF bytes read from the on-disk filesystem), new address space, jumping directly into the real parsed entry 0x555550000078, never returning to the old one
milestone 30: syscall EXIT -- hardware-recorded CS=0x1b (CPL=3) -- discarding ring-3 context, resuming kernel context
milestone 37: wait() -- forked child pid 14 resumed in kernel context (its own exit() syscall ran; CR3 is currently the KERNEL's own, restored to the parent's by wait_for_child() next)
milestone 54: reclaim_process_frames('exec'd') -- freed 15 physical frame(s) back to the allocator's free list
milestone 43: syscall WAIT (process 3) -- child pid 14 ran to completion and was reaped (real exit code 12), CR3 restored to parent's own pml4 0x205000
milestone 43: syscall WAIT (process 3) -- hardware-recorded CS=0x1b (CPL=3) -- reaped child pid 14, exited normally with code 12
milestone 31: syscall WRITE (process 3) -- hardware-recorded CS=0x1b (CPL=3) -- ptr=0x555550006a21 len=70 -- raw bytes >>>
  real on-disk ELF written, real fork()+exec()+wait() -- child exited=
<<< end of write (70 bytes)
milestone 33: syscall WRITE (process 3) also reads its own private heap at 0x555570000000 -- marker byte 0x00 (' ')
milestone 31: syscall WRITE (process 3) -- hardware-recorded CS=0x1b (CPL=3) -- ptr=0x555550006280 len=4 -- raw bytes >>>
true
<<< end of write (4 bytes)
milestone 33: syscall WRITE (process 3) also reads its own private heap at 0x555570000000 -- marker byte 0x00 (' ')
milestone 31: syscall WRITE (process 3) -- hardware-recorded CS=0x1b (CPL=3) -- ptr=0x555550006703 len=16 -- raw bytes >>>
 real exit code=
<<< end of write (16 bytes)
milestone 33: syscall WRITE (process 3) also reads its own private heap at 0x555570000000 -- marker byte 0x00 (' ')
milestone 31: syscall WRITE (process 3) -- hardware-recorded CS=0x1b (CPL=3) -- ptr=0x555560000e17 len=1 -- raw bytes >>>
1
<<< end of write (1 bytes)
milestone 33: syscall WRITE (process 3) also reads its own private heap at 0x555570000000 -- marker byte 0x00 (' ')
milestone 31: syscall WRITE (process 3) -- hardware-recorded CS=0x1b (CPL=3) -- ptr=0x555560000e17 len=1 -- raw bytes >>>
2
<<< end of write (1 bytes)
milestone 33: syscall WRITE (process 3) also reads its own private heap at 0x555570000000 -- marker byte 0x00 (' ')
milestone 31: syscall WRITE (process 3) -- hardware-recorded CS=0x1b (CPL=3) -- ptr=0x555550006a6c len=28 -- raw bytes >>>
 (expected exited=true code=
<<< end of write (28 bytes)
milestone 33: syscall WRITE (process 3) also reads its own private heap at 0x555570000000 -- marker byte 0x00 (' ')
milestone 31: syscall WRITE (process 3) -- hardware-recorded CS=0x1b (CPL=3) -- ptr=0x555560000e17 len=1 -- raw bytes >>>
1
<<< end of write (1 bytes)
milestone 33: syscall WRITE (process 3) also reads its own private heap at 0x555570000000 -- marker byte 0x00 (' ')
milestone 31: syscall WRITE (process 3) -- hardware-recorded CS=0x1b (CPL=3) -- ptr=0x555560000e17 len=1 -- raw bytes >>>
2
<<< end of write (1 bytes)
milestone 33: syscall WRITE (process 3) also reads its own private heap at 0x555570000000 -- marker byte 0x00 (' ')
milestone 31: syscall WRITE (process 3) -- hardware-recorded CS=0x1b (CPL=3) -- ptr=0x555550006a88 len=2 -- raw bytes >>>
)

<<< end of write (2 bytes)
milestone 33: syscall WRITE (process 3) also reads its own private heap at 0x555570000000 -- marker byte 0x00 (' ')
milestone 31: syscall WRITE (process 3) -- hardware-recorded CS=0x1b (CPL=3) -- ptr=0x555550009145 len=50 -- raw bytes >>>
case53_real_elf_exec_modulo_precedence_returns_12=
<<< end of write (50 bytes)
milestone 33: syscall WRITE (process 3) also reads its own private heap at 0x555570000000 -- marker byte 0x00 (' ')
milestone 31: syscall WRITE (process 3) -- hardware-recorded CS=0x1b (CPL=3) -- ptr=0x55555000627c len=4 -- raw bytes >>>
PASS
<<< end of write (4 bytes)
milestone 33: syscall WRITE (process 3) also reads its own private heap at 0x555570000000 -- marker byte 0x00 (' ')
milestone 31: syscall WRITE (process 3) -- hardware-recorded CS=0x1b (CPL=3) -- ptr=0x555550006294 len=1 -- raw bytes >>>
 
<<< end of write (1 bytes)
milestone 33: syscall WRITE (process 3) also reads its own private heap at 0x555570000000 -- marker byte 0x00 (' ')
milestone 31: syscall WRITE (process 3) -- hardware-recorded CS=0x1b (CPL=3) -- ptr=0x5555500063a8 len=1 -- raw bytes >>>


<<< end of write (1 bytes)
milestone 33: syscall WRITE (process 3) also reads its own private heap at 0x555570000000 -- marker byte 0x00 (' ')
milestone 31: syscall WRITE (process 3) -- hardware-recorded CS=0x1b (CPL=3) -- ptr=0x555550009177 len=12 -- raw bytes >>>
OVERALL_M89=
<<< end of write (12 bytes)
milestone 33: syscall WRITE (process 3) also reads its own private heap at 0x555570000000 -- marker byte 0x00 (' ')
milestone 31: syscall WRITE (process 3) -- hardware-recorded CS=0x1b (CPL=3) -- ptr=0x55555000627c len=4 -- raw bytes >>>
PASS
<<< end of write (4 bytes)
milestone 33: syscall WRITE (process 3) also reads its own private heap at 0x555570000000 -- marker byte 0x00 (' ')
milestone 31: syscall WRITE (process 3) -- hardware-recorded CS=0x1b (CPL=3) -- ptr=0x5555500063a8 len=1 -- raw bytes >>>


<<< end of write (1 bytes)
milestone 33: syscall WRITE (process 3) also reads its own private heap at 0x555570000000 -- marker byte 0x00 (' ')
milestone 87: syscall SBRK_RESET (process 3) -- hardware-recorded CS=0x1b (CPL=3) -- heap break rewound to 0x555570000000
milestone 33: syscall SBRK (process 3) -- hardware-recorded CS=0x1b (CPL=3) -- requested 6152 bytes, returning heap pointer 0x555570000000
milestone 33: syscall SBRK (process 3) -- hardware-recorded CS=0x1b (CPL=3) -- requested 56 bytes, returning heap pointer 0x555570001808
milestone 33: syscall SBRK (process 3) -- hardware-recorded CS=0x1b (CPL=3) -- requested 64 bytes, returning heap pointer 0x555570001840
milestone 33: syscall SBRK (process 3) -- hardware-recorded CS=0x1b (CPL=3) -- requested 56 bytes, returning heap pointer 0x555570001880
milestone 33: syscall SBRK (process 3) -- hardware-recorded CS=0x1b (CPL=3) -- requested 56 bytes, returning heap pointer 0x5555700018b8
milestone 33: syscall SBRK (process 3) -- hardware-recorded CS=0x1b (CPL=3) -- requested 64 bytes, returning heap pointer 0x5555700018f0
milestone 33: syscall SBRK (process 3) -- hardware-recorded CS=0x1b (CPL=3) -- requested 56 bytes, returning heap pointer 0x555570001930
milestone 33: syscall SBRK (process 3) -- hardware-recorded CS=0x1b (CPL=3) -- requested 56 bytes, returning heap pointer 0x555570001968
milestone 33: syscall SBRK (process 3) -- hardware-recorded CS=0x1b (CPL=3) -- requested 64 bytes, returning heap pointer 0x5555700019a0
milestone 33: syscall SBRK (process 3) -- hardware-recorded CS=0x1b (CPL=3) -- requested 64 bytes, returning heap pointer 0x5555700019e0
milestone 33: syscall SBRK (process 3) -- hardware-recorded CS=0x1b (CPL=3) -- requested 64 bytes, returning heap pointer 0x555570001a20
milestone 33: syscall SBRK (process 3) -- hardware-recorded CS=0x1b (CPL=3) -- requested 64 bytes, returning heap pointer 0x555570001a60
milestone 33: syscall SBRK (process 3) -- hardware-recorded CS=0x1b (CPL=3) -- requested 64 bytes, returning heap pointer 0x555570001aa0
milestone 33: syscall SBRK (process 3) -- hardware-recorded CS=0x1b (CPL=3) -- requested 64 bytes, returning heap pointer 0x555570001ae0
milestone 33: syscall SBRK (process 3) -- hardware-recorded CS=0x1b (CPL=3) -- requested 56 bytes, returning heap pointer 0x555570001b20
milestone 33: syscall SBRK (process 3) -- hardware-recorded CS=0x1b (CPL=3) -- requested 56 bytes, returning heap pointer 0x555570001b58
milestone 33: syscall SBRK (process 3) -- hardware-recorded CS=0x1b (CPL=3) -- requested 64 bytes, returning heap pointer 0x555570001b90
milestone 33: syscall SBRK (process 3) -- hardware-recorded CS=0x1b (CPL=3) -- requested 64 bytes, returning heap pointer 0x555570001bd0
milestone 33: syscall SBRK (process 3) -- hardware-recorded CS=0x1b (CPL=3) -- requested 64 bytes, returning heap pointer 0x555570001c10
milestone 33: syscall SBRK (process 3) -- hardware-recorded CS=0x1b (CPL=3) -- requested 64 bytes, returning heap pointer 0x555570001c50
milestone 33: syscall SBRK (process 3) -- hardware-recorded CS=0x1b (CPL=3) -- requested 64 bytes, returning heap pointer 0x555570001c90
milestone 33: syscall SBRK (process 3) -- hardware-recorded CS=0x1b (CPL=3) -- requested 64 bytes, returning heap pointer 0x555570001cd0
milestone 33: syscall SBRK (process 3) -- hardware-recorded CS=0x1b (CPL=3) -- requested 56 bytes, returning heap pointer 0x555570001d10
milestone 33: syscall SBRK (process 3) -- hardware-recorded CS=0x1b (CPL=3) -- requested 64 bytes, returning heap pointer 0x555570001d48
milestone 33: syscall SBRK (process 3) -- hardware-recorded CS=0x1b (CPL=3) -- requested 64 bytes, returning heap pointer 0x555570001d88
milestone 33: syscall SBRK (process 3) -- hardware-recorded CS=0x1b (CPL=3) -- requested 64 bytes, returning heap pointer 0x555570001dc8
milestone 33: syscall SBRK (process 3) -- hardware-recorded CS=0x1b (CPL=3) -- requested 64 bytes, returning heap pointer 0x555570001e08
milestone 33: syscall SBRK (process 3) -- hardware-recorded CS=0x1b (CPL=3) -- requested 64 bytes, returning heap pointer 0x555570001e48
milestone 33: syscall SBRK (process 3) -- hardware-recorded CS=0x1b (CPL=3) -- requested 56 bytes, returning heap pointer 0x555570001e88
milestone 33: syscall SBRK (process 3) -- hardware-recorded CS=0x1b (CPL=3) -- requested 56 bytes, returning heap pointer 0x555570001ec0
milestone 33: syscall SBRK (process 3) -- hardware-recorded CS=0x1b (CPL=3) -- requested 200 bytes, returning heap pointer 0x555570001ef8
milestone 33: syscall SBRK (process 3) -- hardware-recorded CS=0x1b (CPL=3) -- requested 136 bytes, returning heap pointer 0x555570001fc0
milestone 33: syscall SBRK (process 3) -- hardware-recorded CS=0x1b (CPL=3) -- requested 16 bytes, returning heap pointer 0x555570002048
milestone 33: syscall SBRK (process 3) -- hardware-recorded CS=0x1b (CPL=3) -- requested 2056 bytes, returning heap pointer 0x555570002058
milestone 33: syscall SBRK (process 3) -- hardware-recorded CS=0x1b (CPL=3) -- requested 104 bytes, returning heap pointer 0x555570002860
milestone 31: syscall WRITE (process 3) -- hardware-recorded CS=0x1b (CPL=3) -- ptr=0x5555500091e8 len=50 -- raw bytes >>>
  case54 (ternary both ways, in-process) returned=
<<< end of write (50 bytes)
milestone 33: syscall WRITE (process 3) also reads its own private heap at 0x555570000000 -- marker byte 0x00 (' ')
milestone 31: syscall WRITE (process 3) -- hardware-recorded CS=0x1b (CPL=3) -- ptr=0x555560000e17 len=1 -- raw bytes >>>
7
<<< end of write (1 bytes)
milestone 33: syscall WRITE (process 3) also reads its own private heap at 0x555570000000 -- marker byte 0x00 (' ')
milestone 31: syscall WRITE (process 3) -- hardware-recorded CS=0x1b (CPL=3) -- ptr=0x555560000e17 len=1 -- raw bytes >>>
3
<<< end of write (1 bytes)
milestone 33: syscall WRITE (process 3) also reads its own private heap at 0x555570000000 -- marker byte 0x00 (' ')
milestone 31: syscall WRITE (process 3) -- hardware-recorded CS=0x1b (CPL=3) -- ptr=0x55555000921a len=15 -- raw bytes >>>
 (expected 73)

<<< end of write (15 bytes)
milestone 33: syscall WRITE (process 3) also reads its own private heap at 0x555570000000 -- marker byte 0x00 (' ')
milestone 31: syscall WRITE (process 3) -- hardware-recorded CS=0x1b (CPL=3) -- ptr=0x555550009229 len=36 -- raw bytes >>>
case54_ternary_both_ways_returns_73=
<<< end of write (36 bytes)
milestone 33: syscall WRITE (process 3) also reads its own private heap at 0x555570000000 -- marker byte 0x00 (' ')
milestone 31: syscall WRITE (process 3) -- hardware-recorded CS=0x1b (CPL=3) -- ptr=0x55555000627c len=4 -- raw bytes >>>
PASS
<<< end of write (4 bytes)
milestone 33: syscall WRITE (process 3) also reads its own private heap at 0x555570000000 -- marker byte 0x00 (' ')
milestone 31: syscall WRITE (process 3) -- hardware-recorded CS=0x1b (CPL=3) -- ptr=0x555550006294 len=1 -- raw bytes >>>
 
<<< end of write (1 bytes)
milestone 33: syscall WRITE (process 3) also reads its own private heap at 0x555570000000 -- marker byte 0x00 (' ')
milestone 31: syscall WRITE (process 3) -- hardware-recorded CS=0x1b (CPL=3) -- ptr=0x5555500063a8 len=1 -- raw bytes >>>


<<< end of write (1 bytes)
milestone 33: syscall WRITE (process 3) also reads its own private heap at 0x555570000000 -- marker byte 0x00 (' ')
milestone 87: syscall SBRK_RESET (process 3) -- hardware-recorded CS=0x1b (CPL=3) -- heap break rewound to 0x555570000000
milestone 33: syscall SBRK (process 3) -- hardware-recorded CS=0x1b (CPL=3) -- requested 6152 bytes, returning heap pointer 0x555570000000
milestone 33: syscall SBRK (process 3) -- hardware-recorded CS=0x1b (CPL=3) -- requested 56 bytes, returning heap pointer 0x555570001808
milestone 33: syscall SBRK (process 3) -- hardware-recorded CS=0x1b (CPL=3) -- requested 64 bytes, returning heap pointer 0x555570001840
milestone 33: syscall SBRK (process 3) -- hardware-recorded CS=0x1b (CPL=3) -- requested 56 bytes, returning heap pointer 0x555570001880
milestone 33: syscall SBRK (process 3) -- hardware-recorded CS=0x1b (CPL=3) -- requested 56 bytes, returning heap pointer 0x5555700018b8
milestone 33: syscall SBRK (process 3) -- hardware-recorded CS=0x1b (CPL=3) -- requested 64 bytes, returning heap pointer 0x5555700018f0
milestone 33: syscall SBRK (process 3) -- hardware-recorded CS=0x1b (CPL=3) -- requested 64 bytes, returning heap pointer 0x555570001930
milestone 33: syscall SBRK (process 3) -- hardware-recorded CS=0x1b (CPL=3) -- requested 64 bytes, returning heap pointer 0x555570001970
milestone 33: syscall SBRK (process 3) -- hardware-recorded CS=0x1b (CPL=3) -- requested 64 bytes, returning heap pointer 0x5555700019b0
milestone 33: syscall SBRK (process 3) -- hardware-recorded CS=0x1b (CPL=3) -- requested 64 bytes, returning heap pointer 0x5555700019f0
milestone 33: syscall SBRK (process 3) -- hardware-recorded CS=0x1b (CPL=3) -- requested 64 bytes, returning heap pointer 0x555570001a30
milestone 33: syscall SBRK (process 3) -- hardware-recorded CS=0x1b (CPL=3) -- requested 64 bytes, returning heap pointer 0x555570001a70
milestone 33: syscall SBRK (process 3) -- hardware-recorded CS=0x1b (CPL=3) -- requested 64 bytes, returning heap pointer 0x555570001ab0
milestone 33: syscall SBRK (process 3) -- hardware-recorded CS=0x1b (CPL=3) -- requested 64 bytes, returning heap pointer 0x555570001af0
milestone 33: syscall SBRK (process 3) -- hardware-recorded CS=0x1b (CPL=3) -- requested 64 bytes, returning heap pointer 0x555570001b30
milestone 33: syscall SBRK (process 3) -- hardware-recorded CS=0x1b (CPL=3) -- requested 64 bytes, returning heap pointer 0x555570001b70
milestone 33: syscall SBRK (process 3) -- hardware-recorded CS=0x1b (CPL=3) -- requested 64 bytes, returning heap pointer 0x555570001bb0
milestone 33: syscall SBRK (process 3) -- hardware-recorded CS=0x1b (CPL=3) -- requested 64 bytes, returning heap pointer 0x555570001bf0
milestone 33: syscall SBRK (process 3) -- hardware-recorded CS=0x1b (CPL=3) -- requested 64 bytes, returning heap pointer 0x555570001c30
milestone 33: syscall SBRK (process 3) -- hardware-recorded CS=0x1b (CPL=3) -- requested 64 bytes, returning heap pointer 0x555570001c70
milestone 33: syscall SBRK (process 3) -- hardware-recorded CS=0x1b (CPL=3) -- requested 64 bytes, returning heap pointer 0x555570001cb0
milestone 33: syscall SBRK (process 3) -- hardware-recorded CS=0x1b (CPL=3) -- requested 64 bytes, returning heap pointer 0x555570001cf0
milestone 33: syscall SBRK (process 3) -- hardware-recorded CS=0x1b (CPL=3) -- requested 64 bytes, returning heap pointer 0x555570001d30
milestone 33: syscall SBRK (process 3) -- hardware-recorded CS=0x1b (CPL=3) -- requested 64 bytes, returning heap pointer 0x555570001d70
milestone 33: syscall SBRK (process 3) -- hardware-recorded CS=0x1b (CPL=3) -- requested 56 bytes, returning heap pointer 0x555570001db0
milestone 33: syscall SBRK (process 3) -- hardware-recorded CS=0x1b (CPL=3) -- requested 64 bytes, returning heap pointer 0x555570001de8
milestone 33: syscall SBRK (process 3) -- hardware-recorded CS=0x1b (CPL=3) -- requested 56 bytes, returning heap pointer 0x555570001e28
milestone 33: syscall SBRK (process 3) -- hardware-recorded CS=0x1b (CPL=3) -- requested 56 bytes, returning heap pointer 0x555570001e60
milestone 33: syscall SBRK (process 3) -- hardware-recorded CS=0x1b (CPL=3) -- requested 200 bytes, returning heap pointer 0x555570001e98
milestone 33: syscall SBRK (process 3) -- hardware-recorded CS=0x1b (CPL=3) -- requested 136 bytes, returning heap pointer 0x555570001f60
milestone 33: syscall SBRK (process 3) -- hardware-recorded CS=0x1b (CPL=3) -- requested 16 bytes, returning heap pointer 0x555570001fe8
milestone 33: syscall SBRK (process 3) -- hardware-recorded CS=0x1b (CPL=3) -- requested 2056 bytes, returning heap pointer 0x555570001ff8
milestone 33: syscall SBRK (process 3) -- hardware-recorded CS=0x1b (CPL=3) -- requested 104 bytes, returning heap pointer 0x555570002800
milestone 33: syscall SBRK (process 3) -- hardware-recorded CS=0x1b (CPL=3) -- requested 320 bytes, returning heap pointer 0x555570002868
milestone 82: syscall OPEN_TRUNC (process 3) -- hardware-recorded CS=0x1b (CPL=3) -- path='ccout1' -> fd 0 (truncated)
milestone 35: syscall FDWRITE (process 3) -- hardware-recorded CS=0x1b (CPL=3) -- fd=0 requested=309 accepted=309 bytes
milestone 35: syscall CLOSE (process 3) -- fd 0 was dirty, persisted 309 bytes to 'ccout1' on the real on-disk filesystem
milestone 35: syscall CLOSE (process 3) -- hardware-recorded CS=0x1b (CPL=3) -- fd=0 closed successfully
milestone 30: process forked-child -- user p4 index computed as 170 (code 0x555550000000, stack 0x555560000000)
milestone 30: process forked-child -- new pml4 0x259000 populated: 511 kernel-space entries shared, index 170 left private
milestone 30: process forked-child -- private code page mapped to frame 0x262000, private stack page mapped to frame 0x263000
milestone 100: process forked-child -- 7 extra stack page(s) mapped below USER_STACK_ADDR (32 KiB total stack)
milestone 57: process forked-child -- private heap RESERVED (not mapped): 64 pages at 0x555570000000..0x55557003ffff, 0 physical frames committed until a real page fault demand-pages one
milestone 34: process forked-child -- copied 4096 image bytes into private code frame 0x262000
milestone 37: fork() -- child's code frame 0x262000 holds a REAL byte-for-byte copy of the parent's code frame 0x204000 (independently verifiable: same virtual address USER_CODE_ADDR under either process's own CR3, genuinely different physical frames)
milestone 69: fork() -- child also got 15 extra code page(s) REALLY remapped+copied (real fix -- see extra_frames' own doc comment on Process for the bug this closes; a multi-page ELF-loaded parent's pages beyond page 0 used to be silently dropped by fork())
milestone 37: syscall FORK (process 3, 'elf-loaded') -- created child pid 14: pml4=0x259000 code_frame=0x262000 resume point rip=0x555550004973 rsp=0x555560000e38
milestone 37: syscall FORK (process 3) -- hardware-recorded CS=0x1b (CPL=3) -- created child pid 14
milestone 37: wait() -- switching CR3 to forked child pid 14's own pml4 0x259000, resuming at rip=0x555550004973 rsp=0x555560000e38 (its own fork()-time snapshot, rax forced to 0)
milestone 36: process exec'd -- ELF validated: e_entry=0x555550000078 falls inside a mapped segment, 1 PT_LOAD segment(s), 1 total page(s), all within private p4 index 170
milestone 36: process exec'd -- new pml4 0x230000 populated: 511 kernel-space entries shared, index 170 left private
milestone 36: process exec'd -- mapped 1 PT_LOAD page(s): [(93824902758400, 2334720, 309, 5)]
milestone 36: process exec'd -- private stack page mapped to frame 0x22e000
milestone 100: process exec'd -- 7 extra stack page(s) mapped below USER_STACK_ADDR (32 KiB total stack)
milestone 57: process exec'd -- private heap RESERVED (not mapped): 64 pages at 0x555570000000..0x55557003ffff, 0 physical frames committed until a real page fault demand-pages one
milestone 54: reclaim_process_frames('forked-child') -- freed 38 physical frame(s) back to the allocator's free list
milestone 45: syscall EXEC (process 14) -- REAL teardown-and-rebuild complete: new pml4=0x230000, new entry=0x555550000078 (real parsed e_entry), fd table/parent_pid/pgid preserved, CR3 switched
milestone 45: syscall EXEC (process 14) -- hardware-recorded CS=0x1b (CPL=3) -- REAL teardown-and-rebuild from 'ccout1' (309 real ELF bytes read from the on-disk filesystem), new address space, jumping directly into the real parsed entry 0x555550000078, never returning to the old one
milestone 30: syscall EXIT -- hardware-recorded CS=0x1b (CPL=3) -- discarding ring-3 context, resuming kernel context
milestone 37: wait() -- forked child pid 14 resumed in kernel context (its own exit() syscall ran; CR3 is currently the KERNEL's own, restored to the parent's by wait_for_child() next)
milestone 54: reclaim_process_frames('exec'd') -- freed 15 physical frame(s) back to the allocator's free list
milestone 43: syscall WAIT (process 3) -- child pid 14 ran to completion and was reaped (real exit code 12), CR3 restored to parent's own pml4 0x205000
milestone 43: syscall WAIT (process 3) -- hardware-recorded CS=0x1b (CPL=3) -- reaped child pid 14, exited normally with code 12
milestone 31: syscall WRITE (process 3) -- hardware-recorded CS=0x1b (CPL=3) -- ptr=0x555550006a21 len=70 -- raw bytes >>>
  real on-disk ELF written, real fork()+exec()+wait() -- child exited=
<<< end of write (70 bytes)
milestone 33: syscall WRITE (process 3) also reads its own private heap at 0x555570000000 -- marker byte 0x00 (' ')
milestone 31: syscall WRITE (process 3) -- hardware-recorded CS=0x1b (CPL=3) -- ptr=0x555550006280 len=4 -- raw bytes >>>
true
<<< end of write (4 bytes)
milestone 33: syscall WRITE (process 3) also reads its own private heap at 0x555570000000 -- marker byte 0x00 (' ')
milestone 31: syscall WRITE (process 3) -- hardware-recorded CS=0x1b (CPL=3) -- ptr=0x555550006703 len=16 -- raw bytes >>>
 real exit code=
<<< end of write (16 bytes)
milestone 33: syscall WRITE (process 3) also reads its own private heap at 0x555570000000 -- marker byte 0x00 (' ')
milestone 31: syscall WRITE (process 3) -- hardware-recorded CS=0x1b (CPL=3) -- ptr=0x555560000e17 len=1 -- raw bytes >>>
1
<<< end of write (1 bytes)
milestone 33: syscall WRITE (process 3) also reads its own private heap at 0x555570000000 -- marker byte 0x00 (' ')
milestone 31: syscall WRITE (process 3) -- hardware-recorded CS=0x1b (CPL=3) -- ptr=0x555560000e17 len=1 -- raw bytes >>>
2
<<< end of write (1 bytes)
milestone 33: syscall WRITE (process 3) also reads its own private heap at 0x555570000000 -- marker byte 0x00 (' ')
milestone 31: syscall WRITE (process 3) -- hardware-recorded CS=0x1b (CPL=3) -- ptr=0x555550006a6c len=28 -- raw bytes >>>
 (expected exited=true code=
<<< end of write (28 bytes)
milestone 33: syscall WRITE (process 3) also reads its own private heap at 0x555570000000 -- marker byte 0x00 (' ')
milestone 31: syscall WRITE (process 3) -- hardware-recorded CS=0x1b (CPL=3) -- ptr=0x555560000e17 len=1 -- raw bytes >>>
1
<<< end of write (1 bytes)
milestone 33: syscall WRITE (process 3) also reads its own private heap at 0x555570000000 -- marker byte 0x00 (' ')
milestone 31: syscall WRITE (process 3) -- hardware-recorded CS=0x1b (CPL=3) -- ptr=0x555560000e17 len=1 -- raw bytes >>>
2
<<< end of write (1 bytes)
milestone 33: syscall WRITE (process 3) also reads its own private heap at 0x555570000000 -- marker byte 0x00 (' ')
milestone 31: syscall WRITE (process 3) -- hardware-recorded CS=0x1b (CPL=3) -- ptr=0x555550006a88 len=2 -- raw bytes >>>
)

<<< end of write (2 bytes)
milestone 33: syscall WRITE (process 3) also reads its own private heap at 0x555570000000 -- marker byte 0x00 (' ')
milestone 31: syscall WRITE (process 3) -- hardware-recorded CS=0x1b (CPL=3) -- ptr=0x5555500092d9 len=54 -- raw bytes >>>
case55_real_elf_exec_ternary_subexpression_returns_12=
<<< end of write (54 bytes)
milestone 33: syscall WRITE (process 3) also reads its own private heap at 0x555570000000 -- marker byte 0x00 (' ')
milestone 31: syscall WRITE (process 3) -- hardware-recorded CS=0x1b (CPL=3) -- ptr=0x55555000627c len=4 -- raw bytes >>>
PASS
<<< end of write (4 bytes)
milestone 33: syscall WRITE (process 3) also reads its own private heap at 0x555570000000 -- marker byte 0x00 (' ')
milestone 31: syscall WRITE (process 3) -- hardware-recorded CS=0x1b (CPL=3) -- ptr=0x555550006294 len=1 -- raw bytes >>>
 
<<< end of write (1 bytes)
milestone 33: syscall WRITE (process 3) also reads its own private heap at 0x555570000000 -- marker byte 0x00 (' ')
milestone 31: syscall WRITE (process 3) -- hardware-recorded CS=0x1b (CPL=3) -- ptr=0x5555500063a8 len=1 -- raw bytes >>>


<<< end of write (1 bytes)
milestone 33: syscall WRITE (process 3) also reads its own private heap at 0x555570000000 -- marker byte 0x00 (' ')
milestone 31: syscall WRITE (process 3) -- hardware-recorded CS=0x1b (CPL=3) -- ptr=0x55555000930f len=12 -- raw bytes >>>
OVERALL_M90=
<<< end of write (12 bytes)
milestone 33: syscall WRITE (process 3) also reads its own private heap at 0x555570000000 -- marker byte 0x00 (' ')
milestone 31: syscall WRITE (process 3) -- hardware-recorded CS=0x1b (CPL=3) -- ptr=0x55555000627c len=4 -- raw bytes >>>
PASS
<<< end of write (4 bytes)
milestone 33: syscall WRITE (process 3) also reads its own private heap at 0x555570000000 -- marker byte 0x00 (' ')
milestone 31: syscall WRITE (process 3) -- hardware-recorded CS=0x1b (CPL=3) -- ptr=0x5555500063a8 len=1 -- raw bytes >>>


<<< end of write (1 bytes)
milestone 33: syscall WRITE (process 3) also reads its own private heap at 0x555570000000 -- marker byte 0x00 (' ')
milestone 87: syscall SBRK_RESET (process 3) -- hardware-recorded CS=0x1b (CPL=3) -- heap break rewound to 0x555570000000
milestone 33: syscall SBRK (process 3) -- hardware-recorded CS=0x1b (CPL=3) -- requested 6152 bytes, returning heap pointer 0x555570000000
milestone 33: syscall SBRK (process 3) -- hardware-recorded CS=0x1b (CPL=3) -- requested 56 bytes, returning heap pointer 0x555570001808
milestone 33: syscall SBRK (process 3) -- hardware-recorded CS=0x1b (CPL=3) -- requested 64 bytes, returning heap pointer 0x555570001840
milestone 33: syscall SBRK (process 3) -- hardware-recorded CS=0x1b (CPL=3) -- requested 56 bytes, returning heap pointer 0x555570001880
milestone 33: syscall SBRK (process 3) -- hardware-recorded CS=0x1b (CPL=3) -- requested 56 bytes, returning heap pointer 0x5555700018b8
milestone 33: syscall SBRK (process 3) -- hardware-recorded CS=0x1b (CPL=3) -- requested 64 bytes, returning heap pointer 0x5555700018f0
milestone 33: syscall SBRK (process 3) -- hardware-recorded CS=0x1b (CPL=3) -- requested 56 bytes, returning heap pointer 0x555570001930
milestone 33: syscall SBRK (process 3) -- hardware-recorded CS=0x1b (CPL=3) -- requested 64 bytes, returning heap pointer 0x555570001968
milestone 33: syscall SBRK (process 3) -- hardware-recorded CS=0x1b (CPL=3) -- requested 64 bytes, returning heap pointer 0x5555700019a8
milestone 33: syscall SBRK (process 3) -- hardware-recorded CS=0x1b (CPL=3) -- requested 64 bytes, returning heap pointer 0x5555700019e8
milestone 33: syscall SBRK (process 3) -- hardware-recorded CS=0x1b (CPL=3) -- requested 56 bytes, returning heap pointer 0x555570001a28
milestone 33: syscall SBRK (process 3) -- hardware-recorded CS=0x1b (CPL=3) -- requested 56 bytes, returning heap pointer 0x555570001a60
milestone 33: syscall SBRK (process 3) -- hardware-recorded CS=0x1b (CPL=3) -- requested 56 bytes, returning heap pointer 0x555570001a98
milestone 33: syscall SBRK (process 3) -- hardware-recorded CS=0x1b (CPL=3) -- requested 64 bytes, returning heap pointer 0x555570001ad0
milestone 33: syscall SBRK (process 3) -- hardware-recorded CS=0x1b (CPL=3) -- requested 64 bytes, returning heap pointer 0x555570001b10
milestone 33: syscall SBRK (process 3) -- hardware-recorded CS=0x1b (CPL=3) -- requested 56 bytes, returning heap pointer 0x555570001b50
milestone 33: syscall SBRK (process 3) -- hardware-recorded CS=0x1b (CPL=3) -- requested 56 bytes, returning heap pointer 0x555570001b88
milestone 33: syscall SBRK (process 3) -- hardware-recorded CS=0x1b (CPL=3) -- requested 64 bytes, returning heap pointer 0x555570001bc0
milestone 33: syscall SBRK (process 3) -- hardware-recorded CS=0x1b (CPL=3) -- requested 64 bytes, returning heap pointer 0x555570001c00
milestone 33: syscall SBRK (process 3) -- hardware-recorded CS=0x1b (CPL=3) -- requested 64 bytes, returning heap pointer 0x555570001c40
milestone 33: syscall SBRK (process 3) -- hardware-recorded CS=0x1b (CPL=3) -- requested 64 bytes, returning heap pointer 0x555570001c80
milestone 33: syscall SBRK (process 3) -- hardware-recorded CS=0x1b (CPL=3) -- requested 56 bytes, returning heap pointer 0x555570001cc0
milestone 33: syscall SBRK (process 3) -- hardware-recorded CS=0x1b (CPL=3) -- requested 56 bytes, returning heap pointer 0x555570001cf8
milestone 33: syscall SBRK (process 3) -- hardware-recorded CS=0x1b (CPL=3) -- requested 56 bytes, returning heap pointer 0x555570001d30
milestone 33: syscall SBRK (process 3) -- hardware-recorded CS=0x1b (CPL=3) -- requested 64 bytes, returning heap pointer 0x555570001d68
milestone 33: syscall SBRK (process 3) -- hardware-recorded CS=0x1b (CPL=3) -- requested 56 bytes, returning heap pointer 0x555570001da8
milestone 33: syscall SBRK (process 3) -- hardware-recorded CS=0x1b (CPL=3) -- requested 56 bytes, returning heap pointer 0x555570001de0
milestone 33: syscall SBRK (process 3) -- hardware-recorded CS=0x1b (CPL=3) -- requested 64 bytes, returning heap pointer 0x555570001e18
milestone 33: syscall SBRK (process 3) -- hardware-recorded CS=0x1b (CPL=3) -- requested 56 bytes, returning heap pointer 0x555570001e58
milestone 33: syscall SBRK (process 3) -- hardware-recorded CS=0x1b (CPL=3) -- requested 56 bytes, returning heap pointer 0x555570001e90
milestone 33: syscall SBRK (process 3) -- hardware-recorded CS=0x1b (CPL=3) -- requested 200 bytes, returning heap pointer 0x555570001ec8
milestone 33: syscall SBRK (process 3) -- hardware-recorded CS=0x1b (CPL=3) -- requested 136 bytes, returning heap pointer 0x555570001f90
milestone 33: syscall SBRK (process 3) -- hardware-recorded CS=0x1b (CPL=3) -- requested 16 bytes, returning heap pointer 0x555570002018
milestone 33: syscall SBRK (process 3) -- hardware-recorded CS=0x1b (CPL=3) -- requested 2056 bytes, returning heap pointer 0x555570002028
milestone 33: syscall SBRK (process 3) -- hardware-recorded CS=0x1b (CPL=3) -- requested 104 bytes, returning heap pointer 0x555570002830
milestone 31: syscall WRITE (process 3) -- hardware-recorded CS=0x1b (CPL=3) -- ptr=0x5555500093a7 len=67 -- raw bytes >>>
  case56 (switch: match, fall-through, break, in-process) returned=
<<< end of write (67 bytes)
milestone 33: syscall WRITE (process 3) also reads its own private heap at 0x555570000000 -- marker byte 0x00 (' ')
milestone 31: syscall WRITE (process 3) -- hardware-recorded CS=0x1b (CPL=3) -- ptr=0x555560000e17 len=1 -- raw bytes >>>
2
<<< end of write (1 bytes)
milestone 33: syscall WRITE (process 3) also reads its own private heap at 0x555570000000 -- marker byte 0x00 (' ')
milestone 31: syscall WRITE (process 3) -- hardware-recorded CS=0x1b (CPL=3) -- ptr=0x555560000e17 len=1 -- raw bytes >>>
5
<<< end of write (1 bytes)
milestone 33: syscall WRITE (process 3) also reads its own private heap at 0x555570000000 -- marker byte 0x00 (' ')
milestone 31: syscall WRITE (process 3) -- hardware-recorded CS=0x1b (CPL=3) -- ptr=0x5555500093ea len=15 -- raw bytes >>>
 (expected 25)

<<< end of write (15 bytes)
milestone 33: syscall WRITE (process 3) also reads its own private heap at 0x555570000000 -- marker byte 0x00 (' ')
milestone 31: syscall WRITE (process 3) -- hardware-recorded CS=0x1b (CPL=3) -- ptr=0x5555500093f9 len=47 -- raw bytes >>>
case56_switch_fallthrough_and_break_returns_25=
<<< end of write (47 bytes)
milestone 33: syscall WRITE (process 3) also reads its own private heap at 0x555570000000 -- marker byte 0x00 (' ')
milestone 31: syscall WRITE (process 3) -- hardware-recorded CS=0x1b (CPL=3) -- ptr=0x55555000627c len=4 -- raw bytes >>>
PASS
<<< end of write (4 bytes)
milestone 33: syscall WRITE (process 3) also reads its own private heap at 0x555570000000 -- marker byte 0x00 (' ')
milestone 31: syscall WRITE (process 3) -- hardware-recorded CS=0x1b (CPL=3) -- ptr=0x555550006294 len=1 -- raw bytes >>>
 
<<< end of write (1 bytes)
milestone 33: syscall WRITE (process 3) also reads its own private heap at 0x555570000000 -- marker byte 0x00 (' ')
milestone 31: syscall WRITE (process 3) -- hardware-recorded CS=0x1b (CPL=3) -- ptr=0x5555500063a8 len=1 -- raw bytes >>>


<<< end of write (1 bytes)
milestone 33: syscall WRITE (process 3) also reads its own private heap at 0x555570000000 -- marker byte 0x00 (' ')
milestone 87: syscall SBRK_RESET (process 3) -- hardware-recorded CS=0x1b (CPL=3) -- heap break rewound to 0x555570000000
milestone 33: syscall SBRK (process 3) -- hardware-recorded CS=0x1b (CPL=3) -- requested 6152 bytes, returning heap pointer 0x555570000000
milestone 33: syscall SBRK (process 3) -- hardware-recorded CS=0x1b (CPL=3) -- requested 56 bytes, returning heap pointer 0x555570001808
milestone 33: syscall SBRK (process 3) -- hardware-recorded CS=0x1b (CPL=3) -- requested 64 bytes, returning heap pointer 0x555570001840
milestone 33: syscall SBRK (process 3) -- hardware-recorded CS=0x1b (CPL=3) -- requested 56 bytes, returning heap pointer 0x555570001880
milestone 33: syscall SBRK (process 3) -- hardware-recorded CS=0x1b (CPL=3) -- requested 56 bytes, returning heap pointer 0x5555700018b8
milestone 33: syscall SBRK (process 3) -- hardware-recorded CS=0x1b (CPL=3) -- requested 64 bytes, returning heap pointer 0x5555700018f0
milestone 33: syscall SBRK (process 3) -- hardware-recorded CS=0x1b (CPL=3) -- requested 56 bytes, returning heap pointer 0x555570001930
milestone 33: syscall SBRK (process 3) -- hardware-recorded CS=0x1b (CPL=3) -- requested 64 bytes, returning heap pointer 0x555570001968
milestone 33: syscall SBRK (process 3) -- hardware-recorded CS=0x1b (CPL=3) -- requested 56 bytes, returning heap pointer 0x5555700019a8
milestone 33: syscall SBRK (process 3) -- hardware-recorded CS=0x1b (CPL=3) -- requested 64 bytes, returning heap pointer 0x5555700019e0
milestone 33: syscall SBRK (process 3) -- hardware-recorded CS=0x1b (CPL=3) -- requested 64 bytes, returning heap pointer 0x555570001a20
milestone 33: syscall SBRK (process 3) -- hardware-recorded CS=0x1b (CPL=3) -- requested 64 bytes, returning heap pointer 0x555570001a60
milestone 33: syscall SBRK (process 3) -- hardware-recorded CS=0x1b (CPL=3) -- requested 64 bytes, returning heap pointer 0x555570001aa0
milestone 33: syscall SBRK (process 3) -- hardware-recorded CS=0x1b (CPL=3) -- requested 64 bytes, returning heap pointer 0x555570001ae0
milestone 33: syscall SBRK (process 3) -- hardware-recorded CS=0x1b (CPL=3) -- requested 64 bytes, returning heap pointer 0x555570001b20
milestone 33: syscall SBRK (process 3) -- hardware-recorded CS=0x1b (CPL=3) -- requested 56 bytes, returning heap pointer 0x555570001b60
milestone 33: syscall SBRK (process 3) -- hardware-recorded CS=0x1b (CPL=3) -- requested 64 bytes, returning heap pointer 0x555570001b98
milestone 33: syscall SBRK (process 3) -- hardware-recorded CS=0x1b (CPL=3) -- requested 64 bytes, returning heap pointer 0x555570001bd8
milestone 33: syscall SBRK (process 3) -- hardware-recorded CS=0x1b (CPL=3) -- requested 64 bytes, returning heap pointer 0x555570001c18
milestone 33: syscall SBRK (process 3) -- hardware-recorded CS=0x1b (CPL=3) -- requested 64 bytes, returning heap pointer 0x555570001c58
milestone 33: syscall SBRK (process 3) -- hardware-recorded CS=0x1b (CPL=3) -- requested 64 bytes, returning heap pointer 0x555570001c98
milestone 33: syscall SBRK (process 3) -- hardware-recorded CS=0x1b (CPL=3) -- requested 56 bytes, returning heap pointer 0x555570001cd8
milestone 33: syscall SBRK (process 3) -- hardware-recorded CS=0x1b (CPL=3) -- requested 56 bytes, returning heap pointer 0x555570001d10
milestone 33: syscall SBRK (process 3) -- hardware-recorded CS=0x1b (CPL=3) -- requested 56 bytes, returning heap pointer 0x555570001d48
milestone 33: syscall SBRK (process 3) -- hardware-recorded CS=0x1b (CPL=3) -- requested 64 bytes, returning heap pointer 0x555570001d80
milestone 33: syscall SBRK (process 3) -- hardware-recorded CS=0x1b (CPL=3) -- requested 64 bytes, returning heap pointer 0x555570001dc0
milestone 33: syscall SBRK (process 3) -- hardware-recorded CS=0x1b (CPL=3) -- requested 64 bytes, returning heap pointer 0x555570001e00
milestone 33: syscall SBRK (process 3) -- hardware-recorded CS=0x1b (CPL=3) -- requested 64 bytes, returning heap pointer 0x555570001e40
milestone 33: syscall SBRK (process 3) -- hardware-recorded CS=0x1b (CPL=3) -- requested 56 bytes, returning heap pointer 0x555570001e80
milestone 33: syscall SBRK (process 3) -- hardware-recorded CS=0x1b (CPL=3) -- requested 56 bytes, returning heap pointer 0x555570001eb8
milestone 33: syscall SBRK (process 3) -- hardware-recorded CS=0x1b (CPL=3) -- requested 56 bytes, returning heap pointer 0x555570001ef0
milestone 33: syscall SBRK (process 3) -- hardware-recorded CS=0x1b (CPL=3) -- requested 64 bytes, returning heap pointer 0x555570001f28
milestone 33: syscall SBRK (process 3) -- hardware-recorded CS=0x1b (CPL=3) -- requested 64 bytes, returning heap pointer 0x555570001f68
milestone 33: syscall SBRK (process 3) -- hardware-recorded CS=0x1b (CPL=3) -- requested 64 bytes, returning heap pointer 0x555570001fa8
milestone 33: syscall SBRK (process 3) -- hardware-recorded CS=0x1b (CPL=3) -- requested 56 bytes, returning heap pointer 0x555570001fe8
milestone 33: syscall SBRK (process 3) -- hardware-recorded CS=0x1b (CPL=3) -- requested 56 bytes, returning heap pointer 0x555570002020
milestone 33: syscall SBRK (process 3) -- hardware-recorded CS=0x1b (CPL=3) -- requested 56 bytes, returning heap pointer 0x555570002058
milestone 33: syscall SBRK (process 3) -- hardware-recorded CS=0x1b (CPL=3) -- requested 64 bytes, returning heap pointer 0x555570002090
milestone 33: syscall SBRK (process 3) -- hardware-recorded CS=0x1b (CPL=3) -- requested 56 bytes, returning heap pointer 0x5555700020d0
milestone 33: syscall SBRK (process 3) -- hardware-recorded CS=0x1b (CPL=3) -- requested 56 bytes, returning heap pointer 0x555570002108
milestone 33: syscall SBRK (process 3) -- hardware-recorded CS=0x1b (CPL=3) -- requested 200 bytes, returning heap pointer 0x555570002140
milestone 33: syscall SBRK (process 3) -- hardware-recorded CS=0x1b (CPL=3) -- requested 136 bytes, returning heap pointer 0x555570002208
milestone 33: syscall SBRK (process 3) -- hardware-recorded CS=0x1b (CPL=3) -- requested 16 bytes, returning heap pointer 0x555570002290
milestone 33: syscall SBRK (process 3) -- hardware-recorded CS=0x1b (CPL=3) -- requested 2056 bytes, returning heap pointer 0x5555700022a0
milestone 33: syscall SBRK (process 3) -- hardware-recorded CS=0x1b (CPL=3) -- requested 104 bytes, returning heap pointer 0x555570002aa8
milestone 33: syscall SBRK (process 3) -- hardware-recorded CS=0x1b (CPL=3) -- requested 368 bytes, returning heap pointer 0x555570002b10
milestone 82: syscall OPEN_TRUNC (process 3) -- hardware-recorded CS=0x1b (CPL=3) -- path='ccout1' -> fd 0 (truncated)
milestone 35: syscall FDWRITE (process 3) -- hardware-recorded CS=0x1b (CPL=3) -- fd=0 requested=355 accepted=355 bytes
milestone 35: syscall CLOSE (process 3) -- fd 0 was dirty, persisted 355 bytes to 'ccout1' on the real on-disk filesystem
milestone 35: syscall CLOSE (process 3) -- hardware-recorded CS=0x1b (CPL=3) -- fd=0 closed successfully
milestone 30: process forked-child -- user p4 index computed as 170 (code 0x555550000000, stack 0x555560000000)
milestone 30: process forked-child -- new pml4 0x23b000 populated: 511 kernel-space entries shared, index 170 left private
milestone 30: process forked-child -- private code page mapped to frame 0x23f000, private stack page mapped to frame 0x237000
milestone 100: process forked-child -- 7 extra stack page(s) mapped below USER_STACK_ADDR (32 KiB total stack)
milestone 57: process forked-child -- private heap RESERVED (not mapped): 64 pages at 0x555570000000..0x55557003ffff, 0 physical frames committed until a real page fault demand-pages one
milestone 34: process forked-child -- copied 4096 image bytes into private code frame 0x23f000
milestone 37: fork() -- child's code frame 0x23f000 holds a REAL byte-for-byte copy of the parent's code frame 0x204000 (independently verifiable: same virtual address USER_CODE_ADDR under either process's own CR3, genuinely different physical frames)
milestone 69: fork() -- child also got 15 extra code page(s) REALLY remapped+copied (real fix -- see extra_frames' own doc comment on Process for the bug this closes; a multi-page ELF-loaded parent's pages beyond page 0 used to be silently dropped by fork())
milestone 37: syscall FORK (process 3, 'elf-loaded') -- created child pid 14: pml4=0x23b000 code_frame=0x23f000 resume point rip=0x555550004c60 rsp=0x555560000e38
milestone 37: syscall FORK (process 3) -- hardware-recorded CS=0x1b (CPL=3) -- created child pid 14
milestone 37: wait() -- switching CR3 to forked child pid 14's own pml4 0x23b000, resuming at rip=0x555550004c60 rsp=0x555560000e38 (its own fork()-time snapshot, rax forced to 0)
milestone 36: process exec'd -- ELF validated: e_entry=0x555550000078 falls inside a mapped segment, 1 PT_LOAD segment(s), 1 total page(s), all within private p4 index 170
milestone 36: process exec'd -- new pml4 0x257000 populated: 511 kernel-space entries shared, index 170 left private
milestone 36: process exec'd -- mapped 1 PT_LOAD page(s): [(93824902758400, 2437120, 355, 5)]
milestone 36: process exec'd -- private stack page mapped to frame 0x261000
milestone 100: process exec'd -- 7 extra stack page(s) mapped below USER_STACK_ADDR (32 KiB total stack)
milestone 57: process exec'd -- private heap RESERVED (not mapped): 64 pages at 0x555570000000..0x55557003ffff, 0 physical frames committed until a real page fault demand-pages one
milestone 54: reclaim_process_frames('forked-child') -- freed 38 physical frame(s) back to the allocator's free list
milestone 45: syscall EXEC (process 14) -- REAL teardown-and-rebuild complete: new pml4=0x257000, new entry=0x555550000078 (real parsed e_entry), fd table/parent_pid/pgid preserved, CR3 switched
milestone 45: syscall EXEC (process 14) -- hardware-recorded CS=0x1b (CPL=3) -- REAL teardown-and-rebuild from 'ccout1' (355 real ELF bytes read from the on-disk filesystem), new address space, jumping directly into the real parsed entry 0x555550000078, never returning to the old one
milestone 30: syscall EXIT -- hardware-recorded CS=0x1b (CPL=3) -- discarding ring-3 context, resuming kernel context
milestone 37: wait() -- forked child pid 14 resumed in kernel context (its own exit() syscall ran; CR3 is currently the KERNEL's own, restored to the parent's by wait_for_child() next)
milestone 54: reclaim_process_frames('exec'd') -- freed 15 physical frame(s) back to the allocator's free list
milestone 43: syscall WAIT (process 3) -- child pid 14 ran to completion and was reaped (real exit code 131), CR3 restored to parent's own pml4 0x205000
milestone 43: syscall WAIT (process 3) -- hardware-recorded CS=0x1b (CPL=3) -- reaped child pid 14, exited normally with code 131
milestone 31: syscall WRITE (process 3) -- hardware-recorded CS=0x1b (CPL=3) -- ptr=0x555550006a21 len=70 -- raw bytes >>>
  real on-disk ELF written, real fork()+exec()+wait() -- child exited=
<<< end of write (70 bytes)
milestone 33: syscall WRITE (process 3) also reads its own private heap at 0x555570000000 -- marker byte 0x00 (' ')
milestone 31: syscall WRITE (process 3) -- hardware-recorded CS=0x1b (CPL=3) -- ptr=0x555550006280 len=4 -- raw bytes >>>
true
<<< end of write (4 bytes)
milestone 33: syscall WRITE (process 3) also reads its own private heap at 0x555570000000 -- marker byte 0x00 (' ')
milestone 31: syscall WRITE (process 3) -- hardware-recorded CS=0x1b (CPL=3) -- ptr=0x555550006703 len=16 -- raw bytes >>>
 real exit code=
<<< end of write (16 bytes)
milestone 33: syscall WRITE (process 3) also reads its own private heap at 0x555570000000 -- marker byte 0x00 (' ')
milestone 31: syscall WRITE (process 3) -- hardware-recorded CS=0x1b (CPL=3) -- ptr=0x555560000e17 len=1 -- raw bytes >>>
1
<<< end of write (1 bytes)
milestone 33: syscall WRITE (process 3) also reads its own private heap at 0x555570000000 -- marker byte 0x00 (' ')
milestone 31: syscall WRITE (process 3) -- hardware-recorded CS=0x1b (CPL=3) -- ptr=0x555560000e17 len=1 -- raw bytes >>>
3
<<< end of write (1 bytes)
milestone 33: syscall WRITE (process 3) also reads its own private heap at 0x555570000000 -- marker byte 0x00 (' ')
milestone 31: syscall WRITE (process 3) -- hardware-recorded CS=0x1b (CPL=3) -- ptr=0x555560000e17 len=1 -- raw bytes >>>
1
<<< end of write (1 bytes)
milestone 33: syscall WRITE (process 3) also reads its own private heap at 0x555570000000 -- marker byte 0x00 (' ')
milestone 31: syscall WRITE (process 3) -- hardware-recorded CS=0x1b (CPL=3) -- ptr=0x555550006a6c len=28 -- raw bytes >>>
 (expected exited=true code=
<<< end of write (28 bytes)
milestone 33: syscall WRITE (process 3) also reads its own private heap at 0x555570000000 -- marker byte 0x00 (' ')
milestone 31: syscall WRITE (process 3) -- hardware-recorded CS=0x1b (CPL=3) -- ptr=0x555560000e17 len=1 -- raw bytes >>>
1
<<< end of write (1 bytes)
milestone 33: syscall WRITE (process 3) also reads its own private heap at 0x555570000000 -- marker byte 0x00 (' ')
milestone 31: syscall WRITE (process 3) -- hardware-recorded CS=0x1b (CPL=3) -- ptr=0x555560000e17 len=1 -- raw bytes >>>
3
<<< end of write (1 bytes)
milestone 33: syscall WRITE (process 3) also reads its own private heap at 0x555570000000 -- marker byte 0x00 (' ')
milestone 31: syscall WRITE (process 3) -- hardware-recorded CS=0x1b (CPL=3) -- ptr=0x555560000e17 len=1 -- raw bytes >>>
1
<<< end of write (1 bytes)
milestone 33: syscall WRITE (process 3) also reads its own private heap at 0x555570000000 -- marker byte 0x00 (' ')
milestone 31: syscall WRITE (process 3) -- hardware-recorded CS=0x1b (CPL=3) -- ptr=0x555550006a88 len=2 -- raw bytes >>>
)

<<< end of write (2 bytes)
milestone 33: syscall WRITE (process 3) also reads its own private heap at 0x555570000000 -- marker byte 0x00 (' ')
milestone 31: syscall WRITE (process 3) -- hardware-recorded CS=0x1b (CPL=3) -- ptr=0x555550009508 len=47 -- raw bytes >>>
case57_real_elf_exec_switch_in_for_returns_131=
<<< end of write (47 bytes)
milestone 33: syscall WRITE (process 3) also reads its own private heap at 0x555570000000 -- marker byte 0x00 (' ')
milestone 31: syscall WRITE (process 3) -- hardware-recorded CS=0x1b (CPL=3) -- ptr=0x55555000627c len=4 -- raw bytes >>>
PASS
<<< end of write (4 bytes)
milestone 33: syscall WRITE (process 3) also reads its own private heap at 0x555570000000 -- marker byte 0x00 (' ')
milestone 31: syscall WRITE (process 3) -- hardware-recorded CS=0x1b (CPL=3) -- ptr=0x555550006294 len=1 -- raw bytes >>>
 
<<< end of write (1 bytes)
milestone 33: syscall WRITE (process 3) also reads its own private heap at 0x555570000000 -- marker byte 0x00 (' ')
milestone 31: syscall WRITE (process 3) -- hardware-recorded CS=0x1b (CPL=3) -- ptr=0x5555500063a8 len=1 -- raw bytes >>>


<<< end of write (1 bytes)
milestone 33: syscall WRITE (process 3) also reads its own private heap at 0x555570000000 -- marker byte 0x00 (' ')
milestone 31: syscall WRITE (process 3) -- hardware-recorded CS=0x1b (CPL=3) -- ptr=0x555550009537 len=12 -- raw bytes >>>
OVERALL_M91=
<<< end of write (12 bytes)
milestone 33: syscall WRITE (process 3) also reads its own private heap at 0x555570000000 -- marker byte 0x00 (' ')
milestone 31: syscall WRITE (process 3) -- hardware-recorded CS=0x1b (CPL=3) -- ptr=0x55555000627c len=4 -- raw bytes >>>
PASS
<<< end of write (4 bytes)
milestone 33: syscall WRITE (process 3) also reads its own private heap at 0x555570000000 -- marker byte 0x00 (' ')
milestone 31: syscall WRITE (process 3) -- hardware-recorded CS=0x1b (CPL=3) -- ptr=0x5555500063a8 len=1 -- raw bytes >>>


<<< end of write (1 bytes)
milestone 33: syscall WRITE (process 3) also reads its own private heap at 0x555570000000 -- marker byte 0x00 (' ')
milestone 87: syscall SBRK_RESET (process 3) -- hardware-recorded CS=0x1b (CPL=3) -- heap break rewound to 0x555570000000
milestone 33: syscall SBRK (process 3) -- hardware-recorded CS=0x1b (CPL=3) -- requested 6152 bytes, returning heap pointer 0x555570000000
milestone 33: syscall SBRK (process 3) -- hardware-recorded CS=0x1b (CPL=3) -- requested 56 bytes, returning heap pointer 0x555570001808
milestone 33: syscall SBRK (process 3) -- hardware-recorded CS=0x1b (CPL=3) -- requested 64 bytes, returning heap pointer 0x555570001840
milestone 33: syscall SBRK (process 3) -- hardware-recorded CS=0x1b (CPL=3) -- requested 56 bytes, returning heap pointer 0x555570001880
milestone 33: syscall SBRK (process 3) -- hardware-recorded CS=0x1b (CPL=3) -- requested 56 bytes, returning heap pointer 0x5555700018b8
milestone 33: syscall SBRK (process 3) -- hardware-recorded CS=0x1b (CPL=3) -- requested 64 bytes, returning heap pointer 0x5555700018f0
milestone 33: syscall SBRK (process 3) -- hardware-recorded CS=0x1b (CPL=3) -- requested 56 bytes, returning heap pointer 0x555570001930
milestone 33: syscall SBRK (process 3) -- hardware-recorded CS=0x1b (CPL=3) -- requested 56 bytes, returning heap pointer 0x555570001968
milestone 33: syscall SBRK (process 3) -- hardware-recorded CS=0x1b (CPL=3) -- requested 64 bytes, returning heap pointer 0x5555700019a0
milestone 33: syscall SBRK (process 3) -- hardware-recorded CS=0x1b (CPL=3) -- requested 64 bytes, returning heap pointer 0x5555700019e0
milestone 33: syscall SBRK (process 3) -- hardware-recorded CS=0x1b (CPL=3) -- requested 64 bytes, returning heap pointer 0x555570001a20
milestone 33: syscall SBRK (process 3) -- hardware-recorded CS=0x1b (CPL=3) -- requested 56 bytes, returning heap pointer 0x555570001a60
milestone 33: syscall SBRK (process 3) -- hardware-recorded CS=0x1b (CPL=3) -- requested 64 bytes, returning heap pointer 0x555570001a98
milestone 33: syscall SBRK (process 3) -- hardware-recorded CS=0x1b (CPL=3) -- requested 64 bytes, returning heap pointer 0x555570001ad8
milestone 33: syscall SBRK (process 3) -- hardware-recorded CS=0x1b (CPL=3) -- requested 64 bytes, returning heap pointer 0x555570001b18
milestone 33: syscall SBRK (process 3) -- hardware-recorded CS=0x1b (CPL=3) -- requested 56 bytes, returning heap pointer 0x555570001b58
milestone 33: syscall SBRK (process 3) -- hardware-recorded CS=0x1b (CPL=3) -- requested 64 bytes, returning heap pointer 0x555570001b90
milestone 33: syscall SBRK (process 3) -- hardware-recorded CS=0x1b (CPL=3) -- requested 64 bytes, returning heap pointer 0x555570001bd0
milestone 33: syscall SBRK (process 3) -- hardware-recorded CS=0x1b (CPL=3) -- requested 64 bytes, returning heap pointer 0x555570001c10
milestone 33: syscall SBRK (process 3) -- hardware-recorded CS=0x1b (CPL=3) -- requested 56 bytes, returning heap pointer 0x555570001c50
milestone 33: syscall SBRK (process 3) -- hardware-recorded CS=0x1b (CPL=3) -- requested 56 bytes, returning heap pointer 0x555570001c88
milestone 33: syscall SBRK (process 3) -- hardware-recorded CS=0x1b (CPL=3) -- requested 56 bytes, returning heap pointer 0x555570001cc0
milestone 33: syscall SBRK (process 3) -- hardware-recorded CS=0x1b (CPL=3) -- requested 64 bytes, returning heap pointer 0x555570001cf8
milestone 33: syscall SBRK (process 3) -- hardware-recorded CS=0x1b (CPL=3) -- requested 56 bytes, returning heap pointer 0x555570001d38
milestone 33: syscall SBRK (process 3) -- hardware-recorded CS=0x1b (CPL=3) -- requested 56 bytes, returning heap pointer 0x555570001d70
milestone 33: syscall SBRK (process 3) -- hardware-recorded CS=0x1b (CPL=3) -- requested 64 bytes, returning heap pointer 0x555570001da8
milestone 33: syscall SBRK (process 3) -- hardware-recorded CS=0x1b (CPL=3) -- requested 56 bytes, returning heap pointer 0x555570001de8
milestone 33: syscall SBRK (process 3) -- hardware-recorded CS=0x1b (CPL=3) -- requested 56 bytes, returning heap pointer 0x555570001e20
milestone 33: syscall SBRK (process 3) -- hardware-recorded CS=0x1b (CPL=3) -- requested 200 bytes, returning heap pointer 0x555570001e58
milestone 33: syscall SBRK (process 3) -- hardware-recorded CS=0x1b (CPL=3) -- requested 136 bytes, returning heap pointer 0x555570001f20
milestone 33: syscall SBRK (process 3) -- hardware-recorded CS=0x1b (CPL=3) -- requested 16 bytes, returning heap pointer 0x555570001fa8
milestone 33: syscall SBRK (process 3) -- hardware-recorded CS=0x1b (CPL=3) -- requested 2056 bytes, returning heap pointer 0x555570001fb8
milestone 33: syscall SBRK (process 3) -- hardware-recorded CS=0x1b (CPL=3) -- requested 104 bytes, returning heap pointer 0x5555700027c0
milestone 31: syscall WRITE (process 3) -- hardware-recorded CS=0x1b (CPL=3) -- ptr=0x5555500095bb len=56 -- raw bytes >>>
  case58 (backward + forward goto, in-process) returned=
<<< end of write (56 bytes)
milestone 33: syscall WRITE (process 3) also reads its own private heap at 0x555570000000 -- marker byte 0x00 (' ')
milestone 31: syscall WRITE (process 3) -- hardware-recorded CS=0x1b (CPL=3) -- ptr=0x555560000e17 len=1 -- raw bytes >>>
1
<<< end of write (1 bytes)
milestone 33: syscall WRITE (process 3) also reads its own private heap at 0x555570000000 -- marker byte 0x00 (' ')
milestone 31: syscall WRITE (process 3) -- hardware-recorded CS=0x1b (CPL=3) -- ptr=0x555560000e17 len=1 -- raw bytes >>>
0
<<< end of write (1 bytes)
milestone 33: syscall WRITE (process 3) also reads its own private heap at 0x555570000000 -- marker byte 0x00 (' ')
milestone 31: syscall WRITE (process 3) -- hardware-recorded CS=0x1b (CPL=3) -- ptr=0x555550008acb len=15 -- raw bytes >>>
 (expected 10)

<<< end of write (15 bytes)
milestone 33: syscall WRITE (process 3) also reads its own private heap at 0x555570000000 -- marker byte 0x00 (' ')
milestone 31: syscall WRITE (process 3) -- hardware-recorded CS=0x1b (CPL=3) -- ptr=0x5555500095f3 len=44 -- raw bytes >>>
case58_goto_backward_and_forward_returns_10=
<<< end of write (44 bytes)
milestone 33: syscall WRITE (process 3) also reads its own private heap at 0x555570000000 -- marker byte 0x00 (' ')
milestone 31: syscall WRITE (process 3) -- hardware-recorded CS=0x1b (CPL=3) -- ptr=0x55555000627c len=4 -- raw bytes >>>
PASS
<<< end of write (4 bytes)
milestone 33: syscall WRITE (process 3) also reads its own private heap at 0x555570000000 -- marker byte 0x00 (' ')
milestone 31: syscall WRITE (process 3) -- hardware-recorded CS=0x1b (CPL=3) -- ptr=0x555550006294 len=1 -- raw bytes >>>
 
<<< end of write (1 bytes)
milestone 33: syscall WRITE (process 3) also reads its own private heap at 0x555570000000 -- marker byte 0x00 (' ')
milestone 31: syscall WRITE (process 3) -- hardware-recorded CS=0x1b (CPL=3) -- ptr=0x5555500063a8 len=1 -- raw bytes >>>


<<< end of write (1 bytes)
milestone 33: syscall WRITE (process 3) also reads its own private heap at 0x555570000000 -- marker byte 0x00 (' ')
milestone 33: syscall SBRK (process 3) -- hardware-recorded CS=0x1b (CPL=3) -- requested 6152 bytes, returning heap pointer 0x555570002828
milestone 33: syscall SBRK (process 3) -- hardware-recorded CS=0x1b (CPL=3) -- requested 56 bytes, returning heap pointer 0x555570004030
milestone 33: syscall SBRK (process 3) -- hardware-recorded CS=0x1b (CPL=3) -- requested 64 bytes, returning heap pointer 0x555570004068
milestone 33: syscall SBRK (process 3) -- hardware-recorded CS=0x1b (CPL=3) -- requested 56 bytes, returning heap pointer 0x5555700040a8
milestone 33: syscall SBRK (process 3) -- hardware-recorded CS=0x1b (CPL=3) -- requested 56 bytes, returning heap pointer 0x5555700040e0
milestone 33: syscall SBRK (process 3) -- hardware-recorded CS=0x1b (CPL=3) -- requested 104 bytes, returning heap pointer 0x555570004118
milestone 33: syscall SBRK (process 3) -- hardware-recorded CS=0x1b (CPL=3) -- requested 1032 bytes, returning heap pointer 0x555570004180
milestone 31: syscall WRITE (process 3) -- hardware-recorded CS=0x1b (CPL=3) -- ptr=0x555550009645 len=58 -- raw bytes >>>
  case59 real codegen error -- goto to an undefined label

<<< end of write (58 bytes)
milestone 33: syscall WRITE (process 3) also reads its own private heap at 0x555570000000 -- marker byte 0x00 (' ')
milestone 31: syscall WRITE (process 3) -- hardware-recorded CS=0x1b (CPL=3) -- ptr=0x55555000970b len=46 -- raw bytes >>>
case59_goto_undefined_label_is_UndefinedLabel=
<<< end of write (46 bytes)
milestone 33: syscall WRITE (process 3) also reads its own private heap at 0x555570000000 -- marker byte 0x00 (' ')
milestone 31: syscall WRITE (process 3) -- hardware-recorded CS=0x1b (CPL=3) -- ptr=0x55555000627c len=4 -- raw bytes >>>
PASS
<<< end of write (4 bytes)
milestone 33: syscall WRITE (process 3) also reads its own private heap at 0x555570000000 -- marker byte 0x00 (' ')
milestone 31: syscall WRITE (process 3) -- hardware-recorded CS=0x1b (CPL=3) -- ptr=0x555550006294 len=1 -- raw bytes >>>
 
<<< end of write (1 bytes)
milestone 33: syscall WRITE (process 3) also reads its own private heap at 0x555570000000 -- marker byte 0x00 (' ')
milestone 31: syscall WRITE (process 3) -- hardware-recorded CS=0x1b (CPL=3) -- ptr=0x5555500063a8 len=1 -- raw bytes >>>


<<< end of write (1 bytes)
milestone 33: syscall WRITE (process 3) also reads its own private heap at 0x555570000000 -- marker byte 0x00 (' ')
milestone 87: syscall SBRK_RESET (process 3) -- hardware-recorded CS=0x1b (CPL=3) -- heap break rewound to 0x555570000000
milestone 33: syscall SBRK (process 3) -- hardware-recorded CS=0x1b (CPL=3) -- requested 6152 bytes, returning heap pointer 0x555570000000
milestone 33: syscall SBRK (process 3) -- hardware-recorded CS=0x1b (CPL=3) -- requested 56 bytes, returning heap pointer 0x555570001808
milestone 33: syscall SBRK (process 3) -- hardware-recorded CS=0x1b (CPL=3) -- requested 64 bytes, returning heap pointer 0x555570001840
milestone 33: syscall SBRK (process 3) -- hardware-recorded CS=0x1b (CPL=3) -- requested 56 bytes, returning heap pointer 0x555570001880
milestone 33: syscall SBRK (process 3) -- hardware-recorded CS=0x1b (CPL=3) -- requested 56 bytes, returning heap pointer 0x5555700018b8
milestone 33: syscall SBRK (process 3) -- hardware-recorded CS=0x1b (CPL=3) -- requested 64 bytes, returning heap pointer 0x5555700018f0
milestone 33: syscall SBRK (process 3) -- hardware-recorded CS=0x1b (CPL=3) -- requested 56 bytes, returning heap pointer 0x555570001930
milestone 33: syscall SBRK (process 3) -- hardware-recorded CS=0x1b (CPL=3) -- requested 64 bytes, returning heap pointer 0x555570001968
milestone 33: syscall SBRK (process 3) -- hardware-recorded CS=0x1b (CPL=3) -- requested 56 bytes, returning heap pointer 0x5555700019a8
milestone 33: syscall SBRK (process 3) -- hardware-recorded CS=0x1b (CPL=3) -- requested 64 bytes, returning heap pointer 0x5555700019e0
milestone 33: syscall SBRK (process 3) -- hardware-recorded CS=0x1b (CPL=3) -- requested 64 bytes, returning heap pointer 0x555570001a20
milestone 33: syscall SBRK (process 3) -- hardware-recorded CS=0x1b (CPL=3) -- requested 64 bytes, returning heap pointer 0x555570001a60
milestone 33: syscall SBRK (process 3) -- hardware-recorded CS=0x1b (CPL=3) -- requested 64 bytes, returning heap pointer 0x555570001aa0
milestone 33: syscall SBRK (process 3) -- hardware-recorded CS=0x1b (CPL=3) -- requested 64 bytes, returning heap pointer 0x555570001ae0
milestone 33: syscall SBRK (process 3) -- hardware-recorded CS=0x1b (CPL=3) -- requested 64 bytes, returning heap pointer 0x555570001b20
milestone 33: syscall SBRK (process 3) -- hardware-recorded CS=0x1b (CPL=3) -- requested 56 bytes, returning heap pointer 0x555570001b60
milestone 33: syscall SBRK (process 3) -- hardware-recorded CS=0x1b (CPL=3) -- requested 64 bytes, returning heap pointer 0x555570001b98
milestone 33: syscall SBRK (process 3) -- hardware-recorded CS=0x1b (CPL=3) -- requested 64 bytes, returning heap pointer 0x555570001bd8
milestone 33: syscall SBRK (process 3) -- hardware-recorded CS=0x1b (CPL=3) -- requested 64 bytes, returning heap pointer 0x555570001c18
milestone 33: syscall SBRK (process 3) -- hardware-recorded CS=0x1b (CPL=3) -- requested 56 bytes, returning heap pointer 0x555570001c58
milestone 33: syscall SBRK (process 3) -- hardware-recorded CS=0x1b (CPL=3) -- requested 56 bytes, returning heap pointer 0x555570001c90
milestone 33: syscall SBRK (process 3) -- hardware-recorded CS=0x1b (CPL=3) -- requested 64 bytes, returning heap pointer 0x555570001cc8
milestone 33: syscall SBRK (process 3) -- hardware-recorded CS=0x1b (CPL=3) -- requested 64 bytes, returning heap pointer 0x555570001d08
milestone 33: syscall SBRK (process 3) -- hardware-recorded CS=0x1b (CPL=3) -- requested 64 bytes, returning heap pointer 0x555570001d48
milestone 33: syscall SBRK (process 3) -- hardware-recorded CS=0x1b (CPL=3) -- requested 56 bytes, returning heap pointer 0x555570001d88
milestone 33: syscall SBRK (process 3) -- hardware-recorded CS=0x1b (CPL=3) -- requested 56 bytes, returning heap pointer 0x555570001dc0
milestone 33: syscall SBRK (process 3) -- hardware-recorded CS=0x1b (CPL=3) -- requested 64 bytes, returning heap pointer 0x555570001df8
milestone 33: syscall SBRK (process 3) -- hardware-recorded CS=0x1b (CPL=3) -- requested 56 bytes, returning heap pointer 0x555570001e38
milestone 33: syscall SBRK (process 3) -- hardware-recorded CS=0x1b (CPL=3) -- requested 56 bytes, returning heap pointer 0x555570001e70
milestone 33: syscall SBRK (process 3) -- hardware-recorded CS=0x1b (CPL=3) -- requested 64 bytes, returning heap pointer 0x555570001ea8
milestone 33: syscall SBRK (process 3) -- hardware-recorded CS=0x1b (CPL=3) -- requested 56 bytes, returning heap pointer 0x555570001ee8
milestone 33: syscall SBRK (process 3) -- hardware-recorded CS=0x1b (CPL=3) -- requested 56 bytes, returning heap pointer 0x555570001f20
milestone 33: syscall SBRK (process 3) -- hardware-recorded CS=0x1b (CPL=3) -- requested 200 bytes, returning heap pointer 0x555570001f58
milestone 33: syscall SBRK (process 3) -- hardware-recorded CS=0x1b (CPL=3) -- requested 136 bytes, returning heap pointer 0x555570002020
milestone 33: syscall SBRK (process 3) -- hardware-recorded CS=0x1b (CPL=3) -- requested 16 bytes, returning heap pointer 0x5555700020a8
milestone 33: syscall SBRK (process 3) -- hardware-recorded CS=0x1b (CPL=3) -- requested 2056 bytes, returning heap pointer 0x5555700020b8
milestone 33: syscall SBRK (process 3) -- hardware-recorded CS=0x1b (CPL=3) -- requested 104 bytes, returning heap pointer 0x5555700028c0
milestone 33: syscall SBRK (process 3) -- hardware-recorded CS=0x1b (CPL=3) -- requested 312 bytes, returning heap pointer 0x555570002928
milestone 82: syscall OPEN_TRUNC (process 3) -- hardware-recorded CS=0x1b (CPL=3) -- path='ccout1' -> fd 0 (truncated)
milestone 35: syscall FDWRITE (process 3) -- hardware-recorded CS=0x1b (CPL=3) -- fd=0 requested=304 accepted=304 bytes
milestone 35: syscall CLOSE (process 3) -- fd 0 was dirty, persisted 304 bytes to 'ccout1' on the real on-disk filesystem
milestone 35: syscall CLOSE (process 3) -- hardware-recorded CS=0x1b (CPL=3) -- fd=0 closed successfully
milestone 30: process forked-child -- user p4 index computed as 170 (code 0x555550000000, stack 0x555560000000)
milestone 30: process forked-child -- new pml4 0x264000 populated: 511 kernel-space entries shared, index 170 left private
milestone 30: process forked-child -- private code page mapped to frame 0x250000, private stack page mapped to frame 0x252000
milestone 100: process forked-child -- 7 extra stack page(s) mapped below USER_STACK_ADDR (32 KiB total stack)
milestone 57: process forked-child -- private heap RESERVED (not mapped): 64 pages at 0x555570000000..0x55557003ffff, 0 physical frames committed until a real page fault demand-pages one
milestone 34: process forked-child -- copied 4096 image bytes into private code frame 0x250000
milestone 37: fork() -- child's code frame 0x250000 holds a REAL byte-for-byte copy of the parent's code frame 0x204000 (independently verifiable: same virtual address USER_CODE_ADDR under either process's own CR3, genuinely different physical frames)
milestone 69: fork() -- child also got 15 extra code page(s) REALLY remapped+copied (real fix -- see extra_frames' own doc comment on Process for the bug this closes; a multi-page ELF-loaded parent's pages beyond page 0 used to be silently dropped by fork())
milestone 37: syscall FORK (process 3, 'elf-loaded') -- created child pid 14: pml4=0x264000 code_frame=0x250000 resume point rip=0x55555000500e rsp=0x555560000e38
milestone 37: syscall FORK (process 3) -- hardware-recorded CS=0x1b (CPL=3) -- created child pid 14
milestone 37: wait() -- switching CR3 to forked child pid 14's own pml4 0x264000, resuming at rip=0x55555000500e rsp=0x555560000e38 (its own fork()-time snapshot, rax forced to 0)
milestone 36: process exec'd -- ELF validated: e_entry=0x555550000078 falls inside a mapped segment, 1 PT_LOAD segment(s), 1 total page(s), all within private p4 index 170
milestone 36: process exec'd -- new pml4 0x239000 populated: 511 kernel-space entries shared, index 170 left private
milestone 36: process exec'd -- mapped 1 PT_LOAD page(s): [(93824902758400, 2314240, 304, 5)]
milestone 36: process exec'd -- private stack page mapped to frame 0x22e000
milestone 100: process exec'd -- 7 extra stack page(s) mapped below USER_STACK_ADDR (32 KiB total stack)
milestone 57: process exec'd -- private heap RESERVED (not mapped): 64 pages at 0x555570000000..0x55557003ffff, 0 physical frames committed until a real page fault demand-pages one
milestone 54: reclaim_process_frames('forked-child') -- freed 38 physical frame(s) back to the allocator's free list
milestone 45: syscall EXEC (process 14) -- REAL teardown-and-rebuild complete: new pml4=0x239000, new entry=0x555550000078 (real parsed e_entry), fd table/parent_pid/pgid preserved, CR3 switched
milestone 45: syscall EXEC (process 14) -- hardware-recorded CS=0x1b (CPL=3) -- REAL teardown-and-rebuild from 'ccout1' (304 real ELF bytes read from the on-disk filesystem), new address space, jumping directly into the real parsed entry 0x555550000078, never returning to the old one
milestone 30: syscall EXIT -- hardware-recorded CS=0x1b (CPL=3) -- discarding ring-3 context, resuming kernel context
milestone 37: wait() -- forked child pid 14 resumed in kernel context (its own exit() syscall ran; CR3 is currently the KERNEL's own, restored to the parent's by wait_for_child() next)
milestone 54: reclaim_process_frames('exec'd') -- freed 15 physical frame(s) back to the allocator's free list
milestone 43: syscall WAIT (process 3) -- child pid 14 ran to completion and was reaped (real exit code 7), CR3 restored to parent's own pml4 0x205000
milestone 43: syscall WAIT (process 3) -- hardware-recorded CS=0x1b (CPL=3) -- reaped child pid 14, exited normally with code 7
milestone 31: syscall WRITE (process 3) -- hardware-recorded CS=0x1b (CPL=3) -- ptr=0x555550006a21 len=70 -- raw bytes >>>
  real on-disk ELF written, real fork()+exec()+wait() -- child exited=
<<< end of write (70 bytes)
milestone 33: syscall WRITE (process 3) also reads its own private heap at 0x555570000000 -- marker byte 0x00 (' ')
milestone 31: syscall WRITE (process 3) -- hardware-recorded CS=0x1b (CPL=3) -- ptr=0x555550006280 len=4 -- raw bytes >>>
true
<<< end of write (4 bytes)
milestone 33: syscall WRITE (process 3) also reads its own private heap at 0x555570000000 -- marker byte 0x00 (' ')
milestone 31: syscall WRITE (process 3) -- hardware-recorded CS=0x1b (CPL=3) -- ptr=0x555550006703 len=16 -- raw bytes >>>
 real exit code=
<<< end of write (16 bytes)
milestone 33: syscall WRITE (process 3) also reads its own private heap at 0x555570000000 -- marker byte 0x00 (' ')
milestone 31: syscall WRITE (process 3) -- hardware-recorded CS=0x1b (CPL=3) -- ptr=0x555560000e17 len=1 -- raw bytes >>>
7
<<< end of write (1 bytes)
milestone 33: syscall WRITE (process 3) also reads its own private heap at 0x555570000000 -- marker byte 0x00 (' ')
milestone 31: syscall WRITE (process 3) -- hardware-recorded CS=0x1b (CPL=3) -- ptr=0x555550006a6c len=28 -- raw bytes >>>
 (expected exited=true code=
<<< end of write (28 bytes)
milestone 33: syscall WRITE (process 3) also reads its own private heap at 0x555570000000 -- marker byte 0x00 (' ')
milestone 31: syscall WRITE (process 3) -- hardware-recorded CS=0x1b (CPL=3) -- ptr=0x555560000e17 len=1 -- raw bytes >>>
7
<<< end of write (1 bytes)
milestone 33: syscall WRITE (process 3) also reads its own private heap at 0x555570000000 -- marker byte 0x00 (' ')
milestone 31: syscall WRITE (process 3) -- hardware-recorded CS=0x1b (CPL=3) -- ptr=0x555550006a88 len=2 -- raw bytes >>>
)

<<< end of write (2 bytes)
milestone 33: syscall WRITE (process 3) also reads its own private heap at 0x555570000000 -- marker byte 0x00 (' ')
milestone 31: syscall WRITE (process 3) -- hardware-recorded CS=0x1b (CPL=3) -- ptr=0x5555500097ea len=47 -- raw bytes >>>
case60_real_elf_exec_goto_out_of_for_returns_7=
<<< end of write (47 bytes)
milestone 33: syscall WRITE (process 3) also reads its own private heap at 0x555570000000 -- marker byte 0x00 (' ')
milestone 31: syscall WRITE (process 3) -- hardware-recorded CS=0x1b (CPL=3) -- ptr=0x55555000627c len=4 -- raw bytes >>>
PASS
<<< end of write (4 bytes)
milestone 33: syscall WRITE (process 3) also reads its own private heap at 0x555570000000 -- marker byte 0x00 (' ')
milestone 31: syscall WRITE (process 3) -- hardware-recorded CS=0x1b (CPL=3) -- ptr=0x555550006294 len=1 -- raw bytes >>>
 
<<< end of write (1 bytes)
milestone 33: syscall WRITE (process 3) also reads its own private heap at 0x555570000000 -- marker byte 0x00 (' ')
milestone 31: syscall WRITE (process 3) -- hardware-recorded CS=0x1b (CPL=3) -- ptr=0x5555500063a8 len=1 -- raw bytes >>>


<<< end of write (1 bytes)
milestone 33: syscall WRITE (process 3) also reads its own private heap at 0x555570000000 -- marker byte 0x00 (' ')
milestone 31: syscall WRITE (process 3) -- hardware-recorded CS=0x1b (CPL=3) -- ptr=0x555550009819 len=12 -- raw bytes >>>
OVERALL_M92=
<<< end of write (12 bytes)
milestone 33: syscall WRITE (process 3) also reads its own private heap at 0x555570000000 -- marker byte 0x00 (' ')
milestone 31: syscall WRITE (process 3) -- hardware-recorded CS=0x1b (CPL=3) -- ptr=0x55555000627c len=4 -- raw bytes >>>
PASS
<<< end of write (4 bytes)
milestone 33: syscall WRITE (process 3) also reads its own private heap at 0x555570000000 -- marker byte 0x00 (' ')
milestone 31: syscall WRITE (process 3) -- hardware-recorded CS=0x1b (CPL=3) -- ptr=0x5555500063a8 len=1 -- raw bytes >>>


<<< end of write (1 bytes)
milestone 33: syscall WRITE (process 3) also reads its own private heap at 0x555570000000 -- marker byte 0x00 (' ')
milestone 87: syscall SBRK_RESET (process 3) -- hardware-recorded CS=0x1b (CPL=3) -- heap break rewound to 0x555570000000
milestone 33: syscall SBRK (process 3) -- hardware-recorded CS=0x1b (CPL=3) -- requested 6152 bytes, returning heap pointer 0x555570000000
milestone 33: syscall SBRK (process 3) -- hardware-recorded CS=0x1b (CPL=3) -- requested 40 bytes, returning heap pointer 0x555570001808
milestone 33: syscall SBRK (process 3) -- hardware-recorded CS=0x1b (CPL=3) -- requested 64 bytes, returning heap pointer 0x555570001830
milestone 33: syscall SBRK (process 3) -- hardware-recorded CS=0x1b (CPL=3) -- requested 64 bytes, returning heap pointer 0x555570001870
milestone 33: syscall SBRK (process 3) -- hardware-recorded CS=0x1b (CPL=3) -- requested 64 bytes, returning heap pointer 0x5555700018b0
milestone 33: syscall SBRK (process 3) -- hardware-recorded CS=0x1b (CPL=3) -- requested 56 bytes, returning heap pointer 0x5555700018f0
milestone 33: syscall SBRK (process 3) -- hardware-recorded CS=0x1b (CPL=3) -- requested 56 bytes, returning heap pointer 0x555570001928
milestone 33: syscall SBRK (process 3) -- hardware-recorded CS=0x1b (CPL=3) -- requested 40 bytes, returning heap pointer 0x555570001960
milestone 33: syscall SBRK (process 3) -- hardware-recorded CS=0x1b (CPL=3) -- requested 64 bytes, returning heap pointer 0x555570001988
milestone 33: syscall SBRK (process 3) -- hardware-recorded CS=0x1b (CPL=3) -- requested 64 bytes, returning heap pointer 0x5555700019c8
milestone 33: syscall SBRK (process 3) -- hardware-recorded CS=0x1b (CPL=3) -- requested 64 bytes, returning heap pointer 0x555570001a08
milestone 33: syscall SBRK (process 3) -- hardware-recorded CS=0x1b (CPL=3) -- requested 56 bytes, returning heap pointer 0x555570001a48
milestone 33: syscall SBRK (process 3) -- hardware-recorded CS=0x1b (CPL=3) -- requested 56 bytes, returning heap pointer 0x555570001a80
milestone 33: syscall SBRK (process 3) -- hardware-recorded CS=0x1b (CPL=3) -- requested 40 bytes, returning heap pointer 0x555570001ab8
milestone 33: syscall SBRK (process 3) -- hardware-recorded CS=0x1b (CPL=3) -- requested 64 bytes, returning heap pointer 0x555570001ae0
milestone 33: syscall SBRK (process 3) -- hardware-recorded CS=0x1b (CPL=3) -- requested 64 bytes, returning heap pointer 0x555570001b20
milestone 33: syscall SBRK (process 3) -- hardware-recorded CS=0x1b (CPL=3) -- requested 64 bytes, returning heap pointer 0x555570001b60
milestone 33: syscall SBRK (process 3) -- hardware-recorded CS=0x1b (CPL=3) -- requested 56 bytes, returning heap pointer 0x555570001ba0
milestone 33: syscall SBRK (process 3) -- hardware-recorded CS=0x1b (CPL=3) -- requested 56 bytes, returning heap pointer 0x555570001bd8
milestone 33: syscall SBRK (process 3) -- hardware-recorded CS=0x1b (CPL=3) -- requested 40 bytes, returning heap pointer 0x555570001c10
milestone 33: syscall SBRK (process 3) -- hardware-recorded CS=0x1b (CPL=3) -- requested 40 bytes, returning heap pointer 0x555570001c38
milestone 33: syscall SBRK (process 3) -- hardware-recorded CS=0x1b (CPL=3) -- requested 40 bytes, returning heap pointer 0x555570001c60
milestone 33: syscall SBRK (process 3) -- hardware-recorded CS=0x1b (CPL=3) -- requested 64 bytes, returning heap pointer 0x555570001c88
milestone 33: syscall SBRK (process 3) -- hardware-recorded CS=0x1b (CPL=3) -- requested 64 bytes, returning heap pointer 0x555570001cc8
milestone 33: syscall SBRK (process 3) -- hardware-recorded CS=0x1b (CPL=3) -- requested 64 bytes, returning heap pointer 0x555570001d08
milestone 33: syscall SBRK (process 3) -- hardware-recorded CS=0x1b (CPL=3) -- requested 40 bytes, returning heap pointer 0x555570001d48
milestone 33: syscall SBRK (process 3) -- hardware-recorded CS=0x1b (CPL=3) -- requested 64 bytes, returning heap pointer 0x555570001d70
milestone 33: syscall SBRK (process 3) -- hardware-recorded CS=0x1b (CPL=3) -- requested 64 bytes, returning heap pointer 0x555570001db0
milestone 33: syscall SBRK (process 3) -- hardware-recorded CS=0x1b (CPL=3) -- requested 64 bytes, returning heap pointer 0x555570001df0
milestone 33: syscall SBRK (process 3) -- hardware-recorded CS=0x1b (CPL=3) -- requested 56 bytes, returning heap pointer 0x555570001e30
milestone 33: syscall SBRK (process 3) -- hardware-recorded CS=0x1b (CPL=3) -- requested 56 bytes, returning heap pointer 0x555570001e68
milestone 33: syscall SBRK (process 3) -- hardware-recorded CS=0x1b (CPL=3) -- requested 40 bytes, returning heap pointer 0x555570001ea0
milestone 33: syscall SBRK (process 3) -- hardware-recorded CS=0x1b (CPL=3) -- requested 40 bytes, returning heap pointer 0x555570001ec8
milestone 33: syscall SBRK (process 3) -- hardware-recorded CS=0x1b (CPL=3) -- requested 40 bytes, returning heap pointer 0x555570001ef0
milestone 33: syscall SBRK (process 3) -- hardware-recorded CS=0x1b (CPL=3) -- requested 64 bytes, returning heap pointer 0x555570001f18
milestone 33: syscall SBRK (process 3) -- hardware-recorded CS=0x1b (CPL=3) -- requested 64 bytes, returning heap pointer 0x555570001f58
milestone 33: syscall SBRK (process 3) -- hardware-recorded CS=0x1b (CPL=3) -- requested 64 bytes, returning heap pointer 0x555570001f98
milestone 33: syscall SBRK (process 3) -- hardware-recorded CS=0x1b (CPL=3) -- requested 64 bytes, returning heap pointer 0x555570001fd8
milestone 33: syscall SBRK (process 3) -- hardware-recorded CS=0x1b (CPL=3) -- requested 64 bytes, returning heap pointer 0x555570002018
milestone 33: syscall SBRK (process 3) -- hardware-recorded CS=0x1b (CPL=3) -- requested 56 bytes, returning heap pointer 0x555570002058
milestone 33: syscall SBRK (process 3) -- hardware-recorded CS=0x1b (CPL=3) -- requested 56 bytes, returning heap pointer 0x555570002090
milestone 33: syscall SBRK (process 3) -- hardware-recorded CS=0x1b (CPL=3) -- requested 40 bytes, returning heap pointer 0x5555700020c8
milestone 33: syscall SBRK (process 3) -- hardware-recorded CS=0x1b (CPL=3) -- requested 64 bytes, returning heap pointer 0x5555700020f0
milestone 33: syscall SBRK (process 3) -- hardware-recorded CS=0x1b (CPL=3) -- requested 64 bytes, returning heap pointer 0x555570002130
milestone 33: syscall SBRK (process 3) -- hardware-recorded CS=0x1b (CPL=3) -- requested 40 bytes, returning heap pointer 0x555570002170
milestone 33: syscall SBRK (process 3) -- hardware-recorded CS=0x1b (CPL=3) -- requested 64 bytes, returning heap pointer 0x555570002198
milestone 33: syscall SBRK (process 3) -- hardware-recorded CS=0x1b (CPL=3) -- requested 64 bytes, returning heap pointer 0x5555700021d8
milestone 33: syscall SBRK (process 3) -- hardware-recorded CS=0x1b (CPL=3) -- requested 64 bytes, returning heap pointer 0x555570002218
milestone 33: syscall SBRK (process 3) -- hardware-recorded CS=0x1b (CPL=3) -- requested 56 bytes, returning heap pointer 0x555570002258
milestone 33: syscall SBRK (process 3) -- hardware-recorded CS=0x1b (CPL=3) -- requested 56 bytes, returning heap pointer 0x555570002290
milestone 33: syscall SBRK (process 3) -- hardware-recorded CS=0x1b (CPL=3) -- requested 200 bytes, returning heap pointer 0x5555700022c8
milestone 33: syscall SBRK (process 3) -- hardware-recorded CS=0x1b (CPL=3) -- requested 136 bytes, returning heap pointer 0x555570002390
milestone 33: syscall SBRK (process 3) -- hardware-recorded CS=0x1b (CPL=3) -- requested 16 bytes, returning heap pointer 0x555570002418
milestone 33: syscall SBRK (process 3) -- hardware-recorded CS=0x1b (CPL=3) -- requested 2056 bytes, returning heap pointer 0x555570002428
milestone 33: syscall SBRK (process 3) -- hardware-recorded CS=0x1b (CPL=3) -- requested 104 bytes, returning heap pointer 0x555570002c30
milestone 33: syscall SBRK (process 3) -- hardware-recorded CS=0x1b (CPL=3) -- requested 104 bytes, returning heap pointer 0x555570002c98
milestone 33: syscall SBRK (process 3) -- hardware-recorded CS=0x1b (CPL=3) -- requested 104 bytes, returning heap pointer 0x555570002d00
milestone 33: syscall SBRK (process 3) -- hardware-recorded CS=0x1b (CPL=3) -- requested 104 bytes, returning heap pointer 0x555570002d68
milestone 33: syscall SBRK (process 3) -- hardware-recorded CS=0x1b (CPL=3) -- requested 104 bytes, returning heap pointer 0x555570002dd0
milestone 33: syscall SBRK (process 3) -- hardware-recorded CS=0x1b (CPL=3) -- requested 104 bytes, returning heap pointer 0x555570002e38
milestone 31: syscall WRITE (process 3) -- hardware-recorded CS=0x1b (CPL=3) -- ptr=0x55555000991d len=63 -- raw bytes >>>
  case61 (six functions + a forward call, in-process) returned=
<<< end of write (63 bytes)
milestone 33: syscall WRITE (process 3) also reads its own private heap at 0x555570000000 -- marker byte 0x00 (' ')
milestone 31: syscall WRITE (process 3) -- hardware-recorded CS=0x1b (CPL=3) -- ptr=0x555560000e17 len=1 -- raw bytes >>>
3
<<< end of write (1 bytes)
milestone 33: syscall WRITE (process 3) also reads its own private heap at 0x555570000000 -- marker byte 0x00 (' ')
milestone 31: syscall WRITE (process 3) -- hardware-recorded CS=0x1b (CPL=3) -- ptr=0x555560000e17 len=1 -- raw bytes >>>
0
<<< end of write (1 bytes)
milestone 33: syscall WRITE (process 3) also reads its own private heap at 0x555570000000 -- marker byte 0x00 (' ')
milestone 31: syscall WRITE (process 3) -- hardware-recorded CS=0x1b (CPL=3) -- ptr=0x55555000995c len=15 -- raw bytes >>>
 (expected 30)

<<< end of write (15 bytes)
milestone 33: syscall WRITE (process 3) also reads its own private heap at 0x555570000000 -- marker byte 0x00 (' ')
milestone 31: syscall WRITE (process 3) -- hardware-recorded CS=0x1b (CPL=3) -- ptr=0x55555000996b len=45 -- raw bytes >>>
case61_six_functions_forward_call_returns_30=
<<< end of write (45 bytes)
milestone 33: syscall WRITE (process 3) also reads its own private heap at 0x555570000000 -- marker byte 0x00 (' ')
milestone 31: syscall WRITE (process 3) -- hardware-recorded CS=0x1b (CPL=3) -- ptr=0x55555000627c len=4 -- raw bytes >>>
PASS
<<< end of write (4 bytes)
milestone 33: syscall WRITE (process 3) also reads its own private heap at 0x555570000000 -- marker byte 0x00 (' ')
milestone 31: syscall WRITE (process 3) -- hardware-recorded CS=0x1b (CPL=3) -- ptr=0x555550006294 len=1 -- raw bytes >>>
 
<<< end of write (1 bytes)
milestone 33: syscall WRITE (process 3) also reads its own private heap at 0x555570000000 -- marker byte 0x00 (' ')
milestone 31: syscall WRITE (process 3) -- hardware-recorded CS=0x1b (CPL=3) -- ptr=0x5555500063a8 len=1 -- raw bytes >>>


<<< end of write (1 bytes)
milestone 33: syscall WRITE (process 3) also reads its own private heap at 0x555570000000 -- marker byte 0x00 (' ')
milestone 31: syscall WRITE (process 3) -- hardware-recorded CS=0x1b (CPL=3) -- ptr=0x555550009998 len=12 -- raw bytes >>>
OVERALL_M93=
<<< end of write (12 bytes)
milestone 33: syscall WRITE (process 3) also reads its own private heap at 0x555570000000 -- marker byte 0x00 (' ')
milestone 31: syscall WRITE (process 3) -- hardware-recorded CS=0x1b (CPL=3) -- ptr=0x55555000627c len=4 -- raw bytes >>>
PASS
<<< end of write (4 bytes)
milestone 33: syscall WRITE (process 3) also reads its own private heap at 0x555570000000 -- marker byte 0x00 (' ')
milestone 31: syscall WRITE (process 3) -- hardware-recorded CS=0x1b (CPL=3) -- ptr=0x5555500063a8 len=1 -- raw bytes >>>


<<< end of write (1 bytes)
milestone 33: syscall WRITE (process 3) also reads its own private heap at 0x555570000000 -- marker byte 0x00 (' ')
milestone 87: syscall SBRK_RESET (process 3) -- hardware-recorded CS=0x1b (CPL=3) -- heap break rewound to 0x555570000000
milestone 33: syscall SBRK (process 3) -- hardware-recorded CS=0x1b (CPL=3) -- requested 6152 bytes, returning heap pointer 0x555570000000
milestone 33: syscall SBRK (process 3) -- hardware-recorded CS=0x1b (CPL=3) -- requested 56 bytes, returning heap pointer 0x555570001808
milestone 33: syscall SBRK (process 3) -- hardware-recorded CS=0x1b (CPL=3) -- requested 64 bytes, returning heap pointer 0x555570001840
milestone 33: syscall SBRK (process 3) -- hardware-recorded CS=0x1b (CPL=3) -- requested 56 bytes, returning heap pointer 0x555570001880
milestone 33: syscall SBRK (process 3) -- hardware-recorded CS=0x1b (CPL=3) -- requested 64 bytes, returning heap pointer 0x5555700018b8
milestone 33: syscall SBRK (process 3) -- hardware-recorded CS=0x1b (CPL=3) -- requested 64 bytes, returning heap pointer 0x5555700018f8
milestone 33: syscall SBRK (process 3) -- hardware-recorded CS=0x1b (CPL=3) -- requested 64 bytes, returning heap pointer 0x555570001938
milestone 33: syscall SBRK (process 3) -- hardware-recorded CS=0x1b (CPL=3) -- requested 56 bytes, returning heap pointer 0x555570001978
milestone 33: syscall SBRK (process 3) -- hardware-recorded CS=0x1b (CPL=3) -- requested 56 bytes, returning heap pointer 0x5555700019b0
milestone 33: syscall SBRK (process 3) -- hardware-recorded CS=0x1b (CPL=3) -- requested 64 bytes, returning heap pointer 0x5555700019e8
milestone 33: syscall SBRK (process 3) -- hardware-recorded CS=0x1b (CPL=3) -- requested 56 bytes, returning heap pointer 0x555570001a28
milestone 33: syscall SBRK (process 3) -- hardware-recorded CS=0x1b (CPL=3) -- requested 64 bytes, returning heap pointer 0x555570001a60
milestone 33: syscall SBRK (process 3) -- hardware-recorded CS=0x1b (CPL=3) -- requested 64 bytes, returning heap pointer 0x555570001aa0
milestone 33: syscall SBRK (process 3) -- hardware-recorded CS=0x1b (CPL=3) -- requested 64 bytes, returning heap pointer 0x555570001ae0
milestone 33: syscall SBRK (process 3) -- hardware-recorded CS=0x1b (CPL=3) -- requested 56 bytes, returning heap pointer 0x555570001b20
milestone 33: syscall SBRK (process 3) -- hardware-recorded CS=0x1b (CPL=3) -- requested 56 bytes, returning heap pointer 0x555570001b58
milestone 33: syscall SBRK (process 3) -- hardware-recorded CS=0x1b (CPL=3) -- requested 200 bytes, returning heap pointer 0x555570001b90
milestone 33: syscall SBRK (process 3) -- hardware-recorded CS=0x1b (CPL=3) -- requested 136 bytes, returning heap pointer 0x555570001c58
milestone 33: syscall SBRK (process 3) -- hardware-recorded CS=0x1b (CPL=3) -- requested 16 bytes, returning heap pointer 0x555570001ce0
milestone 33: syscall SBRK (process 3) -- hardware-recorded CS=0x1b (CPL=3) -- requested 2056 bytes, returning heap pointer 0x555570001cf0
milestone 33: syscall SBRK (process 3) -- hardware-recorded CS=0x1b (CPL=3) -- requested 104 bytes, returning heap pointer 0x5555700024f8
milestone 31: syscall WRITE (process 3) -- hardware-recorded CS=0x1b (CPL=3) -- ptr=0x555550009a00 len=54 -- raw bytes >>>
  case62 (// and /* */ comments, in-process) returned=
<<< end of write (54 bytes)
milestone 33: syscall WRITE (process 3) also reads its own private heap at 0x555570000000 -- marker byte 0x00 (' ')
milestone 31: syscall WRITE (process 3) -- hardware-recorded CS=0x1b (CPL=3) -- ptr=0x555560000e17 len=1 -- raw bytes >>>
3
<<< end of write (1 bytes)
milestone 33: syscall WRITE (process 3) also reads its own private heap at 0x555570000000 -- marker byte 0x00 (' ')
milestone 31: syscall WRITE (process 3) -- hardware-recorded CS=0x1b (CPL=3) -- ptr=0x555560000e17 len=1 -- raw bytes >>>
0
<<< end of write (1 bytes)
milestone 33: syscall WRITE (process 3) also reads its own private heap at 0x555570000000 -- marker byte 0x00 (' ')
milestone 31: syscall WRITE (process 3) -- hardware-recorded CS=0x1b (CPL=3) -- ptr=0x55555000995c len=15 -- raw bytes >>>
 (expected 30)

<<< end of write (15 bytes)
milestone 33: syscall WRITE (process 3) also reads its own private heap at 0x555570000000 -- marker byte 0x00 (' ')
milestone 31: syscall WRITE (process 3) -- hardware-recorded CS=0x1b (CPL=3) -- ptr=0x555550009a36 len=42 -- raw bytes >>>
case62_line_and_block_comments_returns_30=
<<< end of write (42 bytes)
milestone 33: syscall WRITE (process 3) also reads its own private heap at 0x555570000000 -- marker byte 0x00 (' ')
milestone 31: syscall WRITE (process 3) -- hardware-recorded CS=0x1b (CPL=3) -- ptr=0x55555000627c len=4 -- raw bytes >>>
PASS
<<< end of write (4 bytes)
milestone 33: syscall WRITE (process 3) also reads its own private heap at 0x555570000000 -- marker byte 0x00 (' ')
milestone 31: syscall WRITE (process 3) -- hardware-recorded CS=0x1b (CPL=3) -- ptr=0x555550006294 len=1 -- raw bytes >>>
 
<<< end of write (1 bytes)
milestone 33: syscall WRITE (process 3) also reads its own private heap at 0x555570000000 -- marker byte 0x00 (' ')
milestone 31: syscall WRITE (process 3) -- hardware-recorded CS=0x1b (CPL=3) -- ptr=0x5555500063a8 len=1 -- raw bytes >>>


<<< end of write (1 bytes)
milestone 33: syscall WRITE (process 3) also reads its own private heap at 0x555570000000 -- marker byte 0x00 (' ')
milestone 33: syscall SBRK (process 3) -- hardware-recorded CS=0x1b (CPL=3) -- requested 6152 bytes, returning heap pointer 0x555570002560
milestone 31: syscall WRITE (process 3) -- hardware-recorded CS=0x1b (CPL=3) -- ptr=0x555550009acb len=58 -- raw bytes >>>
  case63 unterminated block comment rejected, as expected

<<< end of write (58 bytes)
milestone 33: syscall WRITE (process 3) also reads its own private heap at 0x555570000000 -- marker byte 0x00 (' ')
milestone 31: syscall WRITE (process 3) -- hardware-recorded CS=0x1b (CPL=3) -- ptr=0x555550009b05 len=49 -- raw bytes >>>
case63_unterminated_block_comment_is_a_lex_error=
<<< end of write (49 bytes)
milestone 33: syscall WRITE (process 3) also reads its own private heap at 0x555570000000 -- marker byte 0x00 (' ')
milestone 31: syscall WRITE (process 3) -- hardware-recorded CS=0x1b (CPL=3) -- ptr=0x55555000627c len=4 -- raw bytes >>>
PASS
<<< end of write (4 bytes)
milestone 33: syscall WRITE (process 3) also reads its own private heap at 0x555570000000 -- marker byte 0x00 (' ')
milestone 31: syscall WRITE (process 3) -- hardware-recorded CS=0x1b (CPL=3) -- ptr=0x555550006294 len=1 -- raw bytes >>>
 
<<< end of write (1 bytes)
milestone 33: syscall WRITE (process 3) also reads its own private heap at 0x555570000000 -- marker byte 0x00 (' ')
milestone 31: syscall WRITE (process 3) -- hardware-recorded CS=0x1b (CPL=3) -- ptr=0x5555500063a8 len=1 -- raw bytes >>>


<<< end of write (1 bytes)
milestone 33: syscall WRITE (process 3) also reads its own private heap at 0x555570000000 -- marker byte 0x00 (' ')
milestone 31: syscall WRITE (process 3) -- hardware-recorded CS=0x1b (CPL=3) -- ptr=0x555550009b36 len=12 -- raw bytes >>>
OVERALL_M94=
<<< end of write (12 bytes)
milestone 33: syscall WRITE (process 3) also reads its own private heap at 0x555570000000 -- marker byte 0x00 (' ')
milestone 31: syscall WRITE (process 3) -- hardware-recorded CS=0x1b (CPL=3) -- ptr=0x55555000627c len=4 -- raw bytes >>>
PASS
<<< end of write (4 bytes)
milestone 33: syscall WRITE (process 3) also reads its own private heap at 0x555570000000 -- marker byte 0x00 (' ')
milestone 31: syscall WRITE (process 3) -- hardware-recorded CS=0x1b (CPL=3) -- ptr=0x5555500063a8 len=1 -- raw bytes >>>


<<< end of write (1 bytes)
milestone 33: syscall WRITE (process 3) also reads its own private heap at 0x555570000000 -- marker byte 0x00 (' ')
milestone 87: syscall SBRK_RESET (process 3) -- hardware-recorded CS=0x1b (CPL=3) -- heap break rewound to 0x555570000000
milestone 33: syscall SBRK (process 3) -- hardware-recorded CS=0x1b (CPL=3) -- requested 6152 bytes, returning heap pointer 0x555570000000
milestone 33: syscall SBRK (process 3) -- hardware-recorded CS=0x1b (CPL=3) -- requested 56 bytes, returning heap pointer 0x555570001808
milestone 33: syscall SBRK (process 3) -- hardware-recorded CS=0x1b (CPL=3) -- requested 64 bytes, returning heap pointer 0x555570001840
milestone 33: syscall SBRK (process 3) -- hardware-recorded CS=0x1b (CPL=3) -- requested 56 bytes, returning heap pointer 0x555570001880
milestone 33: syscall SBRK (process 3) -- hardware-recorded CS=0x1b (CPL=3) -- requested 56 bytes, returning heap pointer 0x5555700018b8
milestone 33: syscall SBRK (process 3) -- hardware-recorded CS=0x1b (CPL=3) -- requested 64 bytes, returning heap pointer 0x5555700018f0
milestone 33: syscall SBRK (process 3) -- hardware-recorded CS=0x1b (CPL=3) -- requested 56 bytes, returning heap pointer 0x555570001930
milestone 33: syscall SBRK (process 3) -- hardware-recorded CS=0x1b (CPL=3) -- requested 56 bytes, returning heap pointer 0x555570001968
milestone 33: syscall SBRK (process 3) -- hardware-recorded CS=0x1b (CPL=3) -- requested 64 bytes, returning heap pointer 0x5555700019a0
milestone 33: syscall SBRK (process 3) -- hardware-recorded CS=0x1b (CPL=3) -- requested 56 bytes, returning heap pointer 0x5555700019e0
milestone 33: syscall SBRK (process 3) -- hardware-recorded CS=0x1b (CPL=3) -- requested 64 bytes, returning heap pointer 0x555570001a18
milestone 33: syscall SBRK (process 3) -- hardware-recorded CS=0x1b (CPL=3) -- requested 64 bytes, returning heap pointer 0x555570001a58
milestone 33: syscall SBRK (process 3) -- hardware-recorded CS=0x1b (CPL=3) -- requested 64 bytes, returning heap pointer 0x555570001a98
milestone 33: syscall SBRK (process 3) -- hardware-recorded CS=0x1b (CPL=3) -- requested 64 bytes, returning heap pointer 0x555570001ad8
milestone 33: syscall SBRK (process 3) -- hardware-recorded CS=0x1b (CPL=3) -- requested 64 bytes, returning heap pointer 0x555570001b18
milestone 33: syscall SBRK (process 3) -- hardware-recorded CS=0x1b (CPL=3) -- requested 56 bytes, returning heap pointer 0x555570001b58
milestone 33: syscall SBRK (process 3) -- hardware-recorded CS=0x1b (CPL=3) -- requested 56 bytes, returning heap pointer 0x555570001b90
milestone 33: syscall SBRK (process 3) -- hardware-recorded CS=0x1b (CPL=3) -- requested 200 bytes, returning heap pointer 0x555570001bc8
milestone 33: syscall SBRK (process 3) -- hardware-recorded CS=0x1b (CPL=3) -- requested 136 bytes, returning heap pointer 0x555570001c90
milestone 33: syscall SBRK (process 3) -- hardware-recorded CS=0x1b (CPL=3) -- requested 16 bytes, returning heap pointer 0x555570001d18
milestone 33: syscall SBRK (process 3) -- hardware-recorded CS=0x1b (CPL=3) -- requested 2056 bytes, returning heap pointer 0x555570001d28
milestone 33: syscall SBRK (process 3) -- hardware-recorded CS=0x1b (CPL=3) -- requested 104 bytes, returning heap pointer 0x555570002530
milestone 31: syscall WRITE (process 3) -- hardware-recorded CS=0x1b (CPL=3) -- ptr=0x555550009b8e len=60 -- raw bytes >>>
  case64 (0x hex + 0b binary literals, in-process) returned=
<<< end of write (60 bytes)
milestone 33: syscall WRITE (process 3) also reads its own private heap at 0x555570000000 -- marker byte 0x00 (' ')
milestone 31: syscall WRITE (process 3) -- hardware-recorded CS=0x1b (CPL=3) -- ptr=0x555560000e17 len=1 -- raw bytes >>>
2
<<< end of write (1 bytes)
milestone 33: syscall WRITE (process 3) also reads its own private heap at 0x555570000000 -- marker byte 0x00 (' ')
milestone 31: syscall WRITE (process 3) -- hardware-recorded CS=0x1b (CPL=3) -- ptr=0x555560000e17 len=1 -- raw bytes >>>
8
<<< end of write (1 bytes)
milestone 33: syscall WRITE (process 3) also reads its own private heap at 0x555570000000 -- marker byte 0x00 (' ')
milestone 31: syscall WRITE (process 3) -- hardware-recorded CS=0x1b (CPL=3) -- ptr=0x555560000e17 len=1 -- raw bytes >>>
1
<<< end of write (1 bytes)
milestone 33: syscall WRITE (process 3) also reads its own private heap at 0x555570000000 -- marker byte 0x00 (' ')
milestone 31: syscall WRITE (process 3) -- hardware-recorded CS=0x1b (CPL=3) -- ptr=0x5555500066d3 len=16 -- raw bytes >>>
 (expected 281)

<<< end of write (16 bytes)
milestone 33: syscall WRITE (process 3) also reads its own private heap at 0x555570000000 -- marker byte 0x00 (' ')
milestone 31: syscall WRITE (process 3) -- hardware-recorded CS=0x1b (CPL=3) -- ptr=0x555550009bca len=42 -- raw bytes >>>
case64_hex_and_binary_literals_return_281=
<<< end of write (42 bytes)
milestone 33: syscall WRITE (process 3) also reads its own private heap at 0x555570000000 -- marker byte 0x00 (' ')
milestone 31: syscall WRITE (process 3) -- hardware-recorded CS=0x1b (CPL=3) -- ptr=0x55555000627c len=4 -- raw bytes >>>
PASS
<<< end of write (4 bytes)
milestone 33: syscall WRITE (process 3) also reads its own private heap at 0x555570000000 -- marker byte 0x00 (' ')
milestone 31: syscall WRITE (process 3) -- hardware-recorded CS=0x1b (CPL=3) -- ptr=0x555550006294 len=1 -- raw bytes >>>
 
<<< end of write (1 bytes)
milestone 33: syscall WRITE (process 3) also reads its own private heap at 0x555570000000 -- marker byte 0x00 (' ')
milestone 31: syscall WRITE (process 3) -- hardware-recorded CS=0x1b (CPL=3) -- ptr=0x5555500063a8 len=1 -- raw bytes >>>


<<< end of write (1 bytes)
milestone 33: syscall WRITE (process 3) also reads its own private heap at 0x555570000000 -- marker byte 0x00 (' ')
milestone 33: syscall SBRK (process 3) -- hardware-recorded CS=0x1b (CPL=3) -- requested 6152 bytes, returning heap pointer 0x555570002598
milestone 31: syscall WRITE (process 3) -- hardware-recorded CS=0x1b (CPL=3) -- ptr=0x555550009c4a len=54 -- raw bytes >>>
  case65 empty hex literal "0x" rejected, as expected

<<< end of write (54 bytes)
milestone 33: syscall WRITE (process 3) also reads its own private heap at 0x555570000000 -- marker byte 0x00 (' ')
milestone 31: syscall WRITE (process 3) -- hardware-recorded CS=0x1b (CPL=3) -- ptr=0x555550009c80 len=40 -- raw bytes >>>
case65_empty_hex_literal_is_a_lex_error=
<<< end of write (40 bytes)
milestone 33: syscall WRITE (process 3) also reads its own private heap at 0x555570000000 -- marker byte 0x00 (' ')
milestone 31: syscall WRITE (process 3) -- hardware-recorded CS=0x1b (CPL=3) -- ptr=0x55555000627c len=4 -- raw bytes >>>
PASS
<<< end of write (4 bytes)
milestone 33: syscall WRITE (process 3) also reads its own private heap at 0x555570000000 -- marker byte 0x00 (' ')
milestone 31: syscall WRITE (process 3) -- hardware-recorded CS=0x1b (CPL=3) -- ptr=0x555550006294 len=1 -- raw bytes >>>
 
<<< end of write (1 bytes)
milestone 33: syscall WRITE (process 3) also reads its own private heap at 0x555570000000 -- marker byte 0x00 (' ')
milestone 31: syscall WRITE (process 3) -- hardware-recorded CS=0x1b (CPL=3) -- ptr=0x5555500063a8 len=1 -- raw bytes >>>


<<< end of write (1 bytes)
milestone 33: syscall WRITE (process 3) also reads its own private heap at 0x555570000000 -- marker byte 0x00 (' ')
milestone 31: syscall WRITE (process 3) -- hardware-recorded CS=0x1b (CPL=3) -- ptr=0x555550009ca8 len=12 -- raw bytes >>>
OVERALL_M95=
<<< end of write (12 bytes)
milestone 33: syscall WRITE (process 3) also reads its own private heap at 0x555570000000 -- marker byte 0x00 (' ')
milestone 31: syscall WRITE (process 3) -- hardware-recorded CS=0x1b (CPL=3) -- ptr=0x55555000627c len=4 -- raw bytes >>>
PASS
<<< end of write (4 bytes)
milestone 33: syscall WRITE (process 3) also reads its own private heap at 0x555570000000 -- marker byte 0x00 (' ')
milestone 31: syscall WRITE (process 3) -- hardware-recorded CS=0x1b (CPL=3) -- ptr=0x5555500063a8 len=1 -- raw bytes >>>


<<< end of write (1 bytes)
milestone 33: syscall WRITE (process 3) also reads its own private heap at 0x555570000000 -- marker byte 0x00 (' ')
milestone 87: syscall SBRK_RESET (process 3) -- hardware-recorded CS=0x1b (CPL=3) -- heap break rewound to 0x555570000000
milestone 33: syscall SBRK (process 3) -- hardware-recorded CS=0x1b (CPL=3) -- requested 6152 bytes, returning heap pointer 0x555570000000
milestone 33: syscall SBRK (process 3) -- hardware-recorded CS=0x1b (CPL=3) -- requested 56 bytes, returning heap pointer 0x555570001808
milestone 33: syscall SBRK (process 3) -- hardware-recorded CS=0x1b (CPL=3) -- requested 64 bytes, returning heap pointer 0x555570001840
milestone 33: syscall SBRK (process 3) -- hardware-recorded CS=0x1b (CPL=3) -- requested 56 bytes, returning heap pointer 0x555570001880
milestone 33: syscall SBRK (process 3) -- hardware-recorded CS=0x1b (CPL=3) -- requested 56 bytes, returning heap pointer 0x5555700018b8
milestone 33: syscall SBRK (process 3) -- hardware-recorded CS=0x1b (CPL=3) -- requested 64 bytes, returning heap pointer 0x5555700018f0
milestone 33: syscall SBRK (process 3) -- hardware-recorded CS=0x1b (CPL=3) -- requested 64 bytes, returning heap pointer 0x555570001930
milestone 33: syscall SBRK (process 3) -- hardware-recorded CS=0x1b (CPL=3) -- requested 64 bytes, returning heap pointer 0x555570001970
milestone 33: syscall SBRK (process 3) -- hardware-recorded CS=0x1b (CPL=3) -- requested 56 bytes, returning heap pointer 0x5555700019b0
milestone 33: syscall SBRK (process 3) -- hardware-recorded CS=0x1b (CPL=3) -- requested 56 bytes, returning heap pointer 0x5555700019e8
milestone 33: syscall SBRK (process 3) -- hardware-recorded CS=0x1b (CPL=3) -- requested 64 bytes, returning heap pointer 0x555570001a20
milestone 33: syscall SBRK (process 3) -- hardware-recorded CS=0x1b (CPL=3) -- requested 56 bytes, returning heap pointer 0x555570001a60
milestone 33: syscall SBRK (process 3) -- hardware-recorded CS=0x1b (CPL=3) -- requested 56 bytes, returning heap pointer 0x555570001a98
milestone 33: syscall SBRK (process 3) -- hardware-recorded CS=0x1b (CPL=3) -- requested 64 bytes, returning heap pointer 0x555570001ad0
milestone 33: syscall SBRK (process 3) -- hardware-recorded CS=0x1b (CPL=3) -- requested 56 bytes, returning heap pointer 0x555570001b10
milestone 33: syscall SBRK (process 3) -- hardware-recorded CS=0x1b (CPL=3) -- requested 64 bytes, returning heap pointer 0x555570001b48
milestone 33: syscall SBRK (process 3) -- hardware-recorded CS=0x1b (CPL=3) -- requested 64 bytes, returning heap pointer 0x555570001b88
milestone 33: syscall SBRK (process 3) -- hardware-recorded CS=0x1b (CPL=3) -- requested 64 bytes, returning heap pointer 0x555570001bc8
milestone 33: syscall SBRK (process 3) -- hardware-recorded CS=0x1b (CPL=3) -- requested 64 bytes, returning heap pointer 0x555570001c08
milestone 33: syscall SBRK (process 3) -- hardware-recorded CS=0x1b (CPL=3) -- requested 64 bytes, returning heap pointer 0x555570001c48
milestone 33: syscall SBRK (process 3) -- hardware-recorded CS=0x1b (CPL=3) -- requested 64 bytes, returning heap pointer 0x555570001c88
milestone 33: syscall SBRK (process 3) -- hardware-recorded CS=0x1b (CPL=3) -- requested 64 bytes, returning heap pointer 0x555570001cc8
milestone 33: syscall SBRK (process 3) -- hardware-recorded CS=0x1b (CPL=3) -- requested 56 bytes, returning heap pointer 0x555570001d08
milestone 33: syscall SBRK (process 3) -- hardware-recorded CS=0x1b (CPL=3) -- requested 56 bytes, returning heap pointer 0x555570001d40
milestone 33: syscall SBRK (process 3) -- hardware-recorded CS=0x1b (CPL=3) -- requested 200 bytes, returning heap pointer 0x555570001d78
milestone 33: syscall SBRK (process 3) -- hardware-recorded CS=0x1b (CPL=3) -- requested 136 bytes, returning heap pointer 0x555570001e40
milestone 33: syscall SBRK (process 3) -- hardware-recorded CS=0x1b (CPL=3) -- requested 16 bytes, returning heap pointer 0x555570001ec8
milestone 33: syscall SBRK (process 3) -- hardware-recorded CS=0x1b (CPL=3) -- requested 2056 bytes, returning heap pointer 0x555570001ed8
milestone 33: syscall SBRK (process 3) -- hardware-recorded CS=0x1b (CPL=3) -- requested 104 bytes, returning heap pointer 0x5555700026e0
milestone 31: syscall WRITE (process 3) -- hardware-recorded CS=0x1b (CPL=3) -- ptr=0x555550009d16 len=56 -- raw bytes >>>
  case66 (char literals + escapes, in-process) returned=
<<< end of write (56 bytes)
milestone 33: syscall WRITE (process 3) also reads its own private heap at 0x555570000000 -- marker byte 0x00 (' ')
milestone 31: syscall WRITE (process 3) -- hardware-recorded CS=0x1b (CPL=3) -- ptr=0x555560000e17 len=1 -- raw bytes >>>
1
<<< end of write (1 bytes)
milestone 33: syscall WRITE (process 3) also reads its own private heap at 0x555570000000 -- marker byte 0x00 (' ')
milestone 31: syscall WRITE (process 3) -- hardware-recorded CS=0x1b (CPL=3) -- ptr=0x555560000e17 len=1 -- raw bytes >>>
0
<<< end of write (1 bytes)
milestone 33: syscall WRITE (process 3) also reads its own private heap at 0x555570000000 -- marker byte 0x00 (' ')
milestone 31: syscall WRITE (process 3) -- hardware-recorded CS=0x1b (CPL=3) -- ptr=0x555560000e17 len=1 -- raw bytes >>>
7
<<< end of write (1 bytes)
milestone 33: syscall WRITE (process 3) also reads its own private heap at 0x555570000000 -- marker byte 0x00 (' ')
milestone 31: syscall WRITE (process 3) -- hardware-recorded CS=0x1b (CPL=3) -- ptr=0x555550006713 len=16 -- raw bytes >>>
 (expected 107)

<<< end of write (16 bytes)
milestone 33: syscall WRITE (process 3) also reads its own private heap at 0x555570000000 -- marker byte 0x00 (' ')
milestone 31: syscall WRITE (process 3) -- hardware-recorded CS=0x1b (CPL=3) -- ptr=0x555550009d4e len=44 -- raw bytes >>>
case66_char_literals_and_escapes_return_107=
<<< end of write (44 bytes)
milestone 33: syscall WRITE (process 3) also reads its own private heap at 0x555570000000 -- marker byte 0x00 (' ')
milestone 31: syscall WRITE (process 3) -- hardware-recorded CS=0x1b (CPL=3) -- ptr=0x55555000627c len=4 -- raw bytes >>>
PASS
<<< end of write (4 bytes)
milestone 33: syscall WRITE (process 3) also reads its own private heap at 0x555570000000 -- marker byte 0x00 (' ')
milestone 31: syscall WRITE (process 3) -- hardware-recorded CS=0x1b (CPL=3) -- ptr=0x555550006294 len=1 -- raw bytes >>>
 
<<< end of write (1 bytes)
milestone 33: syscall WRITE (process 3) also reads its own private heap at 0x555570000000 -- marker byte 0x00 (' ')
milestone 31: syscall WRITE (process 3) -- hardware-recorded CS=0x1b (CPL=3) -- ptr=0x5555500063a8 len=1 -- raw bytes >>>


<<< end of write (1 bytes)
milestone 33: syscall WRITE (process 3) also reads its own private heap at 0x555570000000 -- marker byte 0x00 (' ')
milestone 33: syscall SBRK (process 3) -- hardware-recorded CS=0x1b (CPL=3) -- requested 6152 bytes, returning heap pointer 0x555570002748
milestone 31: syscall WRITE (process 3) -- hardware-recorded CS=0x1b (CPL=3) -- ptr=0x555550009ddb len=61 -- raw bytes >>>
  case67 multi-character constant 'ab' rejected, as expected

<<< end of write (61 bytes)
milestone 33: syscall WRITE (process 3) also reads its own private heap at 0x555570000000 -- marker byte 0x00 (' ')
milestone 31: syscall WRITE (process 3) -- hardware-recorded CS=0x1b (CPL=3) -- ptr=0x555550009e18 len=41 -- raw bytes >>>
case67_multichar_constant_is_a_lex_error=
<<< end of write (41 bytes)
milestone 33: syscall WRITE (process 3) also reads its own private heap at 0x555570000000 -- marker byte 0x00 (' ')
milestone 31: syscall WRITE (process 3) -- hardware-recorded CS=0x1b (CPL=3) -- ptr=0x55555000627c len=4 -- raw bytes >>>
PASS
<<< end of write (4 bytes)
milestone 33: syscall WRITE (process 3) also reads its own private heap at 0x555570000000 -- marker byte 0x00 (' ')
milestone 31: syscall WRITE (process 3) -- hardware-recorded CS=0x1b (CPL=3) -- ptr=0x555550006294 len=1 -- raw bytes >>>
 
<<< end of write (1 bytes)
milestone 33: syscall WRITE (process 3) also reads its own private heap at 0x555570000000 -- marker byte 0x00 (' ')
milestone 31: syscall WRITE (process 3) -- hardware-recorded CS=0x1b (CPL=3) -- ptr=0x5555500063a8 len=1 -- raw bytes >>>


<<< end of write (1 bytes)
milestone 33: syscall WRITE (process 3) also reads its own private heap at 0x555570000000 -- marker byte 0x00 (' ')
milestone 31: syscall WRITE (process 3) -- hardware-recorded CS=0x1b (CPL=3) -- ptr=0x555550009e41 len=12 -- raw bytes >>>
OVERALL_M97=
<<< end of write (12 bytes)
milestone 33: syscall WRITE (process 3) also reads its own private heap at 0x555570000000 -- marker byte 0x00 (' ')
milestone 31: syscall WRITE (process 3) -- hardware-recorded CS=0x1b (CPL=3) -- ptr=0x55555000627c len=4 -- raw bytes >>>
PASS
<<< end of write (4 bytes)
milestone 33: syscall WRITE (process 3) also reads its own private heap at 0x555570000000 -- marker byte 0x00 (' ')
milestone 31: syscall WRITE (process 3) -- hardware-recorded CS=0x1b (CPL=3) -- ptr=0x5555500063a8 len=1 -- raw bytes >>>


<<< end of write (1 bytes)
milestone 33: syscall WRITE (process 3) also reads its own private heap at 0x555570000000 -- marker byte 0x00 (' ')
milestone 87: syscall SBRK_RESET (process 3) -- hardware-recorded CS=0x1b (CPL=3) -- heap break rewound to 0x555570000000
milestone 33: syscall SBRK (process 3) -- hardware-recorded CS=0x1b (CPL=3) -- requested 6152 bytes, returning heap pointer 0x555570000000
milestone 33: syscall SBRK (process 3) -- hardware-recorded CS=0x1b (CPL=3) -- requested 56 bytes, returning heap pointer 0x555570001808
milestone 33: syscall SBRK (process 3) -- hardware-recorded CS=0x1b (CPL=3) -- requested 64 bytes, returning heap pointer 0x555570001840
milestone 33: syscall SBRK (process 3) -- hardware-recorded CS=0x1b (CPL=3) -- requested 56 bytes, returning heap pointer 0x555570001880
milestone 33: syscall SBRK (process 3) -- hardware-recorded CS=0x1b (CPL=3) -- requested 64 bytes, returning heap pointer 0x5555700018b8
milestone 33: syscall SBRK (process 3) -- hardware-recorded CS=0x1b (CPL=3) -- requested 64 bytes, returning heap pointer 0x5555700018f8
milestone 33: syscall SBRK (process 3) -- hardware-recorded CS=0x1b (CPL=3) -- requested 64 bytes, returning heap pointer 0x555570001938
milestone 33: syscall SBRK (process 3) -- hardware-recorded CS=0x1b (CPL=3) -- requested 64 bytes, returning heap pointer 0x555570001978
milestone 33: syscall SBRK (process 3) -- hardware-recorded CS=0x1b (CPL=3) -- requested 64 bytes, returning heap pointer 0x5555700019b8
milestone 33: syscall SBRK (process 3) -- hardware-recorded CS=0x1b (CPL=3) -- requested 56 bytes, returning heap pointer 0x5555700019f8
milestone 33: syscall SBRK (process 3) -- hardware-recorded CS=0x1b (CPL=3) -- requested 56 bytes, returning heap pointer 0x555570001a30
milestone 33: syscall SBRK (process 3) -- hardware-recorded CS=0x1b (CPL=3) -- requested 200 bytes, returning heap pointer 0x555570001a68
milestone 33: syscall SBRK (process 3) -- hardware-recorded CS=0x1b (CPL=3) -- requested 136 bytes, returning heap pointer 0x555570001b30
milestone 33: syscall SBRK (process 3) -- hardware-recorded CS=0x1b (CPL=3) -- requested 16 bytes, returning heap pointer 0x555570001bb8
milestone 33: syscall SBRK (process 3) -- hardware-recorded CS=0x1b (CPL=3) -- requested 2056 bytes, returning heap pointer 0x555570001bc8
milestone 33: syscall SBRK (process 3) -- hardware-recorded CS=0x1b (CPL=3) -- requested 104 bytes, returning heap pointer 0x5555700023d0
milestone 31: syscall WRITE (process 3) -- hardware-recorded CS=0x1b (CPL=3) -- ptr=0x555550009e7c len=53 -- raw bytes >>>
  case68 (unary + on literal/var/next-to-*) returned=
<<< end of write (53 bytes)
milestone 33: syscall WRITE (process 3) also reads its own private heap at 0x555570000000 -- marker byte 0x00 (' ')
milestone 31: syscall WRITE (process 3) -- hardware-recorded CS=0x1b (CPL=3) -- ptr=0x555560000e17 len=1 -- raw bytes >>>
1
<<< end of write (1 bytes)
milestone 33: syscall WRITE (process 3) also reads its own private heap at 0x555570000000 -- marker byte 0x00 (' ')
milestone 31: syscall WRITE (process 3) -- hardware-recorded CS=0x1b (CPL=3) -- ptr=0x555560000e17 len=1 -- raw bytes >>>
1
<<< end of write (1 bytes)
milestone 33: syscall WRITE (process 3) also reads its own private heap at 0x555570000000 -- marker byte 0x00 (' ')
milestone 31: syscall WRITE (process 3) -- hardware-recorded CS=0x1b (CPL=3) -- ptr=0x555550009eb1 len=15 -- raw bytes >>>
 (expected 11)

<<< end of write (15 bytes)
milestone 33: syscall WRITE (process 3) also reads its own private heap at 0x555570000000 -- marker byte 0x00 (' ')
milestone 31: syscall WRITE (process 3) -- hardware-recorded CS=0x1b (CPL=3) -- ptr=0x555550009ec0 len=39 -- raw bytes >>>
case68_unary_plus_is_a_noop_returns_11=
<<< end of write (39 bytes)
milestone 33: syscall WRITE (process 3) also reads its own private heap at 0x555570000000 -- marker byte 0x00 (' ')
milestone 31: syscall WRITE (process 3) -- hardware-recorded CS=0x1b (CPL=3) -- ptr=0x55555000627c len=4 -- raw bytes >>>
PASS
<<< end of write (4 bytes)
milestone 33: syscall WRITE (process 3) also reads its own private heap at 0x555570000000 -- marker byte 0x00 (' ')
milestone 31: syscall WRITE (process 3) -- hardware-recorded CS=0x1b (CPL=3) -- ptr=0x555550006294 len=1 -- raw bytes >>>
 
<<< end of write (1 bytes)
milestone 33: syscall WRITE (process 3) also reads its own private heap at 0x555570000000 -- marker byte 0x00 (' ')
milestone 31: syscall WRITE (process 3) -- hardware-recorded CS=0x1b (CPL=3) -- ptr=0x5555500063a8 len=1 -- raw bytes >>>


<<< end of write (1 bytes)
milestone 33: syscall WRITE (process 3) also reads its own private heap at 0x555570000000 -- marker byte 0x00 (' ')
milestone 87: syscall SBRK_RESET (process 3) -- hardware-recorded CS=0x1b (CPL=3) -- heap break rewound to 0x555570000000
milestone 33: syscall SBRK (process 3) -- hardware-recorded CS=0x1b (CPL=3) -- requested 6152 bytes, returning heap pointer 0x555570000000
milestone 33: syscall SBRK (process 3) -- hardware-recorded CS=0x1b (CPL=3) -- requested 56 bytes, returning heap pointer 0x555570001808
milestone 33: syscall SBRK (process 3) -- hardware-recorded CS=0x1b (CPL=3) -- requested 64 bytes, returning heap pointer 0x555570001840
milestone 33: syscall SBRK (process 3) -- hardware-recorded CS=0x1b (CPL=3) -- requested 56 bytes, returning heap pointer 0x555570001880
milestone 33: syscall SBRK (process 3) -- hardware-recorded CS=0x1b (CPL=3) -- requested 64 bytes, returning heap pointer 0x5555700018b8
milestone 33: syscall SBRK (process 3) -- hardware-recorded CS=0x1b (CPL=3) -- requested 64 bytes, returning heap pointer 0x5555700018f8
milestone 33: syscall SBRK (process 3) -- hardware-recorded CS=0x1b (CPL=3) -- requested 64 bytes, returning heap pointer 0x555570001938
milestone 33: syscall SBRK (process 3) -- hardware-recorded CS=0x1b (CPL=3) -- requested 56 bytes, returning heap pointer 0x555570001978
milestone 33: syscall SBRK (process 3) -- hardware-recorded CS=0x1b (CPL=3) -- requested 56 bytes, returning heap pointer 0x5555700019b0
milestone 33: syscall SBRK (process 3) -- hardware-recorded CS=0x1b (CPL=3) -- requested 200 bytes, returning heap pointer 0x5555700019e8
milestone 33: syscall SBRK (process 3) -- hardware-recorded CS=0x1b (CPL=3) -- requested 136 bytes, returning heap pointer 0x555570001ab0
milestone 33: syscall SBRK (process 3) -- hardware-recorded CS=0x1b (CPL=3) -- requested 16 bytes, returning heap pointer 0x555570001b38
milestone 33: syscall SBRK (process 3) -- hardware-recorded CS=0x1b (CPL=3) -- requested 2056 bytes, returning heap pointer 0x555570001b48
milestone 33: syscall SBRK (process 3) -- hardware-recorded CS=0x1b (CPL=3) -- requested 104 bytes, returning heap pointer 0x555570002350
milestone 31: syscall WRITE (process 3) -- hardware-recorded CS=0x1b (CPL=3) -- ptr=0x555550009f0e len=56 -- raw bytes >>>
  case69 (-+-x, unary + composes with unary -) returned=
<<< end of write (56 bytes)
milestone 33: syscall WRITE (process 3) also reads its own private heap at 0x555570000000 -- marker byte 0x00 (' ')
milestone 31: syscall WRITE (process 3) -- hardware-recorded CS=0x1b (CPL=3) -- ptr=0x555560000e17 len=1 -- raw bytes >>>
1
<<< end of write (1 bytes)
milestone 33: syscall WRITE (process 3) also reads its own private heap at 0x555570000000 -- marker byte 0x00 (' ')
milestone 31: syscall WRITE (process 3) -- hardware-recorded CS=0x1b (CPL=3) -- ptr=0x555560000e17 len=1 -- raw bytes >>>
0
<<< end of write (1 bytes)
milestone 33: syscall WRITE (process 3) also reads its own private heap at 0x555570000000 -- marker byte 0x00 (' ')
milestone 31: syscall WRITE (process 3) -- hardware-recorded CS=0x1b (CPL=3) -- ptr=0x555550008acb len=15 -- raw bytes >>>
 (expected 10)

<<< end of write (15 bytes)
milestone 33: syscall WRITE (process 3) also reads its own private heap at 0x555570000000 -- marker byte 0x00 (' ')
milestone 31: syscall WRITE (process 3) -- hardware-recorded CS=0x1b (CPL=3) -- ptr=0x555550009f46 len=55 -- raw bytes >>>
case69_unary_plus_composes_with_unary_minus_returns_10=
<<< end of write (55 bytes)
milestone 33: syscall WRITE (process 3) also reads its own private heap at 0x555570000000 -- marker byte 0x00 (' ')
milestone 31: syscall WRITE (process 3) -- hardware-recorded CS=0x1b (CPL=3) -- ptr=0x55555000627c len=4 -- raw bytes >>>
PASS
<<< end of write (4 bytes)
milestone 33: syscall WRITE (process 3) also reads its own private heap at 0x555570000000 -- marker byte 0x00 (' ')
milestone 31: syscall WRITE (process 3) -- hardware-recorded CS=0x1b (CPL=3) -- ptr=0x555550006294 len=1 -- raw bytes >>>
 
<<< end of write (1 bytes)
milestone 33: syscall WRITE (process 3) also reads its own private heap at 0x555570000000 -- marker byte 0x00 (' ')
milestone 31: syscall WRITE (process 3) -- hardware-recorded CS=0x1b (CPL=3) -- ptr=0x5555500063a8 len=1 -- raw bytes >>>


<<< end of write (1 bytes)
milestone 33: syscall WRITE (process 3) also reads its own private heap at 0x555570000000 -- marker byte 0x00 (' ')
milestone 31: syscall WRITE (process 3) -- hardware-recorded CS=0x1b (CPL=3) -- ptr=0x555550009f7d len=12 -- raw bytes >>>
OVERALL_M98=
<<< end of write (12 bytes)
milestone 33: syscall WRITE (process 3) also reads its own private heap at 0x555570000000 -- marker byte 0x00 (' ')
milestone 31: syscall WRITE (process 3) -- hardware-recorded CS=0x1b (CPL=3) -- ptr=0x55555000627c len=4 -- raw bytes >>>
PASS
<<< end of write (4 bytes)
milestone 33: syscall WRITE (process 3) also reads its own private heap at 0x555570000000 -- marker byte 0x00 (' ')
milestone 31: syscall WRITE (process 3) -- hardware-recorded CS=0x1b (CPL=3) -- ptr=0x5555500063a8 len=1 -- raw bytes >>>


<<< end of write (1 bytes)
milestone 33: syscall WRITE (process 3) also reads its own private heap at 0x555570000000 -- marker byte 0x00 (' ')
milestone 87: syscall SBRK_RESET (process 3) -- hardware-recorded CS=0x1b (CPL=3) -- heap break rewound to 0x555570000000
milestone 33: syscall SBRK (process 3) -- hardware-recorded CS=0x1b (CPL=3) -- requested 6152 bytes, returning heap pointer 0x555570000000
milestone 33: syscall SBRK (process 3) -- hardware-recorded CS=0x1b (CPL=3) -- requested 56 bytes, returning heap pointer 0x555570001808
milestone 33: syscall SBRK (process 3) -- hardware-recorded CS=0x1b (CPL=3) -- requested 64 bytes, returning heap pointer 0x555570001840
milestone 33: syscall SBRK (process 3) -- hardware-recorded CS=0x1b (CPL=3) -- requested 56 bytes, returning heap pointer 0x555570001880
milestone 33: syscall SBRK (process 3) -- hardware-recorded CS=0x1b (CPL=3) -- requested 56 bytes, returning heap pointer 0x5555700018b8
milestone 33: syscall SBRK (process 3) -- hardware-recorded CS=0x1b (CPL=3) -- requested 64 bytes, returning heap pointer 0x5555700018f0
milestone 33: syscall SBRK (process 3) -- hardware-recorded CS=0x1b (CPL=3) -- requested 56 bytes, returning heap pointer 0x555570001930
milestone 33: syscall SBRK (process 3) -- hardware-recorded CS=0x1b (CPL=3) -- requested 64 bytes, returning heap pointer 0x555570001968
milestone 33: syscall SBRK (process 3) -- hardware-recorded CS=0x1b (CPL=3) -- requested 64 bytes, returning heap pointer 0x5555700019a8
milestone 33: syscall SBRK (process 3) -- hardware-recorded CS=0x1b (CPL=3) -- requested 64 bytes, returning heap pointer 0x5555700019e8
milestone 33: syscall SBRK (process 3) -- hardware-recorded CS=0x1b (CPL=3) -- requested 56 bytes, returning heap pointer 0x555570001a28
milestone 33: syscall SBRK (process 3) -- hardware-recorded CS=0x1b (CPL=3) -- requested 64 bytes, returning heap pointer 0x555570001a60
milestone 33: syscall SBRK (process 3) -- hardware-recorded CS=0x1b (CPL=3) -- requested 64 bytes, returning heap pointer 0x555570001aa0
milestone 33: syscall SBRK (process 3) -- hardware-recorded CS=0x1b (CPL=3) -- requested 64 bytes, returning heap pointer 0x555570001ae0
milestone 33: syscall SBRK (process 3) -- hardware-recorded CS=0x1b (CPL=3) -- requested 56 bytes, returning heap pointer 0x555570001b20
milestone 33: syscall SBRK (process 3) -- hardware-recorded CS=0x1b (CPL=3) -- requested 64 bytes, returning heap pointer 0x555570001b58
milestone 33: syscall SBRK (process 3) -- hardware-recorded CS=0x1b (CPL=3) -- requested 64 bytes, returning heap pointer 0x555570001b98
milestone 33: syscall SBRK (process 3) -- hardware-recorded CS=0x1b (CPL=3) -- requested 64 bytes, returning heap pointer 0x555570001bd8
milestone 33: syscall SBRK (process 3) -- hardware-recorded CS=0x1b (CPL=3) -- requested 56 bytes, returning heap pointer 0x555570001c18
milestone 33: syscall SBRK (process 3) -- hardware-recorded CS=0x1b (CPL=3) -- requested 64 bytes, returning heap pointer 0x555570001c50
milestone 33: syscall SBRK (process 3) -- hardware-recorded CS=0x1b (CPL=3) -- requested 56 bytes, returning heap pointer 0x555570001c90
milestone 33: syscall SBRK (process 3) -- hardware-recorded CS=0x1b (CPL=3) -- requested 56 bytes, returning heap pointer 0x555570001cc8
milestone 33: syscall SBRK (process 3) -- hardware-recorded CS=0x1b (CPL=3) -- requested 200 bytes, returning heap pointer 0x555570001d00
milestone 33: syscall SBRK (process 3) -- hardware-recorded CS=0x1b (CPL=3) -- requested 136 bytes, returning heap pointer 0x555570001dc8
milestone 33: syscall SBRK (process 3) -- hardware-recorded CS=0x1b (CPL=3) -- requested 16 bytes, returning heap pointer 0x555570001e50
milestone 33: syscall SBRK (process 3) -- hardware-recorded CS=0x1b (CPL=3) -- requested 2056 bytes, returning heap pointer 0x555570001e60
milestone 33: syscall SBRK (process 3) -- hardware-recorded CS=0x1b (CPL=3) -- requested 104 bytes, returning heap pointer 0x555570002668
milestone 31: syscall WRITE (process 3) -- hardware-recorded CS=0x1b (CPL=3) -- ptr=0x555550009feb len=50 -- raw bytes >>>
  case70 (do-while sum 0..4, in-process) returned=
<<< end of write (50 bytes)
milestone 33: syscall WRITE (process 3) also reads its own private heap at 0x555570000000 -- marker byte 0x00 (' ')
milestone 31: syscall WRITE (process 3) -- hardware-recorded CS=0x1b (CPL=3) -- ptr=0x555560000e17 len=1 -- raw bytes >>>
1
<<< end of write (1 bytes)
milestone 33: syscall WRITE (process 3) also reads its own private heap at 0x555570000000 -- marker byte 0x00 (' ')
milestone 31: syscall WRITE (process 3) -- hardware-recorded CS=0x1b (CPL=3) -- ptr=0x555560000e17 len=1 -- raw bytes >>>
0
<<< end of write (1 bytes)
milestone 33: syscall WRITE (process 3) also reads its own private heap at 0x555570000000 -- marker byte 0x00 (' ')
milestone 31: syscall WRITE (process 3) -- hardware-recorded CS=0x1b (CPL=3) -- ptr=0x555550008acb len=15 -- raw bytes >>>
 (expected 10)

<<< end of write (15 bytes)
milestone 33: syscall WRITE (process 3) also reads its own private heap at 0x555570000000 -- marker byte 0x00 (' ')
milestone 31: syscall WRITE (process 3) -- hardware-recorded CS=0x1b (CPL=3) -- ptr=0x55555000a01d len=31 -- raw bytes >>>
case70_do_while_sum_returns_10=
<<< end of write (31 bytes)
milestone 33: syscall WRITE (process 3) also reads its own private heap at 0x555570000000 -- marker byte 0x00 (' ')
milestone 31: syscall WRITE (process 3) -- hardware-recorded CS=0x1b (CPL=3) -- ptr=0x55555000627c len=4 -- raw bytes >>>
PASS
<<< end of write (4 bytes)
milestone 33: syscall WRITE (process 3) also reads its own private heap at 0x555570000000 -- marker byte 0x00 (' ')
milestone 31: syscall WRITE (process 3) -- hardware-recorded CS=0x1b (CPL=3) -- ptr=0x555550006294 len=1 -- raw bytes >>>
 
<<< end of write (1 bytes)
milestone 33: syscall WRITE (process 3) also reads its own private heap at 0x555570000000 -- marker byte 0x00 (' ')
milestone 31: syscall WRITE (process 3) -- hardware-recorded CS=0x1b (CPL=3) -- ptr=0x5555500063a8 len=1 -- raw bytes >>>


<<< end of write (1 bytes)
milestone 33: syscall WRITE (process 3) also reads its own private heap at 0x555570000000 -- marker byte 0x00 (' ')
milestone 87: syscall SBRK_RESET (process 3) -- hardware-recorded CS=0x1b (CPL=3) -- heap break rewound to 0x555570000000
milestone 33: syscall SBRK (process 3) -- hardware-recorded CS=0x1b (CPL=3) -- requested 6152 bytes, returning heap pointer 0x555570000000
milestone 33: syscall SBRK (process 3) -- hardware-recorded CS=0x1b (CPL=3) -- requested 56 bytes, returning heap pointer 0x555570001808
milestone 33: syscall SBRK (process 3) -- hardware-recorded CS=0x1b (CPL=3) -- requested 64 bytes, returning heap pointer 0x555570001840
milestone 33: syscall SBRK (process 3) -- hardware-recorded CS=0x1b (CPL=3) -- requested 56 bytes, returning heap pointer 0x555570001880
milestone 33: syscall SBRK (process 3) -- hardware-recorded CS=0x1b (CPL=3) -- requested 56 bytes, returning heap pointer 0x5555700018b8
milestone 33: syscall SBRK (process 3) -- hardware-recorded CS=0x1b (CPL=3) -- requested 64 bytes, returning heap pointer 0x5555700018f0
milestone 33: syscall SBRK (process 3) -- hardware-recorded CS=0x1b (CPL=3) -- requested 56 bytes, returning heap pointer 0x555570001930
milestone 33: syscall SBRK (process 3) -- hardware-recorded CS=0x1b (CPL=3) -- requested 64 bytes, returning heap pointer 0x555570001968
milestone 33: syscall SBRK (process 3) -- hardware-recorded CS=0x1b (CPL=3) -- requested 64 bytes, returning heap pointer 0x5555700019a8
milestone 33: syscall SBRK (process 3) -- hardware-recorded CS=0x1b (CPL=3) -- requested 64 bytes, returning heap pointer 0x5555700019e8
milestone 33: syscall SBRK (process 3) -- hardware-recorded CS=0x1b (CPL=3) -- requested 56 bytes, returning heap pointer 0x555570001a28
milestone 33: syscall SBRK (process 3) -- hardware-recorded CS=0x1b (CPL=3) -- requested 64 bytes, returning heap pointer 0x555570001a60
milestone 33: syscall SBRK (process 3) -- hardware-recorded CS=0x1b (CPL=3) -- requested 64 bytes, returning heap pointer 0x555570001aa0
milestone 33: syscall SBRK (process 3) -- hardware-recorded CS=0x1b (CPL=3) -- requested 64 bytes, returning heap pointer 0x555570001ae0
milestone 33: syscall SBRK (process 3) -- hardware-recorded CS=0x1b (CPL=3) -- requested 56 bytes, returning heap pointer 0x555570001b20
milestone 33: syscall SBRK (process 3) -- hardware-recorded CS=0x1b (CPL=3) -- requested 56 bytes, returning heap pointer 0x555570001b58
milestone 33: syscall SBRK (process 3) -- hardware-recorded CS=0x1b (CPL=3) -- requested 64 bytes, returning heap pointer 0x555570001b90
milestone 33: syscall SBRK (process 3) -- hardware-recorded CS=0x1b (CPL=3) -- requested 64 bytes, returning heap pointer 0x555570001bd0
milestone 33: syscall SBRK (process 3) -- hardware-recorded CS=0x1b (CPL=3) -- requested 64 bytes, returning heap pointer 0x555570001c10
milestone 33: syscall SBRK (process 3) -- hardware-recorded CS=0x1b (CPL=3) -- requested 56 bytes, returning heap pointer 0x555570001c50
milestone 33: syscall SBRK (process 3) -- hardware-recorded CS=0x1b (CPL=3) -- requested 56 bytes, returning heap pointer 0x555570001c88
milestone 33: syscall SBRK (process 3) -- hardware-recorded CS=0x1b (CPL=3) -- requested 64 bytes, returning heap pointer 0x555570001cc0
milestone 33: syscall SBRK (process 3) -- hardware-recorded CS=0x1b (CPL=3) -- requested 64 bytes, returning heap pointer 0x555570001d00
milestone 33: syscall SBRK (process 3) -- hardware-recorded CS=0x1b (CPL=3) -- requested 64 bytes, returning heap pointer 0x555570001d40
milestone 33: syscall SBRK (process 3) -- hardware-recorded CS=0x1b (CPL=3) -- requested 56 bytes, returning heap pointer 0x555570001d80
milestone 33: syscall SBRK (process 3) -- hardware-recorded CS=0x1b (CPL=3) -- requested 64 bytes, returning heap pointer 0x555570001db8
milestone 33: syscall SBRK (process 3) -- hardware-recorded CS=0x1b (CPL=3) -- requested 64 bytes, returning heap pointer 0x555570001df8
milestone 33: syscall SBRK (process 3) -- hardware-recorded CS=0x1b (CPL=3) -- requested 64 bytes, returning heap pointer 0x555570001e38
milestone 33: syscall SBRK (process 3) -- hardware-recorded CS=0x1b (CPL=3) -- requested 56 bytes, returning heap pointer 0x555570001e78
milestone 33: syscall SBRK (process 3) -- hardware-recorded CS=0x1b (CPL=3) -- requested 64 bytes, returning heap pointer 0x555570001eb0
milestone 33: syscall SBRK (process 3) -- hardware-recorded CS=0x1b (CPL=3) -- requested 56 bytes, returning heap pointer 0x555570001ef0
milestone 33: syscall SBRK (process 3) -- hardware-recorded CS=0x1b (CPL=3) -- requested 56 bytes, returning heap pointer 0x555570001f28
milestone 33: syscall SBRK (process 3) -- hardware-recorded CS=0x1b (CPL=3) -- requested 200 bytes, returning heap pointer 0x555570001f60
milestone 33: syscall SBRK (process 3) -- hardware-recorded CS=0x1b (CPL=3) -- requested 136 bytes, returning heap pointer 0x555570002028
milestone 33: syscall SBRK (process 3) -- hardware-recorded CS=0x1b (CPL=3) -- requested 16 bytes, returning heap pointer 0x5555700020b0
milestone 33: syscall SBRK (process 3) -- hardware-recorded CS=0x1b (CPL=3) -- requested 2056 bytes, returning heap pointer 0x5555700020c0
milestone 33: syscall SBRK (process 3) -- hardware-recorded CS=0x1b (CPL=3) -- requested 104 bytes, returning heap pointer 0x5555700028c8
milestone 31: syscall WRITE (process 3) -- hardware-recorded CS=0x1b (CPL=3) -- ptr=0x55555000a0d1 len=63 -- raw bytes >>>
  case71 (do-while with break + continue, in-process) returned=
<<< end of write (63 bytes)
milestone 33: syscall WRITE (process 3) also reads its own private heap at 0x555570000000 -- marker byte 0x00 (' ')
milestone 31: syscall WRITE (process 3) -- hardware-recorded CS=0x1b (CPL=3) -- ptr=0x555560000e17 len=1 -- raw bytes >>>
1
<<< end of write (1 bytes)
milestone 33: syscall WRITE (process 3) also reads its own private heap at 0x555570000000 -- marker byte 0x00 (' ')
milestone 31: syscall WRITE (process 3) -- hardware-recorded CS=0x1b (CPL=3) -- ptr=0x555560000e17 len=1 -- raw bytes >>>
2
<<< end of write (1 bytes)
milestone 33: syscall WRITE (process 3) also reads its own private heap at 0x555570000000 -- marker byte 0x00 (' ')
milestone 31: syscall WRITE (process 3) -- hardware-recorded CS=0x1b (CPL=3) -- ptr=0x55555000a110 len=15 -- raw bytes >>>
 (expected 12)

<<< end of write (15 bytes)
milestone 33: syscall WRITE (process 3) also reads its own private heap at 0x555570000000 -- marker byte 0x00 (' ')
milestone 31: syscall WRITE (process 3) -- hardware-recorded CS=0x1b (CPL=3) -- ptr=0x55555000a11f len=46 -- raw bytes >>>
case71_do_while_break_and_continue_returns_12=
<<< end of write (46 bytes)
milestone 33: syscall WRITE (process 3) also reads its own private heap at 0x555570000000 -- marker byte 0x00 (' ')
milestone 31: syscall WRITE (process 3) -- hardware-recorded CS=0x1b (CPL=3) -- ptr=0x55555000627c len=4 -- raw bytes >>>
PASS
<<< end of write (4 bytes)
milestone 33: syscall WRITE (process 3) also reads its own private heap at 0x555570000000 -- marker byte 0x00 (' ')
milestone 31: syscall WRITE (process 3) -- hardware-recorded CS=0x1b (CPL=3) -- ptr=0x555550006294 len=1 -- raw bytes >>>
 
<<< end of write (1 bytes)
milestone 33: syscall WRITE (process 3) also reads its own private heap at 0x555570000000 -- marker byte 0x00 (' ')
milestone 31: syscall WRITE (process 3) -- hardware-recorded CS=0x1b (CPL=3) -- ptr=0x5555500063a8 len=1 -- raw bytes >>>


<<< end of write (1 bytes)
milestone 33: syscall WRITE (process 3) also reads its own private heap at 0x555570000000 -- marker byte 0x00 (' ')
milestone 87: syscall SBRK_RESET (process 3) -- hardware-recorded CS=0x1b (CPL=3) -- heap break rewound to 0x555570000000
milestone 33: syscall SBRK (process 3) -- hardware-recorded CS=0x1b (CPL=3) -- requested 6152 bytes, returning heap pointer 0x555570000000
milestone 33: syscall SBRK (process 3) -- hardware-recorded CS=0x1b (CPL=3) -- requested 56 bytes, returning heap pointer 0x555570001808
milestone 33: syscall SBRK (process 3) -- hardware-recorded CS=0x1b (CPL=3) -- requested 64 bytes, returning heap pointer 0x555570001840
milestone 33: syscall SBRK (process 3) -- hardware-recorded CS=0x1b (CPL=3) -- requested 56 bytes, returning heap pointer 0x555570001880
milestone 33: syscall SBRK (process 3) -- hardware-recorded CS=0x1b (CPL=3) -- requested 56 bytes, returning heap pointer 0x5555700018b8
milestone 33: syscall SBRK (process 3) -- hardware-recorded CS=0x1b (CPL=3) -- requested 64 bytes, returning heap pointer 0x5555700018f0
milestone 33: syscall SBRK (process 3) -- hardware-recorded CS=0x1b (CPL=3) -- requested 56 bytes, returning heap pointer 0x555570001930
milestone 33: syscall SBRK (process 3) -- hardware-recorded CS=0x1b (CPL=3) -- requested 64 bytes, returning heap pointer 0x555570001968
milestone 33: syscall SBRK (process 3) -- hardware-recorded CS=0x1b (CPL=3) -- requested 64 bytes, returning heap pointer 0x5555700019a8
milestone 33: syscall SBRK (process 3) -- hardware-recorded CS=0x1b (CPL=3) -- requested 64 bytes, returning heap pointer 0x5555700019e8
milestone 33: syscall SBRK (process 3) -- hardware-recorded CS=0x1b (CPL=3) -- requested 56 bytes, returning heap pointer 0x555570001a28
milestone 33: syscall SBRK (process 3) -- hardware-recorded CS=0x1b (CPL=3) -- requested 64 bytes, returning heap pointer 0x555570001a60
milestone 33: syscall SBRK (process 3) -- hardware-recorded CS=0x1b (CPL=3) -- requested 64 bytes, returning heap pointer 0x555570001aa0
milestone 33: syscall SBRK (process 3) -- hardware-recorded CS=0x1b (CPL=3) -- requested 64 bytes, returning heap pointer 0x555570001ae0
milestone 33: syscall SBRK (process 3) -- hardware-recorded CS=0x1b (CPL=3) -- requested 56 bytes, returning heap pointer 0x555570001b20
milestone 33: syscall SBRK (process 3) -- hardware-recorded CS=0x1b (CPL=3) -- requested 64 bytes, returning heap pointer 0x555570001b58
milestone 33: syscall SBRK (process 3) -- hardware-recorded CS=0x1b (CPL=3) -- requested 64 bytes, returning heap pointer 0x555570001b98
milestone 33: syscall SBRK (process 3) -- hardware-recorded CS=0x1b (CPL=3) -- requested 64 bytes, returning heap pointer 0x555570001bd8
milestone 33: syscall SBRK (process 3) -- hardware-recorded CS=0x1b (CPL=3) -- requested 56 bytes, returning heap pointer 0x555570001c18
milestone 33: syscall SBRK (process 3) -- hardware-recorded CS=0x1b (CPL=3) -- requested 64 bytes, returning heap pointer 0x555570001c50
milestone 33: syscall SBRK (process 3) -- hardware-recorded CS=0x1b (CPL=3) -- requested 56 bytes, returning heap pointer 0x555570001c90
milestone 33: syscall SBRK (process 3) -- hardware-recorded CS=0x1b (CPL=3) -- requested 56 bytes, returning heap pointer 0x555570001cc8
milestone 33: syscall SBRK (process 3) -- hardware-recorded CS=0x1b (CPL=3) -- requested 200 bytes, returning heap pointer 0x555570001d00
milestone 33: syscall SBRK (process 3) -- hardware-recorded CS=0x1b (CPL=3) -- requested 136 bytes, returning heap pointer 0x555570001dc8
milestone 33: syscall SBRK (process 3) -- hardware-recorded CS=0x1b (CPL=3) -- requested 16 bytes, returning heap pointer 0x555570001e50
milestone 33: syscall SBRK (process 3) -- hardware-recorded CS=0x1b (CPL=3) -- requested 2056 bytes, returning heap pointer 0x555570001e60
milestone 33: syscall SBRK (process 3) -- hardware-recorded CS=0x1b (CPL=3) -- requested 104 bytes, returning heap pointer 0x555570002668
milestone 33: syscall SBRK (process 3) -- hardware-recorded CS=0x1b (CPL=3) -- requested 264 bytes, returning heap pointer 0x5555700026d0
milestone 82: syscall OPEN_TRUNC (process 3) -- hardware-recorded CS=0x1b (CPL=3) -- path='ccout1' -> fd 0 (truncated)
milestone 35: syscall FDWRITE (process 3) -- hardware-recorded CS=0x1b (CPL=3) -- fd=0 requested=249 accepted=249 bytes
milestone 35: syscall CLOSE (process 3) -- fd 0 was dirty, persisted 249 bytes to 'ccout1' on the real on-disk filesystem
milestone 35: syscall CLOSE (process 3) -- hardware-recorded CS=0x1b (CPL=3) -- fd=0 closed successfully
milestone 30: process forked-child -- user p4 index computed as 170 (code 0x555550000000, stack 0x555560000000)
milestone 30: process forked-child -- new pml4 0x234000 populated: 511 kernel-space entries shared, index 170 left private
milestone 30: process forked-child -- private code page mapped to frame 0x23a000, private stack page mapped to frame 0x236000
milestone 100: process forked-child -- 7 extra stack page(s) mapped below USER_STACK_ADDR (32 KiB total stack)
milestone 57: process forked-child -- private heap RESERVED (not mapped): 64 pages at 0x555570000000..0x55557003ffff, 0 physical frames committed until a real page fault demand-pages one
milestone 34: process forked-child -- copied 4096 image bytes into private code frame 0x23a000
milestone 37: fork() -- child's code frame 0x23a000 holds a REAL byte-for-byte copy of the parent's code frame 0x204000 (independently verifiable: same virtual address USER_CODE_ADDR under either process's own CR3, genuinely different physical frames)
milestone 69: fork() -- child also got 15 extra code page(s) REALLY remapped+copied (real fix -- see extra_frames' own doc comment on Process for the bug this closes; a multi-page ELF-loaded parent's pages beyond page 0 used to be silently dropped by fork())
milestone 37: syscall FORK (process 3, 'elf-loaded') -- created child pid 14: pml4=0x234000 code_frame=0x23a000 resume point rip=0x555550005a29 rsp=0x555560000e38
milestone 37: syscall FORK (process 3) -- hardware-recorded CS=0x1b (CPL=3) -- created child pid 14
milestone 37: wait() -- switching CR3 to forked child pid 14's own pml4 0x234000, resuming at rip=0x555550005a29 rsp=0x555560000e38 (its own fork()-time snapshot, rax forced to 0)
milestone 36: process exec'd -- ELF validated: e_entry=0x555550000078 falls inside a mapped segment, 1 PT_LOAD segment(s), 1 total page(s), all within private p4 index 170
milestone 36: process exec'd -- new pml4 0x259000 populated: 511 kernel-space entries shared, index 170 left private
milestone 36: process exec'd -- mapped 1 PT_LOAD page(s): [(93824902758400, 2502656, 249, 5)]
milestone 36: process exec'd -- private stack page mapped to frame 0x261000
milestone 100: process exec'd -- 7 extra stack page(s) mapped below USER_STACK_ADDR (32 KiB total stack)
milestone 57: process exec'd -- private heap RESERVED (not mapped): 64 pages at 0x555570000000..0x55557003ffff, 0 physical frames committed until a real page fault demand-pages one
milestone 54: reclaim_process_frames('forked-child') -- freed 38 physical frame(s) back to the allocator's free list
milestone 45: syscall EXEC (process 14) -- REAL teardown-and-rebuild complete: new pml4=0x259000, new entry=0x555550000078 (real parsed e_entry), fd table/parent_pid/pgid preserved, CR3 switched
milestone 45: syscall EXEC (process 14) -- hardware-recorded CS=0x1b (CPL=3) -- REAL teardown-and-rebuild from 'ccout1' (249 real ELF bytes read from the on-disk filesystem), new address space, jumping directly into the real parsed entry 0x555550000078, never returning to the old one
milestone 30: syscall EXIT -- hardware-recorded CS=0x1b (CPL=3) -- discarding ring-3 context, resuming kernel context
milestone 37: wait() -- forked child pid 14 resumed in kernel context (its own exit() syscall ran; CR3 is currently the KERNEL's own, restored to the parent's by wait_for_child() next)
milestone 54: reclaim_process_frames('exec'd') -- freed 15 physical frame(s) back to the allocator's free list
milestone 43: syscall WAIT (process 3) -- child pid 14 ran to completion and was reaped (real exit code 120), CR3 restored to parent's own pml4 0x205000
milestone 43: syscall WAIT (process 3) -- hardware-recorded CS=0x1b (CPL=3) -- reaped child pid 14, exited normally with code 120
milestone 31: syscall WRITE (process 3) -- hardware-recorded CS=0x1b (CPL=3) -- ptr=0x555550006a21 len=70 -- raw bytes >>>
  real on-disk ELF written, real fork()+exec()+wait() -- child exited=
<<< end of write (70 bytes)
milestone 33: syscall WRITE (process 3) also reads its own private heap at 0x555570000000 -- marker byte 0x00 (' ')
milestone 31: syscall WRITE (process 3) -- hardware-recorded CS=0x1b (CPL=3) -- ptr=0x555550006280 len=4 -- raw bytes >>>
true
<<< end of write (4 bytes)
milestone 33: syscall WRITE (process 3) also reads its own private heap at 0x555570000000 -- marker byte 0x00 (' ')
milestone 31: syscall WRITE (process 3) -- hardware-recorded CS=0x1b (CPL=3) -- ptr=0x555550006703 len=16 -- raw bytes >>>
 real exit code=
<<< end of write (16 bytes)
milestone 33: syscall WRITE (process 3) also reads its own private heap at 0x555570000000 -- marker byte 0x00 (' ')
milestone 31: syscall WRITE (process 3) -- hardware-recorded CS=0x1b (CPL=3) -- ptr=0x555560000e17 len=1 -- raw bytes >>>
1
<<< end of write (1 bytes)
milestone 33: syscall WRITE (process 3) also reads its own private heap at 0x555570000000 -- marker byte 0x00 (' ')
milestone 31: syscall WRITE (process 3) -- hardware-recorded CS=0x1b (CPL=3) -- ptr=0x555560000e17 len=1 -- raw bytes >>>
2
<<< end of write (1 bytes)
milestone 33: syscall WRITE (process 3) also reads its own private heap at 0x555570000000 -- marker byte 0x00 (' ')
milestone 31: syscall WRITE (process 3) -- hardware-recorded CS=0x1b (CPL=3) -- ptr=0x555560000e17 len=1 -- raw bytes >>>
0
<<< end of write (1 bytes)
milestone 33: syscall WRITE (process 3) also reads its own private heap at 0x555570000000 -- marker byte 0x00 (' ')
milestone 31: syscall WRITE (process 3) -- hardware-recorded CS=0x1b (CPL=3) -- ptr=0x555550006a6c len=28 -- raw bytes >>>
 (expected exited=true code=
<<< end of write (28 bytes)
milestone 33: syscall WRITE (process 3) also reads its own private heap at 0x555570000000 -- marker byte 0x00 (' ')
milestone 31: syscall WRITE (process 3) -- hardware-recorded CS=0x1b (CPL=3) -- ptr=0x555560000e17 len=1 -- raw bytes >>>
1
<<< end of write (1 bytes)
milestone 33: syscall WRITE (process 3) also reads its own private heap at 0x555570000000 -- marker byte 0x00 (' ')
milestone 31: syscall WRITE (process 3) -- hardware-recorded CS=0x1b (CPL=3) -- ptr=0x555560000e17 len=1 -- raw bytes >>>
2
<<< end of write (1 bytes)
milestone 33: syscall WRITE (process 3) also reads its own private heap at 0x555570000000 -- marker byte 0x00 (' ')
milestone 31: syscall WRITE (process 3) -- hardware-recorded CS=0x1b (CPL=3) -- ptr=0x555560000e17 len=1 -- raw bytes >>>
0
<<< end of write (1 bytes)
milestone 33: syscall WRITE (process 3) also reads its own private heap at 0x555570000000 -- marker byte 0x00 (' ')
milestone 31: syscall WRITE (process 3) -- hardware-recorded CS=0x1b (CPL=3) -- ptr=0x555550006a88 len=2 -- raw bytes >>>
)

<<< end of write (2 bytes)
milestone 33: syscall WRITE (process 3) also reads its own private heap at 0x555570000000 -- marker byte 0x00 (' ')
milestone 31: syscall WRITE (process 3) -- hardware-recorded CS=0x1b (CPL=3) -- ptr=0x55555000a1d6 len=52 -- raw bytes >>>
case72_real_elf_exec_do_while_factorial_returns_120=
<<< end of write (52 bytes)
milestone 33: syscall WRITE (process 3) also reads its own private heap at 0x555570000000 -- marker byte 0x00 (' ')
milestone 31: syscall WRITE (process 3) -- hardware-recorded CS=0x1b (CPL=3) -- ptr=0x55555000627c len=4 -- raw bytes >>>
PASS
<<< end of write (4 bytes)
milestone 33: syscall WRITE (process 3) also reads its own private heap at 0x555570000000 -- marker byte 0x00 (' ')
milestone 31: syscall WRITE (process 3) -- hardware-recorded CS=0x1b (CPL=3) -- ptr=0x555550006294 len=1 -- raw bytes >>>
 
<<< end of write (1 bytes)
milestone 33: syscall WRITE (process 3) also reads its own private heap at 0x555570000000 -- marker byte 0x00 (' ')
milestone 31: syscall WRITE (process 3) -- hardware-recorded CS=0x1b (CPL=3) -- ptr=0x5555500063a8 len=1 -- raw bytes >>>


<<< end of write (1 bytes)
milestone 33: syscall WRITE (process 3) also reads its own private heap at 0x555570000000 -- marker byte 0x00 (' ')
milestone 31: syscall WRITE (process 3) -- hardware-recorded CS=0x1b (CPL=3) -- ptr=0x55555000a20a len=12 -- raw bytes >>>
OVERALL_M99=
<<< end of write (12 bytes)
milestone 33: syscall WRITE (process 3) also reads its own private heap at 0x555570000000 -- marker byte 0x00 (' ')
milestone 31: syscall WRITE (process 3) -- hardware-recorded CS=0x1b (CPL=3) -- ptr=0x55555000627c len=4 -- raw bytes >>>
PASS
<<< end of write (4 bytes)
milestone 33: syscall WRITE (process 3) also reads its own private heap at 0x555570000000 -- marker byte 0x00 (' ')
milestone 31: syscall WRITE (process 3) -- hardware-recorded CS=0x1b (CPL=3) -- ptr=0x5555500063a8 len=1 -- raw bytes >>>


<<< end of write (1 bytes)
milestone 33: syscall WRITE (process 3) also reads its own private heap at 0x555570000000 -- marker byte 0x00 (' ')
milestone 87: syscall SBRK_RESET (process 3) -- hardware-recorded CS=0x1b (CPL=3) -- heap break rewound to 0x555570000000
milestone 33: syscall SBRK (process 3) -- hardware-recorded CS=0x1b (CPL=3) -- requested 6152 bytes, returning heap pointer 0x555570000000
milestone 33: syscall SBRK (process 3) -- hardware-recorded CS=0x1b (CPL=3) -- requested 56 bytes, returning heap pointer 0x555570001808
milestone 33: syscall SBRK (process 3) -- hardware-recorded CS=0x1b (CPL=3) -- requested 64 bytes, returning heap pointer 0x555570001840
milestone 33: syscall SBRK (process 3) -- hardware-recorded CS=0x1b (CPL=3) -- requested 56 bytes, returning heap pointer 0x555570001880
milestone 33: syscall SBRK (process 3) -- hardware-recorded CS=0x1b (CPL=3) -- requested 56 bytes, returning heap pointer 0x5555700018b8
milestone 33: syscall SBRK (process 3) -- hardware-recorded CS=0x1b (CPL=3) -- requested 56 bytes, returning heap pointer 0x5555700018f0
milestone 33: syscall SBRK (process 3) -- hardware-recorded CS=0x1b (CPL=3) -- requested 64 bytes, returning heap pointer 0x555570001928
milestone 33: syscall SBRK (process 3) -- hardware-recorded CS=0x1b (CPL=3) -- requested 56 bytes, returning heap pointer 0x555570001968
milestone 33: syscall SBRK (process 3) -- hardware-recorded CS=0x1b (CPL=3) -- requested 64 bytes, returning heap pointer 0x5555700019a0
milestone 33: syscall SBRK (process 3) -- hardware-recorded CS=0x1b (CPL=3) -- requested 64 bytes, returning heap pointer 0x5555700019e0
milestone 33: syscall SBRK (process 3) -- hardware-recorded CS=0x1b (CPL=3) -- requested 64 bytes, returning heap pointer 0x555570001a20
milestone 33: syscall SBRK (process 3) -- hardware-recorded CS=0x1b (CPL=3) -- requested 56 bytes, returning heap pointer 0x555570001a60
milestone 33: syscall SBRK (process 3) -- hardware-recorded CS=0x1b (CPL=3) -- requested 64 bytes, returning heap pointer 0x555570001a98
milestone 33: syscall SBRK (process 3) -- hardware-recorded CS=0x1b (CPL=3) -- requested 64 bytes, returning heap pointer 0x555570001ad8
milestone 33: syscall SBRK (process 3) -- hardware-recorded CS=0x1b (CPL=3) -- requested 64 bytes, returning heap pointer 0x555570001b18
milestone 33: syscall SBRK (process 3) -- hardware-recorded CS=0x1b (CPL=3) -- requested 64 bytes, returning heap pointer 0x555570001b58
milestone 33: syscall SBRK (process 3) -- hardware-recorded CS=0x1b (CPL=3) -- requested 64 bytes, returning heap pointer 0x555570001b98
milestone 33: syscall SBRK (process 3) -- hardware-recorded CS=0x1b (CPL=3) -- requested 56 bytes, returning heap pointer 0x555570001bd8
milestone 33: syscall SBRK (process 3) -- hardware-recorded CS=0x1b (CPL=3) -- requested 56 bytes, returning heap pointer 0x555570001c10
milestone 33: syscall SBRK (process 3) -- hardware-recorded CS=0x1b (CPL=3) -- requested 200 bytes, returning heap pointer 0x555570001c48
milestone 33: syscall SBRK (process 3) -- hardware-recorded CS=0x1b (CPL=3) -- requested 136 bytes, returning heap pointer 0x555570001d10
milestone 33: syscall SBRK (process 3) -- hardware-recorded CS=0x1b (CPL=3) -- requested 16 bytes, returning heap pointer 0x555570001d98
milestone 33: syscall SBRK (process 3) -- hardware-recorded CS=0x1b (CPL=3) -- requested 2056 bytes, returning heap pointer 0x555570001da8
milestone 33: syscall SBRK (process 3) -- hardware-recorded CS=0x1b (CPL=3) -- requested 104 bytes, returning heap pointer 0x5555700025b0
milestone 31: syscall WRITE (process 3) -- hardware-recorded CS=0x1b (CPL=3) -- ptr=0x55555000a256 len=55 -- raw bytes >>>
  case73 (mixed multi-declarator, in-process) returned=
<<< end of write (55 bytes)
milestone 33: syscall WRITE (process 3) also reads its own private heap at 0x555570000000 -- marker byte 0x00 (' ')
milestone 31: syscall WRITE (process 3) -- hardware-recorded CS=0x1b (CPL=3) -- ptr=0x555560000e17 len=1 -- raw bytes >>>
8
<<< end of write (1 bytes)
milestone 33: syscall WRITE (process 3) also reads its own private heap at 0x555570000000 -- marker byte 0x00 (' ')
milestone 31: syscall WRITE (process 3) -- hardware-recorded CS=0x1b (CPL=3) -- ptr=0x555550007874 len=14 -- raw bytes >>>
 (expected 8)

<<< end of write (14 bytes)
milestone 33: syscall WRITE (process 3) also reads its own private heap at 0x555570000000 -- marker byte 0x00 (' ')
milestone 31: syscall WRITE (process 3) -- hardware-recorded CS=0x1b (CPL=3) -- ptr=0x55555000a28d len=45 -- raw bytes >>>
case73_multi_declarator_mixed_init_returns_8=
<<< end of write (45 bytes)
milestone 33: syscall WRITE (process 3) also reads its own private heap at 0x555570000000 -- marker byte 0x00 (' ')
milestone 31: syscall WRITE (process 3) -- hardware-recorded CS=0x1b (CPL=3) -- ptr=0x55555000627c len=4 -- raw bytes >>>
PASS
<<< end of write (4 bytes)
milestone 33: syscall WRITE (process 3) also reads its own private heap at 0x555570000000 -- marker byte 0x00 (' ')
milestone 31: syscall WRITE (process 3) -- hardware-recorded CS=0x1b (CPL=3) -- ptr=0x555550006294 len=1 -- raw bytes >>>
 
<<< end of write (1 bytes)
milestone 33: syscall WRITE (process 3) also reads its own private heap at 0x555570000000 -- marker byte 0x00 (' ')
milestone 31: syscall WRITE (process 3) -- hardware-recorded CS=0x1b (CPL=3) -- ptr=0x5555500063a8 len=1 -- raw bytes >>>


<<< end of write (1 bytes)
milestone 33: syscall WRITE (process 3) also reads its own private heap at 0x555570000000 -- marker byte 0x00 (' ')
milestone 87: syscall SBRK_RESET (process 3) -- hardware-recorded CS=0x1b (CPL=3) -- heap break rewound to 0x555570000000
milestone 33: syscall SBRK (process 3) -- hardware-recorded CS=0x1b (CPL=3) -- requested 6152 bytes, returning heap pointer 0x555570000000
milestone 33: syscall SBRK (process 3) -- hardware-recorded CS=0x1b (CPL=3) -- requested 56 bytes, returning heap pointer 0x555570001808
milestone 33: syscall SBRK (process 3) -- hardware-recorded CS=0x1b (CPL=3) -- requested 64 bytes, returning heap pointer 0x555570001840
milestone 33: syscall SBRK (process 3) -- hardware-recorded CS=0x1b (CPL=3) -- requested 56 bytes, returning heap pointer 0x555570001880
milestone 33: syscall SBRK (process 3) -- hardware-recorded CS=0x1b (CPL=3) -- requested 56 bytes, returning heap pointer 0x5555700018b8
milestone 33: syscall SBRK (process 3) -- hardware-recorded CS=0x1b (CPL=3) -- requested 64 bytes, returning heap pointer 0x5555700018f0
milestone 33: syscall SBRK (process 3) -- hardware-recorded CS=0x1b (CPL=3) -- requested 64 bytes, returning heap pointer 0x555570001930
milestone 33: syscall SBRK (process 3) -- hardware-recorded CS=0x1b (CPL=3) -- requested 64 bytes, returning heap pointer 0x555570001970
milestone 33: syscall SBRK (process 3) -- hardware-recorded CS=0x1b (CPL=3) -- requested 56 bytes, returning heap pointer 0x5555700019b0
milestone 33: syscall SBRK (process 3) -- hardware-recorded CS=0x1b (CPL=3) -- requested 56 bytes, returning heap pointer 0x5555700019e8
milestone 33: syscall SBRK (process 3) -- hardware-recorded CS=0x1b (CPL=3) -- requested 64 bytes, returning heap pointer 0x555570001a20
milestone 33: syscall SBRK (process 3) -- hardware-recorded CS=0x1b (CPL=3) -- requested 64 bytes, returning heap pointer 0x555570001a60
milestone 33: syscall SBRK (process 3) -- hardware-recorded CS=0x1b (CPL=3) -- requested 64 bytes, returning heap pointer 0x555570001aa0
milestone 33: syscall SBRK (process 3) -- hardware-recorded CS=0x1b (CPL=3) -- requested 56 bytes, returning heap pointer 0x555570001ae0
milestone 33: syscall SBRK (process 3) -- hardware-recorded CS=0x1b (CPL=3) -- requested 64 bytes, returning heap pointer 0x555570001b18
milestone 33: syscall SBRK (process 3) -- hardware-recorded CS=0x1b (CPL=3) -- requested 56 bytes, returning heap pointer 0x555570001b58
milestone 33: syscall SBRK (process 3) -- hardware-recorded CS=0x1b (CPL=3) -- requested 56 bytes, returning heap pointer 0x555570001b90
milestone 33: syscall SBRK (process 3) -- hardware-recorded CS=0x1b (CPL=3) -- requested 200 bytes, returning heap pointer 0x555570001bc8
milestone 33: syscall SBRK (process 3) -- hardware-recorded CS=0x1b (CPL=3) -- requested 136 bytes, returning heap pointer 0x555570001c90
milestone 33: syscall SBRK (process 3) -- hardware-recorded CS=0x1b (CPL=3) -- requested 16 bytes, returning heap pointer 0x555570001d18
milestone 33: syscall SBRK (process 3) -- hardware-recorded CS=0x1b (CPL=3) -- requested 2056 bytes, returning heap pointer 0x555570001d28
milestone 33: syscall SBRK (process 3) -- hardware-recorded CS=0x1b (CPL=3) -- requested 104 bytes, returning heap pointer 0x555570002530
milestone 31: syscall WRITE (process 3) -- hardware-recorded CS=0x1b (CPL=3) -- ptr=0x55555000a2f3 len=67 -- raw bytes >>>
  case74 (declarator initializer uses earlier declarator) returned=
<<< end of write (67 bytes)
milestone 33: syscall WRITE (process 3) also reads its own private heap at 0x555570000000 -- marker byte 0x00 (' ')
milestone 31: syscall WRITE (process 3) -- hardware-recorded CS=0x1b (CPL=3) -- ptr=0x555560000e17 len=1 -- raw bytes >>>
1
<<< end of write (1 bytes)
milestone 33: syscall WRITE (process 3) also reads its own private heap at 0x555570000000 -- marker byte 0x00 (' ')
milestone 31: syscall WRITE (process 3) -- hardware-recorded CS=0x1b (CPL=3) -- ptr=0x555560000e17 len=1 -- raw bytes >>>
1
<<< end of write (1 bytes)
milestone 33: syscall WRITE (process 3) also reads its own private heap at 0x555570000000 -- marker byte 0x00 (' ')
milestone 31: syscall WRITE (process 3) -- hardware-recorded CS=0x1b (CPL=3) -- ptr=0x555550009eb1 len=15 -- raw bytes >>>
 (expected 11)

<<< end of write (15 bytes)
milestone 33: syscall WRITE (process 3) also reads its own private heap at 0x555570000000 -- marker byte 0x00 (' ')
milestone 31: syscall WRITE (process 3) -- hardware-recorded CS=0x1b (CPL=3) -- ptr=0x55555000a336 len=57 -- raw bytes >>>
case74_multi_declarator_sequential_dependency_returns_11=
<<< end of write (57 bytes)
milestone 33: syscall WRITE (process 3) also reads its own private heap at 0x555570000000 -- marker byte 0x00 (' ')
milestone 31: syscall WRITE (process 3) -- hardware-recorded CS=0x1b (CPL=3) -- ptr=0x55555000627c len=4 -- raw bytes >>>
PASS
<<< end of write (4 bytes)
milestone 33: syscall WRITE (process 3) also reads its own private heap at 0x555570000000 -- marker byte 0x00 (' ')
milestone 31: syscall WRITE (process 3) -- hardware-recorded CS=0x1b (CPL=3) -- ptr=0x555550006294 len=1 -- raw bytes >>>
 
<<< end of write (1 bytes)
milestone 33: syscall WRITE (process 3) also reads its own private heap at 0x555570000000 -- marker byte 0x00 (' ')
milestone 31: syscall WRITE (process 3) -- hardware-recorded CS=0x1b (CPL=3) -- ptr=0x5555500063a8 len=1 -- raw bytes >>>


<<< end of write (1 bytes)
milestone 33: syscall WRITE (process 3) also reads its own private heap at 0x555570000000 -- marker byte 0x00 (' ')
milestone 33: syscall SBRK (process 3) -- hardware-recorded CS=0x1b (CPL=3) -- requested 6152 bytes, returning heap pointer 0x555570002598
milestone 33: syscall SBRK (process 3) -- hardware-recorded CS=0x1b (CPL=3) -- requested 56 bytes, returning heap pointer 0x555570003da0
milestone 31: syscall WRITE (process 3) -- hardware-recorded CS=0x1b (CPL=3) -- ptr=0x55555000a3da len=65 -- raw bytes >>>
  case75 dangling comma in declarator list rejected, as expected

<<< end of write (65 bytes)
milestone 33: syscall WRITE (process 3) also reads its own private heap at 0x555570000000 -- marker byte 0x00 (' ')
milestone 31: syscall WRITE (process 3) -- hardware-recorded CS=0x1b (CPL=3) -- ptr=0x55555000a41b len=50 -- raw bytes >>>
case75_dangling_declarator_comma_is_a_parse_error=
<<< end of write (50 bytes)
milestone 33: syscall WRITE (process 3) also reads its own private heap at 0x555570000000 -- marker byte 0x00 (' ')
milestone 31: syscall WRITE (process 3) -- hardware-recorded CS=0x1b (CPL=3) -- ptr=0x55555000627c len=4 -- raw bytes >>>
PASS
<<< end of write (4 bytes)
milestone 33: syscall WRITE (process 3) also reads its own private heap at 0x555570000000 -- marker byte 0x00 (' ')
milestone 31: syscall WRITE (process 3) -- hardware-recorded CS=0x1b (CPL=3) -- ptr=0x555550006294 len=1 -- raw bytes >>>
 
<<< end of write (1 bytes)
milestone 33: syscall WRITE (process 3) also reads its own private heap at 0x555570000000 -- marker byte 0x00 (' ')
milestone 31: syscall WRITE (process 3) -- hardware-recorded CS=0x1b (CPL=3) -- ptr=0x5555500063a8 len=1 -- raw bytes >>>


<<< end of write (1 bytes)
milestone 33: syscall WRITE (process 3) also reads its own private heap at 0x555570000000 -- marker byte 0x00 (' ')
milestone 31: syscall WRITE (process 3) -- hardware-recorded CS=0x1b (CPL=3) -- ptr=0x55555000a44d len=13 -- raw bytes >>>
OVERALL_M101=
<<< end of write (13 bytes)
milestone 33: syscall WRITE (process 3) also reads its own private heap at 0x555570000000 -- marker byte 0x00 (' ')
milestone 31: syscall WRITE (process 3) -- hardware-recorded CS=0x1b (CPL=3) -- ptr=0x55555000627c len=4 -- raw bytes >>>
PASS
<<< end of write (4 bytes)
milestone 33: syscall WRITE (process 3) also reads its own private heap at 0x555570000000 -- marker byte 0x00 (' ')
milestone 31: syscall WRITE (process 3) -- hardware-recorded CS=0x1b (CPL=3) -- ptr=0x5555500063a8 len=1 -- raw bytes >>>


<<< end of write (1 bytes)
milestone 33: syscall WRITE (process 3) also reads its own private heap at 0x555570000000 -- marker byte 0x00 (' ')
milestone 30: syscall EXIT -- hardware-recorded CS=0x1b (CPL=3) -- discarding ring-3 context, resuming kernel context
milestone 36: elf-loaded process -- resumed in kernel context (CR3 already restored by the exit syscall before this point)
milestone 67: self-test -- cc.elf ran to completion and returned to the kernel cleanly (no panic, no double fault) -- see the 'milestone 67: cc' lines above for the real lexer/parser-correctness evidence written by the program itself
milestone 30: process forked-child -- user p4 index computed as 170 (code 0x555550000000, stack 0x555560000000)
milestone 30: process forked-child -- new pml4 0x25a000 populated: 511 kernel-space entries shared, index 170 left private
milestone 30: process forked-child -- private code page mapped to frame 0x253000, private stack page mapped to frame 0x262000
milestone 100: process forked-child -- 7 extra stack page(s) mapped below USER_STACK_ADDR (32 KiB total stack)
milestone 57: process forked-child -- private heap RESERVED (not mapped): 64 pages at 0x555570000000..0x55557003ffff, 0 physical frames committed until a real page fault demand-pages one
milestone 34: process forked-child -- copied 4096 image bytes into private code frame 0x253000
milestone 37: fork() -- child's code frame 0x253000 holds a REAL byte-for-byte copy of the parent's code frame 0x9b000 (independently verifiable: same virtual address USER_CODE_ADDR under either process's own CR3, genuinely different physical frames)
milestone 37: syscall FORK (process 10, 'fault-test') -- created child pid 14: pml4=0x25a000 code_frame=0x253000 resume point rip=0x0 rsp=0x0
milestone 54: reclaim_process_frames('forked-child') -- freed 15 physical frame(s) back to the allocator's free list
milestone 41: syscall KILL (process 10) -- pid 14 terminated WITHOUT ever running (bypassed wait()'s normal run-then-reap contract), slot freed for reuse
milestone 54: self-test -- forked+killed pid 14 (independently counted real frame cost, leaf+page-tables: 15), free list grew 38 -> 53 -- confirmed
milestone 30: process forked-child -- user p4 index computed as 170 (code 0x555550000000, stack 0x555560000000)
milestone 30: process forked-child -- new pml4 0x257000 populated: 511 kernel-space entries shared, index 170 left private
milestone 30: process forked-child -- private code page mapped to frame 0x264000, private stack page mapped to frame 0x252000
milestone 100: process forked-child -- 7 extra stack page(s) mapped below USER_STACK_ADDR (32 KiB total stack)
milestone 57: process forked-child -- private heap RESERVED (not mapped): 64 pages at 0x555570000000..0x55557003ffff, 0 physical frames committed until a real page fault demand-pages one
milestone 34: process forked-child -- copied 4096 image bytes into private code frame 0x264000
milestone 37: fork() -- child's code frame 0x264000 holds a REAL byte-for-byte copy of the parent's code frame 0x9b000 (independently verifiable: same virtual address USER_CODE_ADDR under either process's own CR3, genuinely different physical frames)
milestone 37: syscall FORK (process 10, 'fault-test') -- created child pid 14: pml4=0x257000 code_frame=0x264000 resume point rip=0x0 rsp=0x0
milestone 54: reclaim_process_frames('forked-child') -- freed 15 physical frame(s) back to the allocator's free list
milestone 41: syscall KILL (process 10) -- pid 14 terminated WITHOUT ever running (bypassed wait()'s normal run-then-reap contract), slot freed for reuse
milestone 54: self-test -- second fork()'s own real frame cost: Some(15) (expected 15, symmetric=true); free list after its construction: 38 (expected 38, fully drained=true)
milestone 54: self-test -- OVERALL: PASS
milestone 77: heterogeneous neuron ensemble self-test starting -- real ata.rs disk I/O as the drive signal, real RDTSC timing, 3 neurons/type x 4 types vs 12x homogeneous LIF
milestone 77: calibrated lif threshold=98.32 (baseline mean=78.50, std=6.61)
milestone 77: calibrated izhikevich threshold=54.00 (baseline mean=54.00, std=0.00)
milestone 77: calibrated adex threshold=54.00 (baseline mean=54.00, std=0.00)
milestone 77: calibrated resonator threshold=3.00 (baseline mean=3.00, std=0.00)
milestone 77: calibrated homogeneous (12x LIF) threshold=365.91 (baseline mean=289.25, std=25.55)
milestone 77: magnitude    heterogeneous=4/4  homogeneous(12xLIF)=4/4
milestone 77: burst        heterogeneous=4/4  homogeneous(12xLIF)=4/4
milestone 77: repetition   heterogeneous=4/4  homogeneous(12xLIF)=4/4
milestone 77: frequency    heterogeneous=4/4  homogeneous(12xLIF)=0/4
milestone 77: TOTAL heterogeneous=16/16 (100.0%)  homogeneous=12/16 (75.0%)
milestone 77: self-test -- OVERALL_M77=PASS (heterogeneous typed ensemble detected more than homogeneous, confirming the Python study's finding transfers to this kernel's own real disk I/O)
milestone 78: heterogeneous STDP self-test starting -- same apply_stdp() formula, real per-type pulse-driven firing, 20 trials/type
milestone 78: lif          pre_fired=20/20 post_fired=20/20 valid_trials=20/20 weight 0.5000 -> 0.5005
milestone 78: izhikevich   pre_fired=20/20 post_fired=20/20 valid_trials=20/20 weight 0.5000 -> 0.5005
milestone 78: adex         pre_fired=1/20 post_fired=1/20 valid_trials=1/20 weight 0.5000 -> 0.5000
milestone 78: resonator    pre_fired=1/20 post_fired=1/20 valid_trials=1/20 weight 0.5000 -> 0.5000
milestone 78: self-test complete -- OVERALL_M78=PASS (all four types produced a real, measured result; see per-type validity rates above for the honest comparison, no single expected outcome enforced)
milestone 80: spiking logic gates self-test starting -- real LIF circuits, 20 steps/evaluation
milestone 80: AND(false, false) = false  (expected false)
milestone 80: AND(false, true) = false  (expected false)
milestone 80: AND(true, false) = false  (expected false)
milestone 80: AND(true, true) = true  (expected true)
milestone 80: case_and_full_truth_table=PASS
milestone 80: OR(false, false) = false  (expected false)
milestone 80: OR(false, true) = true  (expected true)
milestone 80: OR(true, false) = true  (expected true)
milestone 80: OR(true, true) = true  (expected true)
milestone 80: case_or_full_truth_table=PASS
milestone 80: NOT(false) = true  (expected true)
milestone 80: NOT(true) = false  (expected false)
milestone 80: case_not_full_truth_table=PASS
milestone 80: XOR(false, false) = false  (expected false, via real 4-neuron AND/OR/NOT composition)
milestone 80: XOR(false, true) = true  (expected true, via real 4-neuron AND/OR/NOT composition)
milestone 80: XOR(true, false) = true  (expected true, via real 4-neuron AND/OR/NOT composition)
milestone 80: XOR(true, true) = false  (expected false, via real 4-neuron AND/OR/NOT composition)
milestone 80: case_xor_full_truth_table_4neuron_circuit=PASS
milestone 80: self-test -- OVERALL_M80=PASS
milestone 81: 8-bit multi-bit spiking gates self-test starting -- real bit-sliced circuits, 8x20 steps/8-bit-op
milestone 81: a=0x00 b=0x00  AND8=0x00(exp 0x00)  OR8=0x00(exp 0x00)  XOR8=0x00(exp 0x00)
milestone 81: a=0xff b=0xff  AND8=0xff(exp 0xff)  OR8=0xff(exp 0xff)  XOR8=0x00(exp 0x00)
milestone 81: a=0xff b=0x00  AND8=0x00(exp 0x00)  OR8=0xff(exp 0xff)  XOR8=0xff(exp 0xff)
milestone 81: a=0x0f b=0xf0  AND8=0x00(exp 0x00)  OR8=0xff(exp 0xff)  XOR8=0xff(exp 0xff)
milestone 81: a=0xaa b=0x55  AND8=0x00(exp 0x00)  OR8=0xff(exp 0xff)  XOR8=0xff(exp 0xff)
milestone 81: a=0xaa b=0xaa  AND8=0xaa(exp 0xaa)  OR8=0xaa(exp 0xaa)  XOR8=0x00(exp 0x00)
milestone 81: a=0x3c b=0xc3  AND8=0x00(exp 0x00)  OR8=0xff(exp 0xff)  XOR8=0xff(exp 0xff)
milestone 81: a=0x12 b=0x34  AND8=0x10(exp 0x10)  OR8=0x36(exp 0x36)  XOR8=0x26(exp 0x26)
milestone 81: case_and8_8_pairs=PASS
milestone 81: case_or8_8_pairs=PASS
milestone 81: case_xor8_8_pairs=PASS
milestone 81: a=0x00  NOT8=0xff(exp 0xff)
milestone 81: a=0xff  NOT8=0x00(exp 0x00)
milestone 81: a=0x0f  NOT8=0xf0(exp 0xf0)
milestone 81: a=0xaa  NOT8=0x55(exp 0x55)
milestone 81: a=0x12  NOT8=0xed(exp 0xed)
milestone 81: case_not8_5_values=PASS
milestone 81: self-test -- OVERALL_M81=PASS
milestone 5b: 135 real timer interrupts observed after 80 hlt cycles -- PIT firing confirmed
milestone 5c: returned from preemption demo -- worker counters: task0=2346 task1=2238 task2=2478
milestone 5c: all three tasks genuinely preempted and ran -- real preemptive multitasking confirmed
milestone 6: waiting for keyboard input (external test harness will type)...
milestone 6: received 0 chars: ""
milestone 6: FAILED -- no keystrokes received
milestone 8: interactive shell active -- see framebuffer for real typed session
milestone 25: background task scheduling enabled -- spawn/kill available via the shell
error: process didn't exit successfully: `target\debug\spikeling-os.exe bios` (exit code: 2)
