   Compiling spikeling-os v0.1.0 (C:\Users\gbran\OneDrive\Documents\spikeling-os)
    Finished `dev` profile [unoptimized + debuginfo] target(s) in 1.19s
     Running `target\debug\spikeling-os.exe bios`
INFO : Framebuffer info: FrameBufferInfo { byte_len: 2764800, width: 1280, height: 720, pixel_format: Bgr, bytes_per_pixel: 3, stride: 1280 }
INFO : 4th Stage
INFO : BiosInfo { stage_4: Region { start: 130000, len: 25200 }, kernel: Region { start: 1000000, len: 74c248 }, ramdisk: Region { start: 174d000, len: 0 }, config_file: Region { start: 174d000, len: 0 }, last_used_addr: 174cfff, framebuffer: BiosFramebufferInfo { region: Region { start: fd000000, len: 2a3000 }, width: 500, height: 2d0, bytes_per_pixel: 3, stride: 500, pixel_format: Bgr }, memory_map_addr: 12114, memory_map_len: 7 }
INFO : BIOS boot
INFO : Elf file loaded at Pointer {
    addr: 0x0000000001000000,
    metadata: 7651912,
}
INFO : virtual_address_offset: 0x10000000000
INFO : Handling Segment: Ph64(ProgramHeader64 { type_: Ok(Load), flags: Flags(4), offset: 0, virtual_addr: 0, physical_addr: 0, file_size: 4aef4, mem_size: 4aef4, align: 1000 })
INFO : Handling Segment: Ph64(ProgramHeader64 { type_: Ok(Load), flags: Flags(5), offset: 4af00, virtual_addr: 4bf00, physical_addr: 4bf00, file_size: 14b38b, mem_size: 14b38b, align: 1000 })
INFO : Handling Segment: Ph64(ProgramHeader64 { type_: Ok(Load), flags: Flags(6), offset: 196290, virtual_addr: 198290, physical_addr: 198290, file_size: 11638, mem_size: 11d70, align: 1000 })
INFO : Mapping bss section
INFO : Handling Segment: Ph64(ProgramHeader64 { type_: Ok(Load), flags: Flags(6), offset: 1a78c8, virtual_addr: 1aa8c8, physical_addr: 1aa8c8, file_size: 60b8, mem_size: 37738, align: 1000 })
INFO : Mapping bss section
INFO : Entry point at: 0x100000abf10
INFO : Creating GDT at PhysAddr(0x17af000)
INFO : Map framebuffer
INFO : Map physical memory
INFO : Allocate bootinfo
INFO : Create Memory Map
INFO : Create bootinfo
INFO : Jumping to kernel entry point at VirtAddr(0x100000abf10)
spikeling-os: kernel entered
boot info: BootInfo { api_version: ApiVersion { version_major: 0, version_minor: 11, version_patch: 17, pre_release: false }, memory_regions: MemoryRegions { ptr: 0x380000000e8, len: 10 }, framebuffer: Some(FrameBuffer { buffer_start: 2199023255552, info: FrameBufferInfo { byte_len: 2764800, width: 1280, height: 720, pixel_format: Bgr, bytes_per_pixel: 3, stride: 1280 } }), physical_memory_offset: Some(2748779069440), recursive_index: None, rsdp_addr: Some(1004256), tls_template: None, ramdisk_addr: None, ramdisk_len: 0, kernel_addr: 16777216, kernel_len: 7651912, kernel_image_offset: 1099511627776, kernel_stack_bottom: 1649267445760, kernel_stack_len: 81920, _test_sentinel: 0 }
milestone 1: boot -> kernel handoff confirmed working
milestone 2: drew 1280x720 Bgr gradient to framebuffer
milestone 7: console initialized on the framebuffer
milestone 3: heap mapped at 0x444444440000, 102400 bytes
milestone 3: heap allocation verified -- Vec<u64> of 500 elements summed correctly (124750), Box<u64> round-tripped correctly
milestone 27: user-mode test page mapped -- code at 0x555550000000, stack top at 0x555560001000
milestone 30: saved kernel's own PML4 frame 0x174d000 (cr3 flags 0x0) for restore-on-exit
milestone 30: creating process A's private address space...
milestone 30: process A -- user p4 index computed as 170 (code 0x555550000000, stack 0x555560000000)
milestone 30: process A -- new pml4 0x22000 populated: 511 kernel-space entries shared, index 170 left private
milestone 30: process A -- private code page mapped to frame 0x23000, private stack page mapped to frame 0x24000
milestone 57: process A -- private heap RESERVED (not mapped): 64 pages at 0x555570000000..0x55557003ffff, 0 physical frames committed until a real page fault demand-pages one
milestone 34: process A -- copied 192 image bytes into private code frame 0x23000
milestone 30: process A created -- pml4=0x22000 code=0x23000 stack=0x24000
milestone 42: process A -- pgid=1 (founder of its own group)
milestone 30: creating process B's private address space...
milestone 30: process B -- user p4 index computed as 170 (code 0x555550000000, stack 0x555560000000)
milestone 30: process B -- new pml4 0x29000 populated: 511 kernel-space entries shared, index 170 left private
milestone 30: process B -- private code page mapped to frame 0x2a000, private stack page mapped to frame 0x2b000
milestone 57: process B -- private heap RESERVED (not mapped): 64 pages at 0x555570000000..0x55557003ffff, 0 physical frames committed until a real page fault demand-pages one
milestone 34: process B -- copied 192 image bytes into private code frame 0x2a000
milestone 30: process B created -- pml4=0x29000 code=0x2a000 stack=0x2b000
milestone 42: process B -- pgid=2 (founder of its own group)
milestone 30: process A + process B private address spaces created -- see serial log above for each one's own pml4/code/stack physical frames
milestone 35: creating FDTEST_PROCESS's private address space...
milestone 30: process fdtest -- user p4 index computed as 170 (code 0x555550000000, stack 0x555560000000)
milestone 30: process fdtest -- new pml4 0x30000 populated: 511 kernel-space entries shared, index 170 left private
milestone 30: process fdtest -- private code page mapped to frame 0x31000, private stack page mapped to frame 0x32000
milestone 57: process fdtest -- private heap RESERVED (not mapped): 64 pages at 0x555570000000..0x55557003ffff, 0 physical frames committed until a real page fault demand-pages one
milestone 34: process fdtest -- copied 264 image bytes into private code frame 0x31000
milestone 35: FDTEST_PROCESS created -- pml4=0x30000 code=0x31000 stack=0x32000
milestone 35: FDTEST_PROCESS private address space created
milestone 37: creating FORK_TEST_PROCESS's private address space...
milestone 30: process fork-test -- user p4 index computed as 170 (code 0x555550000000, stack 0x555560000000)
milestone 30: process fork-test -- new pml4 0x37000 populated: 511 kernel-space entries shared, index 170 left private
milestone 30: process fork-test -- private code page mapped to frame 0x38000, private stack page mapped to frame 0x39000
milestone 57: process fork-test -- private heap RESERVED (not mapped): 64 pages at 0x555570000000..0x55557003ffff, 0 physical frames committed until a real page fault demand-pages one
milestone 34: process fork-test -- copied 712 image bytes into private code frame 0x38000
milestone 37: FORK_TEST_PROCESS created -- pml4=0x37000 code=0x38000 stack=0x39000
milestone 37: FORK_TEST_PROCESS private address space created
milestone 41: creating SIGSEGV_TEST_PROCESS's private address space...
milestone 30: process sigsegv-test -- user p4 index computed as 170 (code 0x555550000000, stack 0x555560000000)
milestone 30: process sigsegv-test -- new pml4 0x3e000 populated: 511 kernel-space entries shared, index 170 left private
milestone 30: process sigsegv-test -- private code page mapped to frame 0x3f000, private stack page mapped to frame 0x40000
milestone 57: process sigsegv-test -- private heap RESERVED (not mapped): 64 pages at 0x555570000000..0x55557003ffff, 0 physical frames committed until a real page fault demand-pages one
milestone 34: process sigsegv-test -- copied 57 image bytes into private code frame 0x3f000
milestone 41: SIGSEGV_TEST_PROCESS created -- pml4=0x3e000 code=0x3f000 stack=0x40000
milestone 41: SIGSEGV_TEST_PROCESS private address space created
milestone 41: creating SIGKILL_TEST_PROCESS's private address space...
milestone 30: process sigkill-test -- user p4 index computed as 170 (code 0x555550000000, stack 0x555560000000)
milestone 30: process sigkill-test -- new pml4 0x45000 populated: 511 kernel-space entries shared, index 170 left private
milestone 30: process sigkill-test -- private code page mapped to frame 0x46000, private stack page mapped to frame 0x47000
milestone 57: process sigkill-test -- private heap RESERVED (not mapped): 64 pages at 0x555570000000..0x55557003ffff, 0 physical frames committed until a real page fault demand-pages one
milestone 34: process sigkill-test -- copied 32 image bytes into private code frame 0x46000
milestone 41: SIGKILL_TEST_PROCESS created -- pml4=0x45000 code=0x46000 stack=0x47000
milestone 41: SIGKILL_TEST_PROCESS private address space created
milestone 43: creating WAITSTATUS_TEST_PROCESS's private address space...
milestone 30: process waitstatus-test -- user p4 index computed as 170 (code 0x555550000000, stack 0x555560000000)
milestone 30: process waitstatus-test -- new pml4 0x4c000 populated: 511 kernel-space entries shared, index 170 left private
milestone 30: process waitstatus-test -- private code page mapped to frame 0x4d000, private stack page mapped to frame 0x4e000
milestone 57: process waitstatus-test -- private heap RESERVED (not mapped): 64 pages at 0x555570000000..0x55557003ffff, 0 physical frames committed until a real page fault demand-pages one
milestone 34: process waitstatus-test -- copied 12 image bytes into private code frame 0x4d000
milestone 43: WAITSTATUS_TEST_PROCESS created -- pml4=0x4c000 code=0x4d000 stack=0x4e000
milestone 43: WAITSTATUS_TEST_PROCESS private address space created
milestone 45: creating EXEC_TEST_PROCESS's private address space...
milestone 30: process exec-test -- user p4 index computed as 170 (code 0x555550000000, stack 0x555560000000)
milestone 30: process exec-test -- new pml4 0x53000 populated: 511 kernel-space entries shared, index 170 left private
milestone 30: process exec-test -- private code page mapped to frame 0x54000, private stack page mapped to frame 0x55000
milestone 57: process exec-test -- private heap RESERVED (not mapped): 64 pages at 0x555570000000..0x55557003ffff, 0 physical frames committed until a real page fault demand-pages one
milestone 34: process exec-test -- copied 115 image bytes into private code frame 0x54000
milestone 45: EXEC_TEST_PROCESS created -- pml4=0x53000 code=0x54000 stack=0x55000
milestone 45: EXEC_TEST_PROCESS private address space created
milestone 53: creating FAULT_TEST_PROCESS's private address space...
milestone 30: process fault-test -- user p4 index computed as 170 (code 0x555550000000, stack 0x555560000000)
milestone 30: process fault-test -- new pml4 0x5a000 populated: 511 kernel-space entries shared, index 170 left private
milestone 30: process fault-test -- private code page mapped to frame 0x5b000, private stack page mapped to frame 0x5c000
milestone 57: process fault-test -- private heap RESERVED (not mapped): 64 pages at 0x555570000000..0x55557003ffff, 0 physical frames committed until a real page fault demand-pages one
milestone 34: process fault-test -- copied 15 image bytes into private code frame 0x5b000
milestone 53: FAULT_TEST_PROCESS created -- pml4=0x5a000 code=0x5b000 stack=0x5c000
milestone 53: FAULT_TEST_PROCESS private address space created
milestone 57: creating DEMAND_PAGE_TEST_PROCESS's private address space...
milestone 30: process demand-page-test -- user p4 index computed as 170 (code 0x555550000000, stack 0x555560000000)
milestone 30: process demand-page-test -- new pml4 0x61000 populated: 511 kernel-space entries shared, index 170 left private
milestone 30: process demand-page-test -- private code page mapped to frame 0x62000, private stack page mapped to frame 0x63000
milestone 57: process demand-page-test -- private heap RESERVED (not mapped): 64 pages at 0x555570000000..0x55557003ffff, 0 physical frames committed until a real page fault demand-pages one
milestone 34: process demand-page-test -- copied 34 image bytes into private code frame 0x62000
milestone 57: DEMAND_PAGE_TEST_PROCESS created -- pml4=0x61000 code=0x62000 stack=0x63000
milestone 57: DEMAND_PAGE_TEST_PROCESS private address space created
milestone 57: creating DEMAND_PAGE_OOB_TEST_PROCESS's private address space...
milestone 30: process demand-page-oob-test -- user p4 index computed as 170 (code 0x555550000000, stack 0x555560000000)
milestone 30: process demand-page-oob-test -- new pml4 0x68000 populated: 511 kernel-space entries shared, index 170 left private
milestone 30: process demand-page-oob-test -- private code page mapped to frame 0x69000, private stack page mapped to frame 0x6a000
milestone 57: process demand-page-oob-test -- private heap RESERVED (not mapped): 64 pages at 0x555570000000..0x55557003ffff, 0 physical frames committed until a real page fault demand-pages one
milestone 34: process demand-page-oob-test -- copied 27 image bytes into private code frame 0x69000
milestone 57: DEMAND_PAGE_OOB_TEST_PROCESS created -- pml4=0x68000 code=0x69000 stack=0x6a000
milestone 57: DEMAND_PAGE_OOB_TEST_PROCESS private address space created
milestone 59: creating ERRNO_TEST_PROCESS's private address space...
milestone 30: process errno-test -- user p4 index computed as 170 (code 0x555550000000, stack 0x555560000000)
milestone 30: process errno-test -- new pml4 0x6f000 populated: 511 kernel-space entries shared, index 170 left private
milestone 30: process errno-test -- private code page mapped to frame 0x70000, private stack page mapped to frame 0x71000
milestone 57: process errno-test -- private heap RESERVED (not mapped): 64 pages at 0x555570000000..0x55557003ffff, 0 physical frames committed until a real page fault demand-pages one
milestone 34: process errno-test -- copied 98 image bytes into private code frame 0x70000
milestone 59: ERRNO_TEST_PROCESS created -- pml4=0x6f000 code=0x70000 stack=0x71000
milestone 59: ERRNO_TEST_PROCESS private address space created
milestone 60: creating SIGNAL_TEST_PROCESS's private address space...
milestone 30: process signal-test -- user p4 index computed as 170 (code 0x555550000000, stack 0x555560000000)
milestone 30: process signal-test -- new pml4 0x76000 populated: 511 kernel-space entries shared, index 170 left private
milestone 30: process signal-test -- private code page mapped to frame 0x77000, private stack page mapped to frame 0x78000
milestone 57: process signal-test -- private heap RESERVED (not mapped): 64 pages at 0x555570000000..0x55557003ffff, 0 physical frames committed until a real page fault demand-pages one
milestone 34: process signal-test -- copied 125 image bytes into private code frame 0x77000
milestone 60: SIGNAL_TEST_PROCESS created -- pml4=0x76000 code=0x77000 stack=0x78000
milestone 60: SIGNAL_TEST_PROCESS private address space created
milestone 64: creating MMAP_READ_TEST_PROCESS's private address space...
milestone 30: process mmap-read-test -- user p4 index computed as 170 (code 0x555550000000, stack 0x555560000000)
milestone 30: process mmap-read-test -- new pml4 0x7d000 populated: 511 kernel-space entries shared, index 170 left private
milestone 30: process mmap-read-test -- private code page mapped to frame 0x7e000, private stack page mapped to frame 0x7f000
milestone 57: process mmap-read-test -- private heap RESERVED (not mapped): 64 pages at 0x555570000000..0x55557003ffff, 0 physical frames committed until a real page fault demand-pages one
milestone 34: process mmap-read-test -- copied 117 image bytes into private code frame 0x7e000
milestone 64: MMAP_READ_TEST_PROCESS created -- pml4=0x7d000 code=0x7e000 stack=0x7f000
milestone 64: MMAP_READ_TEST_PROCESS private address space created
milestone 64: creating MMAP_WRITE_BEFORE_READ_FAULT_PROCESS's private address space...
milestone 30: process mmap-write-before-read-fault-test -- user p4 index computed as 170 (code 0x555550000000, stack 0x555560000000)
milestone 30: process mmap-write-before-read-fault-test -- new pml4 0x84000 populated: 511 kernel-space entries shared, index 170 left private
milestone 30: process mmap-write-before-read-fault-test -- private code page mapped to frame 0x85000, private stack page mapped to frame 0x86000
milestone 57: process mmap-write-before-read-fault-test -- private heap RESERVED (not mapped): 64 pages at 0x555570000000..0x55557003ffff, 0 physical frames committed until a real page fault demand-pages one
milestone 34: process mmap-write-before-read-fault-test -- copied 69 image bytes into private code frame 0x85000
milestone 64: MMAP_WRITE_BEFORE_READ_FAULT_PROCESS created -- pml4=0x84000 code=0x85000 stack=0x86000
milestone 64: MMAP_WRITE_BEFORE_READ_FAULT_PROCESS private address space created
milestone 64: creating MMAP_WRITE_AFTER_READ_FAULT_PROCESS's private address space...
milestone 30: process mmap-write-after-read-fault-test -- user p4 index computed as 170 (code 0x555550000000, stack 0x555560000000)
milestone 30: process mmap-write-after-read-fault-test -- new pml4 0x8b000 populated: 511 kernel-space entries shared, index 170 left private
milestone 30: process mmap-write-after-read-fault-test -- private code page mapped to frame 0x8c000, private stack page mapped to frame 0x8d000
milestone 57: process mmap-write-after-read-fault-test -- private heap RESERVED (not mapped): 64 pages at 0x555570000000..0x55557003ffff, 0 physical frames committed until a real page fault demand-pages one
milestone 34: process mmap-write-after-read-fault-test -- copied 85 image bytes into private code frame 0x8c000
milestone 64: MMAP_WRITE_AFTER_READ_FAULT_PROCESS created -- pml4=0x8b000 code=0x8c000 stack=0x8d000
milestone 64: MMAP_WRITE_AFTER_READ_FAULT_PROCESS private address space created
milestone 64: creating MMAP_USE_AFTER_UNMAP_FAULT_PROCESS's private address space...
milestone 30: process mmap-use-after-unmap-fault-test -- user p4 index computed as 170 (code 0x555550000000, stack 0x555560000000)
milestone 30: process mmap-use-after-unmap-fault-test -- new pml4 0x92000 populated: 511 kernel-space entries shared, index 170 left private
milestone 30: process mmap-use-after-unmap-fault-test -- private code page mapped to frame 0x93000, private stack page mapped to frame 0x94000
milestone 57: process mmap-use-after-unmap-fault-test -- private heap RESERVED (not mapped): 64 pages at 0x555570000000..0x55557003ffff, 0 physical frames committed until a real page fault demand-pages one
milestone 34: process mmap-use-after-unmap-fault-test -- copied 101 image bytes into private code frame 0x93000
milestone 64: MMAP_USE_AFTER_UNMAP_FAULT_PROCESS created -- pml4=0x92000 code=0x93000 stack=0x94000
milestone 64: MMAP_USE_AFTER_UNMAP_FAULT_PROCESS private address space created
milestone 65: creating MMAP_WRITABLE_READ_THEN_WRITE_PROCESS's private address space...
milestone 30: process mmap-writable-read-then-write-test -- user p4 index computed as 170 (code 0x555550000000, stack 0x555560000000)
milestone 30: process mmap-writable-read-then-write-test -- new pml4 0x99000 populated: 511 kernel-space entries shared, index 170 left private
milestone 30: process mmap-writable-read-then-write-test -- private code page mapped to frame 0x9a000, private stack page mapped to frame 0x9b000
milestone 57: process mmap-writable-read-then-write-test -- private heap RESERVED (not mapped): 64 pages at 0x555570000000..0x55557003ffff, 0 physical frames committed until a real page fault demand-pages one
milestone 34: process mmap-writable-read-then-write-test -- copied 94 image bytes into private code frame 0x9a000
milestone 65: MMAP_WRITABLE_READ_THEN_WRITE_PROCESS created -- pml4=0x99000 code=0x9a000 stack=0x9b000
milestone 65: MMAP_WRITABLE_READ_THEN_WRITE_PROCESS private address space created
milestone 65: creating MMAP_WRITABLE_WRITE_FIRST_PROCESS's private address space...
milestone 30: process mmap-writable-write-first-test -- user p4 index computed as 170 (code 0x555550000000, stack 0x555560000000)
milestone 30: process mmap-writable-write-first-test -- new pml4 0x100000 populated: 511 kernel-space entries shared, index 170 left private
milestone 30: process mmap-writable-write-first-test -- private code page mapped to frame 0x101000, private stack page mapped to frame 0x102000
milestone 57: process mmap-writable-write-first-test -- private heap RESERVED (not mapped): 64 pages at 0x555570000000..0x55557003ffff, 0 physical frames committed until a real page fault demand-pages one
milestone 34: process mmap-writable-write-first-test -- copied 95 image bytes into private code frame 0x101000
milestone 65: MMAP_WRITABLE_WRITE_FIRST_PROCESS created -- pml4=0x100000 code=0x101000 stack=0x102000
milestone 65: MMAP_WRITABLE_WRITE_FIRST_PROCESS private address space created
milestone 34: frame allocator + phys-mem offset published globally -- 'runfile PATH' can now load and run programs from the real filesystem
milestone 34: self-test -- check_program_size(31) accepted=true (expected true), check_program_size(5096) rejected=true (expected true, 5096 is 1000 bytes over the 4096-byte cap)
milestone 35: self-test -- FDTEST_PROGRAM layout check: path1('fdtest')=true path2('fdout')=true wdata(69 bytes)=true -- all match, layout confirmed
milestone 36: self-test -- parsed the embedded testelf.elf: e_entry=0x555550000000 (expected 0x555550000000), 2 PT_LOAD segment(s)
milestone 36: self-test -- PT_LOAD[0]: p_vaddr=0x555550000000 p_offset=0xb0 p_filesz=0x8 p_memsz=0x8 p_flags=0x5
milestone 36: self-test -- PT_LOAD[1]: p_vaddr=0x555550001000 p_offset=0xc0 p_filesz=0x84 p_memsz=0x84 p_flags=0x5
milestone 37: self-test -- FORK_TEST_PROGRAM layout check: parent_msg=true waitdone_msg=true fallback_msg=true exec_path=true -- all match, layout confirmed
milestone 45: self-test -- EXEC_TEST_PROGRAM layout check: exec_path=true fallback_msg=true -- all match, layout confirmed
fs self-test: disk write+read roundtrip OK -- real bytes matched
milestone 66: self-test -- trait-write/free-read-agree(master)=true free-write/trait-read-agree(master)=true slave-device-roundtrip=true master-unaffected-by-slave-write(no-aliasing)=true
milestone 66: self-test -- OVERALL: PASS
fs self-test: ramfs write+read roundtrip OK -- real bytes matched, routed through the same fs::write_file/read_file surface as the disk path
fs self-test: ramfs list() OK -- 'ramfsselftest' present with the correct length
fs self-test: ramfs isolation OK -- disk root listing does NOT contain 'ramfsselftest' (two real, separate backing stores)
fs self-test: permissions mkdir_root=FAIL
fs self-test: permissions stat_after_mkdir=FAIL (no such file 'permtestdir')
fs self-test: permissions write_create_root=FAIL
fs self-test: permissions stat_after_write=FAIL (no such directory 'permtestdir')
fs self-test: permissions write_overwrite_root=FAIL
fs self-test: permissions stat_after_overwrite=FAIL (no such directory 'permtestdir')
fs self-test: permissions chmod_root_narrows_to_0600=FAIL
fs self-test: permissions stat_after_chmod=FAIL (no such directory 'permtestdir')
fs self-test: permissions uid42_read_denied_mode0600=PASS
fs self-test: permissions uid42_write_denied_mode0600=PASS
fs self-test: permissions chmod_root_reopens_to_0644=FAIL
fs self-test: permissions uid42_read_allowed_mode0644=FAIL (no such directory 'permtestdir')
fs self-test: permissions uid42_write_still_denied_mode0644=PASS
fs self-test: permissions uid42_create_denied_parent_0755=PASS
fs self-test: permissions uid42_mkdir_denied_parent_0755=PASS
fs self-test: permissions chmod_root_permtestdir_0777=FAIL
fs self-test: permissions uid42_create_allowed_parent_0777=FAIL
fs self-test: permissions stat_g1=FAIL (no such directory 'permtestdir')
fs self-test: permissions uid42_chmod_own_file_allowed=FAIL
fs self-test: permissions uid42_chown_denied_root_only=PASS
fs self-test: permissions root_chown_g1_to_7_7=FAIL
fs self-test: permissions stat_g1_after_chown=FAIL (no such directory 'permtestdir')
fs self-test: permissions uid42_delete_via_parent_write_0777=FAIL
fs self-test: permissions mkdir_locked_subdir=FAIL
fs self-test: permissions write_inner_file=FAIL
fs self-test: permissions chmod_inner_world_rw=FAIL
fs self-test: permissions chmod_locked_owner_only_0700=FAIL
fs self-test: permissions uid42_traversal_denied_despite_file_0666=PASS
fs self-test: permissions uid42_ls_traversal_denied=PASS
fs self-test: permissions stat_root=PASS
fs self-test: permissions uid42_chmod_root_denied=PASS
fs self-test: permissions uid42_chown_root_denied=PASS
fs self-test: permissions root_chown_root_to_5_5=PASS
fs self-test: permissions root_now_owned_by_5_5=PASS
fs self-test: permissions root_restored_to_defaults=PASS
fs self-test: permissions OVERALL=FAIL
fs self-test: symlinks mkdir_symtestdir=FAIL
fs self-test: symlinks write_real_txt=FAIL
fs self-test: symlinks symlink_create_relative=FAIL
fs self-test: symlinks read_through_symlink_single_hop=FAIL (no such directory 'symtestdir')
fs self-test: symlinks stat_link_to_real=FAIL (no such directory 'symtestdir')
fs self-test: symlinks readlink_link_to_real=FAIL (no such directory 'symtestdir')
fs self-test: symlinks symlink_create_chain=FAIL
fs self-test: symlinks read_through_symlink_chain_two_hops=FAIL (no such directory 'symtestdir')
fs self-test: symlinks cleanup_link_to_link=FAIL
fs self-test: symlinks symlink_create_broken=FAIL
fs self-test: symlinks read_broken_symlink_fails_cleanly=PASS
fs self-test: symlinks cleanup_broken=FAIL
fs self-test: symlinks symlink_create_loop_a=FAIL
fs self-test: symlinks symlink_create_loop_b=FAIL
fs self-test: symlinks read_symlink_cycle_hits_eloop_guard=PASS
fs self-test: symlinks cleanup_loop=FAIL
fs self-test: symlinks mkdir_realsub=FAIL
fs self-test: symlinks write_inner_txt=FAIL
fs self-test: symlinks symlink_create_dir_link=FAIL
fs self-test: symlinks read_through_symlinked_directory_component=FAIL (no such directory 'symtestdir')
fs self-test: symlinks list_through_symlinked_directory_component=FAIL (no such directory 'symtestdir')
fs self-test: symlinks rmdir_symlink_to_dir_refused_enotdir=PASS
fs self-test: symlinks symlink_create_link2=FAIL
fs self-test: symlinks write_through_existing_symlink_refused=PASS
fs self-test: symlinks chmod_link2_acts_on_link_itself=FAIL
fs self-test: symlinks stat_link2_after_chmod=FAIL (no such directory 'symtestdir')
fs self-test: symlinks stat_real_txt_after_link2_chmod=FAIL (no such directory 'symtestdir')
fs self-test: symlinks rm_link_to_real=FAIL
fs self-test: symlinks link_to_real_gone_after_rm=PASS
fs self-test: symlinks real_txt_survives_rm_of_its_link=FAIL (no such directory 'symtestdir')
fs self-test: symlinks mkdir_lockedreal=FAIL
fs self-test: symlinks write_secret_txt=FAIL
fs self-test: symlinks chmod_lockedreal_owner_only=FAIL
fs self-test: symlinks symlink_create_lockedlink=FAIL
fs self-test: symlinks uid42_denied_through_symlink_no_privilege_escalation=PASS
fs self-test: symlinks symlink_empty_target_refused=PASS
fs self-test: symlinks symlink_create_absolute=FAIL
fs self-test: symlinks read_through_absolute_symlink=FAIL (no such file 'abslink')
fs self-test: symlinks OVERALL=FAIL
milestone 40: self-test -- pipe mechanics: write_ok=true roundtrip_ok=true dup_ok=true dup2_ok=true -- all real, real bytes matched through every path
milestone 42: self-test -- FORK_TEST_PROCESS's own pgid: Some(5) (expected Some(5), founder of its own group)
milestone 30: process forked-child -- user p4 index computed as 170 (code 0x555550000000, stack 0x555560000000)
milestone 30: process forked-child -- new pml4 0x107000 populated: 511 kernel-space entries shared, index 170 left private
milestone 30: process forked-child -- private code page mapped to frame 0x108000, private stack page mapped to frame 0x109000
milestone 57: process forked-child -- private heap RESERVED (not mapped): 64 pages at 0x555570000000..0x55557003ffff, 0 physical frames committed until a real page fault demand-pages one
milestone 34: process forked-child -- copied 4096 image bytes into private code frame 0x108000
milestone 37: fork() -- child's code frame 0x108000 holds a REAL byte-for-byte copy of the parent's code frame 0x38000 (independently verifiable: same virtual address USER_CODE_ADDR under either process's own CR3, genuinely different physical frames)
milestone 37: syscall FORK (process 5, 'fork-test') -- created child pid 13: pml4=0x107000 code_frame=0x108000 resume point rip=0x0 rsp=0x0
milestone 42: self-test -- forked child pid 13, its pgid: Some(5) (expected Some(5), real inheritance from the parent) -- confirmed
milestone 42: syscall SETPGID (process 5) -- pid 13's pgid set to 13
milestone 42: self-test -- setpgid(child, child) result=true, child's pgid now Some(13) (expected Some(13)), parent's pgid still Some(5) (expected unchanged Some(5)) -- confirmed, real independent per-process state
milestone 42: syscall SETPGID (process 1) -- REFUSED, pid 13 is neither this process itself nor a live child OF it -- returning failure
milestone 42: self-test -- setpgid() from an unrelated process (PROCESS_A, not this child's parent) correctly refused: true
milestone 54: reclaim_process_frames('forked-child') -- freed 7 physical frame(s) back to the allocator's free list
milestone 41: syscall KILL (process 5) -- pid 13 terminated WITHOUT ever running (bypassed wait()'s normal run-then-reap contract), slot freed for reuse
milestone 42: self-test -- cleanup kill(child) result=true (frees the PROCESS_TABLE slot for later self-tests)
milestone 42: self-test -- OVERALL: PASS
milestone 9: LIF neuron network initialized (LeftKey/RightKey -> Motor)
milestone 11: no saved weights found on disk -- starting from neutral defaults
milestone 4: kernel survived defect injection at slot 3 -- 7 slots still alive and scheduled, no panic
milestone 4: topological (g=+0.6) post-defect fire counts: min=289 max=366 fairness=0.790
milestone 4: trivial     (g=-0.6) post-defect fire counts: min=299 max=341 fairness=0.877
milestone 4: result -- topological coupling did NOT stay fairer under the defect here (reporting honestly, not the assumed outcome)
milestone 48: 4000 ticks over 8 slots (g=0.6, real tasks.rs coupling) -- ternary tiebreak (compare_trit within epsilon=0.01) actually fired on 2 of 4000 ticks
milestone 48: ternary selection  -- fire counts min=399 max=533 total=3995 fairness=0.7486
milestone 48: binary   selection -- fire counts min=399 max=533 total=3995 fairness=0.7486
milestone 48: result -- ternary tiebreak engaged but made no measurable fairness difference here -- a real neutral result, not an assumed win
milestone 5a: GDT/TSS + IDT loaded
EXCEPTION: BREAKPOINT
InterruptStackFrame {
    instruction_pointer: VirtAddr(
        0x1000006d9b1,
    ),
    code_segment: SegmentSelector {
        index: 1,
        rpl: Ring0,
    },
    cpu_flags: RFlags(
        ZERO_FLAG | PARITY_FLAG | 0x2,
    ),
    stack_pointer: VirtAddr(
        0x18000013978,
    ),
    stack_segment: SegmentSelector {
        index: 0,
        rpl: Ring0,
    },
}
milestone 5a: resumed after breakpoint exception -- handler returned correctly
milestone 20: PCI bus 0 scan found 6 device(s)
milestone 20: 00:00.0 vendor=8086 device=1237 class=06 subclass=00
milestone 20: 00:01.0 vendor=8086 device=7000 class=06 subclass=01
milestone 20: 00:01.1 vendor=8086 device=7010 class=01 subclass=01
milestone 20: 00:01.3 vendor=8086 device=7113 class=06 subclass=80
milestone 20: 00:02.0 vendor=1234 device=1111 class=03 subclass=00
milestone 20: 00:03.0 vendor=8086 device=100e class=02 subclass=00
milestone 20: network controller found -- vendor=8086 device=100e
milestone 24: e1000 NIC initialized -- MAC 52:54:00:12:34:56 (address-valid bit: true)
milestone 47: ARP self-test PASS -- 10.0.2.2 is-at 52:55:0a:00:02:02 (real reply from QEMU's slirp gateway over the actual netdev backend, loopback OFF)
milestone 55: ICMP ping self-test -- reply from 10.0.2.2 (expected 10.0.2.2, match=true), id=0x5350 (expected 0x5350, match=true), seq=1 (expected 1, match=true) -- PASS
milestone 56: UDP loopback self-test -- from 10.0.2.15 (expected 10.0.2.15, match=true), src_port=51000 (expected 51000, match=true), dst_port=51001 (expected 51001, match=true), payload 38 bytes (match=true) -- PASS
milestone 56: UDP real-wire send self-test PASS -- ARP-resolved 10.0.2.2 and transmitted a real UDP datagram to it (descriptor DD confirmed, loopback OFF, real netdev backend; no UDP service listens there to reply, so this proves genuine transmission, not a full round trip -- see the UDP loopback self-test above for the receive-side/checksum proof)
milestone 5b: PIC initialized, interrupts enabled
milestone 41: self-test -- SIGSEGV_TEST_PROGRAM layout check: message=true -- confirmed
milestone 41: self-test -- running SIGSEGV_TEST_PROCESS, expecting a real page fault to terminate it without panicking the kernel...
milestone 30: runproc 6 (process sigsegv-test) -- about to switch CR3 to process pml4 0x3e000
milestone 30: CR3 switched -- entering ring 3 for process 6 at 0x555550000000
milestone 31: syscall WRITE (process 6) -- hardware-recorded CS=0x1b (CPL=3) -- ptr=0x55555000002c len=13 -- raw bytes >>>
SIGSEGV test

<<< end of write (13 bytes)
milestone 57: syscall WRITE (process 6) -- heap page 0 at 0x555570000000 is not mapped yet (this process has never touched its heap -- demand paging means no physical frame exists there to read)
milestone 41: SIGSEGV -- process 6 page-faulted at Ok(VirtAddr(0x123456780000)) (real hardware CPL=3, error code PageFaultErrorCode(USER_MODE)) -- terminating this process, kernel continues
milestone 30: runproc 6 -- resumed in kernel context (CR3 already restored by the exit syscall before this point)
milestone 41: self-test -- run() returned normally after the fault (the kernel did not panic/hlt_loop) -- ACTIVE_PROCESS reset to 0 (expected 0)
milestone 41: self-test -- running PROCESS_A right after the fault, real proof of genuine recovery, not just 'hasn't crashed yet'...
milestone 30: runproc 1 (process A) -- about to switch CR3 to process pml4 0x22000
milestone 30: CR3 switched -- entering ring 3 for process 1 at 0x555550000000
milestone 33: syscall SBRK (process 1) -- hardware-recorded CS=0x1b (CPL=3) -- requested 16 bytes, returning heap pointer 0x555570000000
milestone 57: demand-paged heap page 0 for process 1 (fault addr 0x555570000000) -- fresh zeroed physical frame 0x109000 mapped, resuming the faulting instruction
milestone 31: syscall WRITE (process 1) -- hardware-recorded CS=0x1b (CPL=3) -- ptr=0x555550000080 len=64 -- raw bytes >>>
hello from process A -- via real write(ptr,len)!                
<<< end of write (64 bytes)
milestone 33: syscall WRITE (process 1) also reads its own private heap at 0x555570000000 -- marker byte 0x41 ('A')
milestone 30: syscall EXIT -- hardware-recorded CS=0x1b (CPL=3) -- discarding ring-3 context, resuming kernel context
milestone 30: runproc 1 -- resumed in kernel context (CR3 already restored by the exit syscall before this point)
milestone 41: self-test -- PROCESS_A ran normally after the SIGSEGV -- kernel genuinely recovered, not just still standing
milestone 41: self-test -- running SIGKILL_TEST_PROCESS (fork, kill without running, fork again to prove the slot was really freed)...
milestone 30: runproc 7 (process sigkill-test) -- about to switch CR3 to process pml4 0x45000
milestone 30: CR3 switched -- entering ring 3 for process 7 at 0x555550000000
milestone 30: process forked-child -- user p4 index computed as 170 (code 0x555550000000, stack 0x555560000000)
milestone 30: process forked-child -- new pml4 0x107000 populated: 511 kernel-space entries shared, index 170 left private
milestone 30: process forked-child -- private code page mapped to frame 0x10a000, private stack page mapped to frame 0x10b000
milestone 57: process forked-child -- private heap RESERVED (not mapped): 64 pages at 0x555570000000..0x55557003ffff, 0 physical frames committed until a real page fault demand-pages one
milestone 34: process forked-child -- copied 4096 image bytes into private code frame 0x10a000
milestone 37: fork() -- child's code frame 0x10a000 holds a REAL byte-for-byte copy of the parent's code frame 0x46000 (independently verifiable: same virtual address USER_CODE_ADDR under either process's own CR3, genuinely different physical frames)
milestone 37: syscall FORK (process 7, 'sigkill-test') -- created child pid 13: pml4=0x107000 code_frame=0x10a000 resume point rip=0x555550000007 rsp=0x555560001000
milestone 37: syscall FORK (process 7) -- hardware-recorded CS=0x1b (CPL=3) -- created child pid 13
milestone 54: reclaim_process_frames('forked-child') -- freed 7 physical frame(s) back to the allocator's free list
milestone 41: syscall KILL (process 7) -- pid 13 terminated WITHOUT ever running (bypassed wait()'s normal run-then-reap contract), slot freed for reuse
milestone 41: syscall KILL (process 7) -- hardware-recorded CS=0x1b (CPL=3) -- target pid 13, result=true
milestone 30: process forked-child -- user p4 index computed as 170 (code 0x555550000000, stack 0x555560000000)
milestone 30: process forked-child -- new pml4 0x10b000 populated: 511 kernel-space entries shared, index 170 left private
milestone 30: process forked-child -- private code page mapped to frame 0x10a000, private stack page mapped to frame 0x107000
milestone 57: process forked-child -- private heap RESERVED (not mapped): 64 pages at 0x555570000000..0x55557003ffff, 0 physical frames committed until a real page fault demand-pages one
milestone 34: process forked-child -- copied 4096 image bytes into private code frame 0x10a000
milestone 37: fork() -- child's code frame 0x10a000 holds a REAL byte-for-byte copy of the parent's code frame 0x46000 (independently verifiable: same virtual address USER_CODE_ADDR under either process's own CR3, genuinely different physical frames)
milestone 37: syscall FORK (process 7, 'sigkill-test') -- created child pid 13: pml4=0x10b000 code_frame=0x10a000 resume point rip=0x555550000017 rsp=0x555560001000
milestone 37: syscall FORK (process 7) -- hardware-recorded CS=0x1b (CPL=3) -- created child pid 13
milestone 30: syscall EXIT -- hardware-recorded CS=0x1b (CPL=3) -- discarding ring-3 context, resuming kernel context
milestone 30: runproc 7 -- resumed in kernel context (CR3 already restored by the exit syscall before this point)
milestone 41: self-test -- SIGKILL_TEST_PROCESS completed -- PROCESS_TABLE occupied slots: [0] (expected exactly [0]: the SECOND fork's child, since the FIRST was killed unrun and its slot reused)
milestone 30: process forked-child -- user p4 index computed as 170 (code 0x555550000000, stack 0x555560000000)
milestone 30: process forked-child -- new pml4 0x110000 populated: 511 kernel-space entries shared, index 170 left private
milestone 30: process forked-child -- private code page mapped to frame 0x111000, private stack page mapped to frame 0x112000
milestone 57: process forked-child -- private heap RESERVED (not mapped): 64 pages at 0x555570000000..0x55557003ffff, 0 physical frames committed until a real page fault demand-pages one
milestone 34: process forked-child -- copied 4096 image bytes into private code frame 0x111000
milestone 37: fork() -- child's code frame 0x111000 holds a REAL byte-for-byte copy of the parent's code frame 0x4d000 (independently verifiable: same virtual address USER_CODE_ADDR under either process's own CR3, genuinely different physical frames)
milestone 37: syscall FORK (process 8, 'waitstatus-test') -- created child pid 14: pml4=0x110000 code_frame=0x111000 resume point rip=0x555550000000 rsp=0x555560001000
milestone 37: wait() -- switching CR3 to forked child pid 14's own pml4 0x110000, resuming at rip=0x555550000000 rsp=0x555560001000 (its own fork()-time snapshot, rax forced to 0)
milestone 30: syscall EXIT -- hardware-recorded CS=0x1b (CPL=3) -- discarding ring-3 context, resuming kernel context
milestone 37: wait() -- forked child pid 14 resumed in kernel context (its own exit() syscall ran; CR3 is currently the KERNEL's own, restored to the parent's by wait_for_child() next)
milestone 54: reclaim_process_frames('forked-child') -- freed 7 physical frame(s) back to the allocator's free list
milestone 43: syscall WAIT (process 8) -- child pid 14 ran to completion and was reaped (real exit code 42), CR3 restored to parent's own pml4 0x4c000
milestone 43: self-test -- forked+ran child pid 14, wait() reported Exited(reaped=14, code=42) (expected Exited(14, 42)) -- confirmed
milestone 30: process forked-child -- user p4 index computed as 170 (code 0x555550000000, stack 0x555560000000)
milestone 30: process forked-child -- new pml4 0x112000 populated: 511 kernel-space entries shared, index 170 left private
milestone 30: process forked-child -- private code page mapped to frame 0x111000, private stack page mapped to frame 0x110000
milestone 57: process forked-child -- private heap RESERVED (not mapped): 64 pages at 0x555570000000..0x55557003ffff, 0 physical frames committed until a real page fault demand-pages one
milestone 34: process forked-child -- copied 4096 image bytes into private code frame 0x111000
milestone 37: fork() -- child's code frame 0x111000 holds a REAL byte-for-byte copy of the parent's code frame 0x4d000 (independently verifiable: same virtual address USER_CODE_ADDR under either process's own CR3, genuinely different physical frames)
milestone 37: syscall FORK (process 8, 'waitstatus-test') -- created child pid 14: pml4=0x112000 code_frame=0x111000 resume point rip=0x0 rsp=0x0
milestone 54: reclaim_process_frames('forked-child') -- freed 7 physical frame(s) back to the allocator's free list
milestone 41: syscall KILL (process 8) -- pid 14 terminated WITHOUT ever running (bypassed wait()'s normal run-then-reap contract), slot freed for reuse
milestone 43: syscall WAIT (process 8) -- pid 14 was killed before it ever ran, reporting WaitOutcome::Killed
milestone 43: self-test -- forked+killed child pid 14, wait() reported Killed(reaped=14) -- confirmed
milestone 43: self-test -- OVERALL: PASS
milestone 45: seedaltentry -- wrote 856 real bytes (a genuine externally-built ELF64 executable whose e_entry does NOT equal USER_CODE_ADDR) to 'altentry' on the real on-disk filesystem
milestone 45: self-test -- seeded 'altentry' (testelf_altentry.elf) to the real on-disk filesystem: true
milestone 45: self-test -- fd opened before exec()=true, before-state: pml4=0x53000 entry=0x555550000000 pgid=9
milestone 30: runproc 9 (process exec-test) -- about to switch CR3 to process pml4 0x53000
milestone 30: CR3 switched -- entering ring 3 for process 9 at 0x555550000000
milestone 36: process exec'd -- ELF validated: e_entry=0x555550003000 falls inside a mapped segment, 1 PT_LOAD segment(s), 1 total page(s), all within private p4 index 170
milestone 36: process exec'd -- new pml4 0x110000 populated: 511 kernel-space entries shared, index 170 left private
milestone 36: process exec'd -- mapped 1 PT_LOAD page(s): [(93824902770688, 1118208, 98, 5)]
milestone 36: process exec'd -- private stack page mapped to frame 0x115000
milestone 57: process exec'd -- private heap RESERVED (not mapped): 64 pages at 0x555570000000..0x55557003ffff, 0 physical frames committed until a real page fault demand-pages one
milestone 54: reclaim_process_frames('exec-test') -- freed 7 physical frame(s) back to the allocator's free list
milestone 45: syscall EXEC (process 9) -- REAL teardown-and-rebuild complete: new pml4=0x110000, new entry=0x555550003000 (real parsed e_entry), fd table/parent_pid/pgid preserved, CR3 switched
milestone 45: syscall EXEC (process 9) -- hardware-recorded CS=0x1b (CPL=3) -- REAL teardown-and-rebuild from 'altentry' (856 real ELF bytes read from the on-disk filesystem), new address space, jumping directly into the real parsed entry 0x555550003000, never returning to the old one
milestone 31: syscall WRITE (process 9) -- hardware-recorded CS=0x1b (CPL=3) -- ptr=0x55555000301c len=70 -- raw bytes >>>
hello from a non-USER_CODE_ADDR entry point -- milestone 44 confirmed!
<<< end of write (70 bytes)
milestone 57: syscall WRITE (process 9) -- heap page 0 at 0x555570000000 is not mapped yet (this process has never touched its heap -- demand paging means no physical frame exists there to read)
milestone 30: syscall EXIT -- hardware-recorded CS=0x1b (CPL=3) -- discarding ring-3 context, resuming kernel context
milestone 30: runproc 9 -- resumed in kernel context (CR3 already restored by the exit syscall before this point)
milestone 45: self-test -- run_ok=true, after-state: pml4=0x110000 entry=0x555550003000 pgid=9 fds[0]_present=true
milestone 45: self-test -- pml4_changed=true (before=0x53000 after=0x110000), entry_changed=true (before=0x555550000000 after=0x555550003000, expected real e_entry=0x555550003000), fd_survived_exec=true, pgid_preserved=true
milestone 45: self-test -- OVERALL: PASS
milestone 44: self-test -- parsed embedded testelf_altentry.elf: e_entry=0x555550003000 (USER_CODE_ADDR=0x555550000000) -- genuinely a non-default entry point
milestone 44: self-test -- running the alt-entry ELF via process::create_loaded_elf_process()/run_loaded_elf_process() (the SAME functions `runelf` itself calls)...
milestone 36: process elf-loaded -- ELF validated: e_entry=0x555550003000 falls inside a mapped segment, 1 PT_LOAD segment(s), 1 total page(s), all within private p4 index 170
milestone 36: process elf-loaded -- new pml4 0x55000 populated: 511 kernel-space entries shared, index 170 left private
milestone 36: process elf-loaded -- mapped 1 PT_LOAD page(s): [(93824902770688, 344064, 98, 5)]
milestone 36: process elf-loaded -- private stack page mapped to frame 0x59000
milestone 57: process elf-loaded -- private heap RESERVED (not mapped): 64 pages at 0x555570000000..0x55557003ffff, 0 physical frames committed until a real page fault demand-pages one
milestone 36: elf-loaded process -- about to switch CR3 to pml4 0x55000
milestone 36: CR3 switched -- entering ring 3 for the ELF-loaded process at 0x555550003000 (real e_entry)
milestone 31: syscall WRITE (process 3) -- hardware-recorded CS=0x1b (CPL=3) -- ptr=0x55555000301c len=70 -- raw bytes >>>
hello from a non-USER_CODE_ADDR entry point -- milestone 44 confirmed!
<<< end of write (70 bytes)
milestone 57: syscall WRITE (process 3) -- heap page 0 at 0x555570000000 is not mapped yet (this process has never touched its heap -- demand paging means no physical frame exists there to read)
milestone 30: syscall EXIT -- hardware-recorded CS=0x1b (CPL=3) -- discarding ring-3 context, resuming kernel context
milestone 36: elf-loaded process -- resumed in kernel context (CR3 already restored by the exit syscall before this point)
milestone 44: self-test -- run_loaded_elf_process() returned Ok(()) (no panic either way -- see this function's own doc comment for why that alone isn't the real proof)
milestone 44: self-test -- LAST_WRITE_SYSCALL_PID after running = 3 (expected 3, LOADED_PROCESS_ID) -- confirmed: ring-3 execution genuinely reached the write syscall from inside the new entry point's own mapped page
milestone 44: self-test -- OVERALL: PASS
milestone 51: self-test -- parsed the embedded malloctest.elf: e_entry=0x555550000000 (expected 0x555550000000), 1 PT_LOAD segment(s)
milestone 36: process elf-loaded -- ELF validated: e_entry=0x555550000000 falls inside a mapped segment, 1 PT_LOAD segment(s), 1 total page(s), all within private p4 index 170
milestone 36: process elf-loaded -- new pml4 0x117000 populated: 511 kernel-space entries shared, index 170 left private
milestone 36: process elf-loaded -- mapped 1 PT_LOAD page(s): [(93824902758400, 1146880, 1430, 7)]
milestone 36: process elf-loaded -- private stack page mapped to frame 0x11c000
milestone 57: process elf-loaded -- private heap RESERVED (not mapped): 64 pages at 0x555570000000..0x55557003ffff, 0 physical frames committed until a real page fault demand-pages one
milestone 36: elf-loaded process -- about to switch CR3 to pml4 0x117000
milestone 36: CR3 switched -- entering ring 3 for the ELF-loaded process at 0x555550000000 (real e_entry)
milestone 31: syscall WRITE (process 3) -- hardware-recorded CS=0x1b (CPL=3) -- ptr=0x55555000038c len=74 -- raw bytes >>>
milestone 51: malloctest starting -- real malloc()/free() over sys_sbrk()

<<< end of write (74 bytes)
milestone 57: syscall WRITE (process 3) -- heap page 0 at 0x555570000000 is not mapped yet (this process has never touched its heap -- demand paging means no physical frame exists there to read)
milestone 33: syscall SBRK (process 3) -- hardware-recorded CS=0x1b (CPL=3) -- requested 72 bytes, returning heap pointer 0x555570000000
milestone 57: demand-paged heap page 0 for process 3 (fault addr 0x555570000000) -- fresh zeroed physical frame 0x11e000 mapped, resuming the faulting instruction
milestone 33: syscall SBRK (process 3) -- hardware-recorded CS=0x1b (CPL=3) -- requested 40 bytes, returning heap pointer 0x555570000048
milestone 31: syscall WRITE (process 3) -- hardware-recorded CS=0x1b (CPL=3) -- ptr=0x5555500003d6 len=8 -- raw bytes >>>
  ptr_a=
<<< end of write (8 bytes)
milestone 33: syscall WRITE (process 3) also reads its own private heap at 0x555570000000 -- marker byte 0x40 ('@')
milestone 31: syscall WRITE (process 3) -- hardware-recorded CS=0x1b (CPL=3) -- ptr=0x555560000f9e len=18 -- raw bytes >>>
0x0000555570000008
<<< end of write (18 bytes)
milestone 33: syscall WRITE (process 3) also reads its own private heap at 0x555570000000 -- marker byte 0x40 ('@')
milestone 31: syscall WRITE (process 3) -- hardware-recorded CS=0x1b (CPL=3) -- ptr=0x55555000038b len=1 -- raw bytes >>>


<<< end of write (1 bytes)
milestone 33: syscall WRITE (process 3) also reads its own private heap at 0x555570000000 -- marker byte 0x40 ('@')
milestone 31: syscall WRITE (process 3) -- hardware-recorded CS=0x1b (CPL=3) -- ptr=0x5555500003de len=8 -- raw bytes >>>
  ptr_b=
<<< end of write (8 bytes)
milestone 33: syscall WRITE (process 3) also reads its own private heap at 0x555570000000 -- marker byte 0x40 ('@')
milestone 31: syscall WRITE (process 3) -- hardware-recorded CS=0x1b (CPL=3) -- ptr=0x555560000f9e len=18 -- raw bytes >>>
0x0000555570000050
<<< end of write (18 bytes)
milestone 33: syscall WRITE (process 3) also reads its own private heap at 0x555570000000 -- marker byte 0x40 ('@')
milestone 31: syscall WRITE (process 3) -- hardware-recorded CS=0x1b (CPL=3) -- ptr=0x55555000038b len=1 -- raw bytes >>>


<<< end of write (1 bytes)
milestone 33: syscall WRITE (process 3) also reads its own private heap at 0x555570000000 -- marker byte 0x40 ('@')
milestone 31: syscall WRITE (process 3) -- hardware-recorded CS=0x1b (CPL=3) -- ptr=0x5555500003f6 len=8 -- raw bytes >>>
  ptr_c=
<<< end of write (8 bytes)
milestone 33: syscall WRITE (process 3) also reads its own private heap at 0x555570000000 -- marker byte 0x40 ('@')
milestone 31: syscall WRITE (process 3) -- hardware-recorded CS=0x1b (CPL=3) -- ptr=0x555560000f9e len=18 -- raw bytes >>>
0x0000555570000008
<<< end of write (18 bytes)
milestone 33: syscall WRITE (process 3) also reads its own private heap at 0x555570000000 -- marker byte 0x40 ('@')
milestone 31: syscall WRITE (process 3) -- hardware-recorded CS=0x1b (CPL=3) -- ptr=0x55555000038b len=1 -- raw bytes >>>


<<< end of write (1 bytes)
milestone 33: syscall WRITE (process 3) also reads its own private heap at 0x555570000000 -- marker byte 0x40 ('@')
milestone 33: syscall SBRK (process 3) -- hardware-recorded CS=0x1b (CPL=3) -- requested 72 bytes, returning heap pointer 0x555570000070
milestone 31: syscall WRITE (process 3) -- hardware-recorded CS=0x1b (CPL=3) -- ptr=0x5555500003e6 len=8 -- raw bytes >>>
  ptr_d=
<<< end of write (8 bytes)
milestone 33: syscall WRITE (process 3) also reads its own private heap at 0x555570000000 -- marker byte 0x40 ('@')
milestone 31: syscall WRITE (process 3) -- hardware-recorded CS=0x1b (CPL=3) -- ptr=0x555560000f9e len=18 -- raw bytes >>>
0x0000555570000078
<<< end of write (18 bytes)
milestone 33: syscall WRITE (process 3) also reads its own private heap at 0x555570000000 -- marker byte 0x40 ('@')
milestone 31: syscall WRITE (process 3) -- hardware-recorded CS=0x1b (CPL=3) -- ptr=0x55555000038b len=1 -- raw bytes >>>


<<< end of write (1 bytes)
milestone 33: syscall WRITE (process 3) also reads its own private heap at 0x555570000000 -- marker byte 0x40 ('@')
milestone 31: syscall WRITE (process 3) -- hardware-recorded CS=0x1b (CPL=3) -- ptr=0x5555500003ee len=8 -- raw bytes >>>
  ptr_e=
<<< end of write (8 bytes)
milestone 33: syscall WRITE (process 3) also reads its own private heap at 0x555570000000 -- marker byte 0x40 ('@')
milestone 31: syscall WRITE (process 3) -- hardware-recorded CS=0x1b (CPL=3) -- ptr=0x555560000f9e len=18 -- raw bytes >>>
0x0000555570000078
<<< end of write (18 bytes)
milestone 33: syscall WRITE (process 3) also reads its own private heap at 0x555570000000 -- marker byte 0x40 ('@')
milestone 31: syscall WRITE (process 3) -- hardware-recorded CS=0x1b (CPL=3) -- ptr=0x55555000038b len=1 -- raw bytes >>>


<<< end of write (1 bytes)
milestone 33: syscall WRITE (process 3) also reads its own private heap at 0x555570000000 -- marker byte 0x40 ('@')
milestone 31: syscall WRITE (process 3) -- hardware-recorded CS=0x1b (CPL=3) -- ptr=0x5555500003fe len=8 -- raw bytes >>>
  ptr_f=
<<< end of write (8 bytes)
milestone 33: syscall WRITE (process 3) also reads its own private heap at 0x555570000000 -- marker byte 0x40 ('@')
milestone 31: syscall WRITE (process 3) -- hardware-recorded CS=0x1b (CPL=3) -- ptr=0x555560000f9e len=18 -- raw bytes >>>
0x0000555570000090
<<< end of write (18 bytes)
milestone 33: syscall WRITE (process 3) also reads its own private heap at 0x555570000000 -- marker byte 0x40 ('@')
milestone 31: syscall WRITE (process 3) -- hardware-recorded CS=0x1b (CPL=3) -- ptr=0x55555000038b len=1 -- raw bytes >>>


<<< end of write (1 bytes)
milestone 33: syscall WRITE (process 3) also reads its own private heap at 0x555570000000 -- marker byte 0x40 ('@')
milestone 31: syscall WRITE (process 3) -- hardware-recorded CS=0x1b (CPL=3) -- ptr=0x55555000040e len=9 -- raw bytes >>>
distinct=
<<< end of write (9 bytes)
milestone 33: syscall WRITE (process 3) also reads its own private heap at 0x555570000000 -- marker byte 0x40 ('@')
milestone 31: syscall WRITE (process 3) -- hardware-recorded CS=0x1b (CPL=3) -- ptr=0x555550000356 len=4 -- raw bytes >>>
PASS
<<< end of write (4 bytes)
milestone 33: syscall WRITE (process 3) also reads its own private heap at 0x555570000000 -- marker byte 0x40 ('@')
milestone 31: syscall WRITE (process 3) -- hardware-recorded CS=0x1b (CPL=3) -- ptr=0x55555000035a len=1 -- raw bytes >>>
 
<<< end of write (1 bytes)
milestone 33: syscall WRITE (process 3) also reads its own private heap at 0x555570000000 -- marker byte 0x40 ('@')
milestone 31: syscall WRITE (process 3) -- hardware-recorded CS=0x1b (CPL=3) -- ptr=0x555550000417 len=10 -- raw bytes >>>
integrity=
<<< end of write (10 bytes)
milestone 33: syscall WRITE (process 3) also reads its own private heap at 0x555570000000 -- marker byte 0x40 ('@')
milestone 31: syscall WRITE (process 3) -- hardware-recorded CS=0x1b (CPL=3) -- ptr=0x555550000356 len=4 -- raw bytes >>>
PASS
<<< end of write (4 bytes)
milestone 33: syscall WRITE (process 3) also reads its own private heap at 0x555570000000 -- marker byte 0x40 ('@')
milestone 31: syscall WRITE (process 3) -- hardware-recorded CS=0x1b (CPL=3) -- ptr=0x55555000035a len=1 -- raw bytes >>>
 
<<< end of write (1 bytes)
milestone 33: syscall WRITE (process 3) also reads its own private heap at 0x555570000000 -- marker byte 0x40 ('@')
milestone 31: syscall WRITE (process 3) -- hardware-recorded CS=0x1b (CPL=3) -- ptr=0x555550000421 len=6 -- raw bytes >>>
reuse=
<<< end of write (6 bytes)
milestone 33: syscall WRITE (process 3) also reads its own private heap at 0x555570000000 -- marker byte 0x40 ('@')
milestone 31: syscall WRITE (process 3) -- hardware-recorded CS=0x1b (CPL=3) -- ptr=0x555550000356 len=4 -- raw bytes >>>
PASS
<<< end of write (4 bytes)
milestone 33: syscall WRITE (process 3) also reads its own private heap at 0x555570000000 -- marker byte 0x40 ('@')
milestone 31: syscall WRITE (process 3) -- hardware-recorded CS=0x1b (CPL=3) -- ptr=0x55555000035a len=1 -- raw bytes >>>
 
<<< end of write (1 bytes)
milestone 33: syscall WRITE (process 3) also reads its own private heap at 0x555570000000 -- marker byte 0x40 ('@')
milestone 31: syscall WRITE (process 3) -- hardware-recorded CS=0x1b (CPL=3) -- ptr=0x555550000427 len=12 -- raw bytes >>>
split_reuse=
<<< end of write (12 bytes)
milestone 33: syscall WRITE (process 3) also reads its own private heap at 0x555570000000 -- marker byte 0x40 ('@')
milestone 31: syscall WRITE (process 3) -- hardware-recorded CS=0x1b (CPL=3) -- ptr=0x555550000356 len=4 -- raw bytes >>>
PASS
<<< end of write (4 bytes)
milestone 33: syscall WRITE (process 3) also reads its own private heap at 0x555570000000 -- marker byte 0x40 ('@')
milestone 31: syscall WRITE (process 3) -- hardware-recorded CS=0x1b (CPL=3) -- ptr=0x55555000035a len=1 -- raw bytes >>>
 
<<< end of write (1 bytes)
milestone 33: syscall WRITE (process 3) also reads its own private heap at 0x555570000000 -- marker byte 0x40 ('@')
milestone 31: syscall WRITE (process 3) -- hardware-recorded CS=0x1b (CPL=3) -- ptr=0x55555000036b len=16 -- raw bytes >>>
split_remainder=
<<< end of write (16 bytes)
milestone 33: syscall WRITE (process 3) also reads its own private heap at 0x555570000000 -- marker byte 0x40 ('@')
milestone 31: syscall WRITE (process 3) -- hardware-recorded CS=0x1b (CPL=3) -- ptr=0x555550000356 len=4 -- raw bytes >>>
PASS
<<< end of write (4 bytes)
milestone 33: syscall WRITE (process 3) also reads its own private heap at 0x555570000000 -- marker byte 0x40 ('@')
milestone 31: syscall WRITE (process 3) -- hardware-recorded CS=0x1b (CPL=3) -- ptr=0x55555000035a len=1 -- raw bytes >>>
 
<<< end of write (1 bytes)
milestone 33: syscall WRITE (process 3) also reads its own private heap at 0x555570000000 -- marker byte 0x40 ('@')
milestone 31: syscall WRITE (process 3) -- hardware-recorded CS=0x1b (CPL=3) -- ptr=0x55555000035b len=16 -- raw bytes >>>
split_integrity=
<<< end of write (16 bytes)
milestone 33: syscall WRITE (process 3) also reads its own private heap at 0x555570000000 -- marker byte 0x40 ('@')
milestone 31: syscall WRITE (process 3) -- hardware-recorded CS=0x1b (CPL=3) -- ptr=0x555550000356 len=4 -- raw bytes >>>
PASS
<<< end of write (4 bytes)
milestone 33: syscall WRITE (process 3) also reads its own private heap at 0x555570000000 -- marker byte 0x40 ('@')
milestone 31: syscall WRITE (process 3) -- hardware-recorded CS=0x1b (CPL=3) -- ptr=0x55555000035a len=1 -- raw bytes >>>
 
<<< end of write (1 bytes)
milestone 33: syscall WRITE (process 3) also reads its own private heap at 0x555570000000 -- marker byte 0x40 ('@')
milestone 31: syscall WRITE (process 3) -- hardware-recorded CS=0x1b (CPL=3) -- ptr=0x555550000406 len=8 -- raw bytes >>>
OVERALL=
<<< end of write (8 bytes)
milestone 33: syscall WRITE (process 3) also reads its own private heap at 0x555570000000 -- marker byte 0x40 ('@')
milestone 31: syscall WRITE (process 3) -- hardware-recorded CS=0x1b (CPL=3) -- ptr=0x555550000356 len=4 -- raw bytes >>>
PASS
<<< end of write (4 bytes)
milestone 33: syscall WRITE (process 3) also reads its own private heap at 0x555570000000 -- marker byte 0x40 ('@')
milestone 31: syscall WRITE (process 3) -- hardware-recorded CS=0x1b (CPL=3) -- ptr=0x55555000038b len=1 -- raw bytes >>>


<<< end of write (1 bytes)
milestone 33: syscall WRITE (process 3) also reads its own private heap at 0x555570000000 -- marker byte 0x40 ('@')
milestone 30: syscall EXIT -- hardware-recorded CS=0x1b (CPL=3) -- discarding ring-3 context, resuming kernel context
milestone 36: elf-loaded process -- resumed in kernel context (CR3 already restored by the exit syscall before this point)
milestone 51: self-test -- malloctest.elf ran to completion and returned to the kernel cleanly (no panic, no double fault) -- see the 'milestone 51: malloctest' lines above for the real allocator-correctness evidence written by the program itself
milestone 61: self-test -- parsed the embedded stdiotest.elf: e_entry=0x555550000000 (expected 0x555550000000), 1 PT_LOAD segment(s)
milestone 36: process elf-loaded -- ELF validated: e_entry=0x555550000000 falls inside a mapped segment, 1 PT_LOAD segment(s), 2 total page(s), all within private p4 index 170
milestone 36: process elf-loaded -- new pml4 0x120000 populated: 511 kernel-space entries shared, index 170 left private
milestone 36: process elf-loaded -- mapped 2 PT_LOAD page(s): [(93824902758400, 1183744, 4096, 7), (93824902762496, 1200128, 2694, 7)]
milestone 36: process elf-loaded -- private stack page mapped to frame 0x126000
milestone 57: process elf-loaded -- private heap RESERVED (not mapped): 64 pages at 0x555570000000..0x55557003ffff, 0 physical frames committed until a real page fault demand-pages one
milestone 36: elf-loaded process -- about to switch CR3 to pml4 0x120000
milestone 36: CR3 switched -- entering ring 3 for the ELF-loaded process at 0x555550000000 (real e_entry)
milestone 31: syscall WRITE (process 3) -- hardware-recorded CS=0x1b (CPL=3) -- ptr=0x555550001260 len=67 -- raw bytes >>>
milestone 61: stdiotest starting -- real string.h + buffered stdio

<<< end of write (67 bytes)
milestone 57: syscall WRITE (process 3) -- heap page 0 at 0x555570000000 is not mapped yet (this process has never touched its heap -- demand paging means no physical frame exists there to read)
milestone 33: syscall SBRK (process 3) -- hardware-recorded CS=0x1b (CPL=3) -- requested 16 bytes, returning heap pointer 0x555570000000
milestone 57: demand-paged heap page 0 for process 3 (fault addr 0x555570000000) -- fresh zeroed physical frame 0x128000 mapped, resuming the faulting instruction
milestone 31: syscall WRITE (process 3) -- hardware-recorded CS=0x1b (CPL=3) -- ptr=0x5555500012a8 len=7 -- raw bytes >>>
memcpy=
<<< end of write (7 bytes)
milestone 33: syscall WRITE (process 3) also reads its own private heap at 0x555570000000 -- marker byte 0x08 (' ')
milestone 31: syscall WRITE (process 3) -- hardware-recorded CS=0x1b (CPL=3) -- ptr=0x555550001236 len=4 -- raw bytes >>>
PASS
<<< end of write (4 bytes)
milestone 33: syscall WRITE (process 3) also reads its own private heap at 0x555570000000 -- marker byte 0x08 (' ')
milestone 31: syscall WRITE (process 3) -- hardware-recorded CS=0x1b (CPL=3) -- ptr=0x55555000123e len=1 -- raw bytes >>>
 
<<< end of write (1 bytes)
milestone 33: syscall WRITE (process 3) also reads its own private heap at 0x555570000000 -- marker byte 0x08 (' ')
milestone 33: syscall SBRK (process 3) -- hardware-recorded CS=0x1b (CPL=3) -- requested 16 bytes, returning heap pointer 0x555570000010
milestone 31: syscall WRITE (process 3) -- hardware-recorded CS=0x1b (CPL=3) -- ptr=0x5555500012af len=7 -- raw bytes >>>
memset=
<<< end of write (7 bytes)
milestone 33: syscall WRITE (process 3) also reads its own private heap at 0x555570000000 -- marker byte 0x08 (' ')
milestone 31: syscall WRITE (process 3) -- hardware-recorded CS=0x1b (CPL=3) -- ptr=0x555550001236 len=4 -- raw bytes >>>
PASS
<<< end of write (4 bytes)
milestone 33: syscall WRITE (process 3) also reads its own private heap at 0x555570000000 -- marker byte 0x08 (' ')
milestone 31: syscall WRITE (process 3) -- hardware-recorded CS=0x1b (CPL=3) -- ptr=0x55555000123e len=1 -- raw bytes >>>
 
<<< end of write (1 bytes)
milestone 33: syscall WRITE (process 3) also reads its own private heap at 0x555570000000 -- marker byte 0x08 (' ')
milestone 33: syscall SBRK (process 3) -- hardware-recorded CS=0x1b (CPL=3) -- requested 24 bytes, returning heap pointer 0x555570000020
milestone 31: syscall WRITE (process 3) -- hardware-recorded CS=0x1b (CPL=3) -- ptr=0x5555500012e2 len=8 -- raw bytes >>>
memmove=
<<< end of write (8 bytes)
milestone 33: syscall WRITE (process 3) also reads its own private heap at 0x555570000000 -- marker byte 0x08 (' ')
milestone 31: syscall WRITE (process 3) -- hardware-recorded CS=0x1b (CPL=3) -- ptr=0x555550001236 len=4 -- raw bytes >>>
PASS
<<< end of write (4 bytes)
milestone 33: syscall WRITE (process 3) also reads its own private heap at 0x555570000000 -- marker byte 0x08 (' ')
milestone 31: syscall WRITE (process 3) -- hardware-recorded CS=0x1b (CPL=3) -- ptr=0x55555000123e len=1 -- raw bytes >>>
 
<<< end of write (1 bytes)
milestone 33: syscall WRITE (process 3) also reads its own private heap at 0x555570000000 -- marker byte 0x08 (' ')
milestone 31: syscall WRITE (process 3) -- hardware-recorded CS=0x1b (CPL=3) -- ptr=0x555550001300 len=7 -- raw bytes >>>
memcmp=
<<< end of write (7 bytes)
milestone 33: syscall WRITE (process 3) also reads its own private heap at 0x555570000000 -- marker byte 0x08 (' ')
milestone 31: syscall WRITE (process 3) -- hardware-recorded CS=0x1b (CPL=3) -- ptr=0x555550001236 len=4 -- raw bytes >>>
PASS
<<< end of write (4 bytes)
milestone 33: syscall WRITE (process 3) also reads its own private heap at 0x555570000000 -- marker byte 0x08 (' ')
milestone 31: syscall WRITE (process 3) -- hardware-recorded CS=0x1b (CPL=3) -- ptr=0x55555000123e len=1 -- raw bytes >>>
 
<<< end of write (1 bytes)
milestone 33: syscall WRITE (process 3) also reads its own private heap at 0x555570000000 -- marker byte 0x08 (' ')
milestone 31: syscall WRITE (process 3) -- hardware-recorded CS=0x1b (CPL=3) -- ptr=0x555550001335 len=7 -- raw bytes >>>
strlen=
<<< end of write (7 bytes)
milestone 33: syscall WRITE (process 3) also reads its own private heap at 0x555570000000 -- marker byte 0x08 (' ')
milestone 31: syscall WRITE (process 3) -- hardware-recorded CS=0x1b (CPL=3) -- ptr=0x555550001236 len=4 -- raw bytes >>>
PASS
<<< end of write (4 bytes)
milestone 33: syscall WRITE (process 3) also reads its own private heap at 0x555570000000 -- marker byte 0x08 (' ')
milestone 31: syscall WRITE (process 3) -- hardware-recorded CS=0x1b (CPL=3) -- ptr=0x55555000123e len=1 -- raw bytes >>>
 
<<< end of write (1 bytes)
milestone 33: syscall WRITE (process 3) also reads its own private heap at 0x555570000000 -- marker byte 0x08 (' ')
milestone 31: syscall WRITE (process 3) -- hardware-recorded CS=0x1b (CPL=3) -- ptr=0x55555000133c len=7 -- raw bytes >>>
strcmp=
<<< end of write (7 bytes)
milestone 33: syscall WRITE (process 3) also reads its own private heap at 0x555570000000 -- marker byte 0x08 (' ')
milestone 31: syscall WRITE (process 3) -- hardware-recorded CS=0x1b (CPL=3) -- ptr=0x555550001236 len=4 -- raw bytes >>>
PASS
<<< end of write (4 bytes)
milestone 33: syscall WRITE (process 3) also reads its own private heap at 0x555570000000 -- marker byte 0x08 (' ')
milestone 31: syscall WRITE (process 3) -- hardware-recorded CS=0x1b (CPL=3) -- ptr=0x55555000123e len=1 -- raw bytes >>>
 
<<< end of write (1 bytes)
milestone 33: syscall WRITE (process 3) also reads its own private heap at 0x555570000000 -- marker byte 0x08 (' ')
milestone 31: syscall WRITE (process 3) -- hardware-recorded CS=0x1b (CPL=3) -- ptr=0x5555500012d2 len=8 -- raw bytes >>>
strncmp=
<<< end of write (8 bytes)
milestone 33: syscall WRITE (process 3) also reads its own private heap at 0x555570000000 -- marker byte 0x08 (' ')
milestone 31: syscall WRITE (process 3) -- hardware-recorded CS=0x1b (CPL=3) -- ptr=0x555550001236 len=4 -- raw bytes >>>
PASS
<<< end of write (4 bytes)
milestone 33: syscall WRITE (process 3) also reads its own private heap at 0x555570000000 -- marker byte 0x08 (' ')
milestone 31: syscall WRITE (process 3) -- hardware-recorded CS=0x1b (CPL=3) -- ptr=0x55555000123e len=1 -- raw bytes >>>
 
<<< end of write (1 bytes)
milestone 33: syscall WRITE (process 3) also reads its own private heap at 0x555570000000 -- marker byte 0x08 (' ')
milestone 33: syscall SBRK (process 3) -- hardware-recorded CS=0x1b (CPL=3) -- requested 16 bytes, returning heap pointer 0x555570000038
milestone 31: syscall WRITE (process 3) -- hardware-recorded CS=0x1b (CPL=3) -- ptr=0x555550001343 len=7 -- raw bytes >>>
strcpy=
<<< end of write (7 bytes)
milestone 33: syscall WRITE (process 3) also reads its own private heap at 0x555570000000 -- marker byte 0x08 (' ')
milestone 31: syscall WRITE (process 3) -- hardware-recorded CS=0x1b (CPL=3) -- ptr=0x555550001236 len=4 -- raw bytes >>>
PASS
<<< end of write (4 bytes)
milestone 33: syscall WRITE (process 3) also reads its own private heap at 0x555570000000 -- marker byte 0x08 (' ')
milestone 31: syscall WRITE (process 3) -- hardware-recorded CS=0x1b (CPL=3) -- ptr=0x55555000123e len=1 -- raw bytes >>>
 
<<< end of write (1 bytes)
milestone 33: syscall WRITE (process 3) also reads its own private heap at 0x555570000000 -- marker byte 0x08 (' ')
milestone 33: syscall SBRK (process 3) -- hardware-recorded CS=0x1b (CPL=3) -- requested 16 bytes, returning heap pointer 0x555570000048
milestone 31: syscall WRITE (process 3) -- hardware-recorded CS=0x1b (CPL=3) -- ptr=0x5555500012da len=8 -- raw bytes >>>
strncpy=
<<< end of write (8 bytes)
milestone 33: syscall WRITE (process 3) also reads its own private heap at 0x555570000000 -- marker byte 0x08 (' ')
milestone 31: syscall WRITE (process 3) -- hardware-recorded CS=0x1b (CPL=3) -- ptr=0x555550001236 len=4 -- raw bytes >>>
PASS
<<< end of write (4 bytes)
milestone 33: syscall WRITE (process 3) also reads its own private heap at 0x555570000000 -- marker byte 0x08 (' ')
milestone 31: syscall WRITE (process 3) -- hardware-recorded CS=0x1b (CPL=3) -- ptr=0x55555000123e len=1 -- raw bytes >>>
 
<<< end of write (1 bytes)
milestone 33: syscall WRITE (process 3) also reads its own private heap at 0x555570000000 -- marker byte 0x08 (' ')
milestone 33: syscall SBRK (process 3) -- hardware-recorded CS=0x1b (CPL=3) -- requested 16 bytes, returning heap pointer 0x555570000058
milestone 31: syscall WRITE (process 3) -- hardware-recorded CS=0x1b (CPL=3) -- ptr=0x55555000134f len=7 -- raw bytes >>>
strcat=
<<< end of write (7 bytes)
milestone 33: syscall WRITE (process 3) also reads its own private heap at 0x555570000000 -- marker byte 0x08 (' ')
milestone 31: syscall WRITE (process 3) -- hardware-recorded CS=0x1b (CPL=3) -- ptr=0x555550001236 len=4 -- raw bytes >>>
PASS
<<< end of write (4 bytes)
milestone 33: syscall WRITE (process 3) also reads its own private heap at 0x555570000000 -- marker byte 0x08 (' ')
milestone 31: syscall WRITE (process 3) -- hardware-recorded CS=0x1b (CPL=3) -- ptr=0x55555000123e len=1 -- raw bytes >>>
 
<<< end of write (1 bytes)
milestone 33: syscall WRITE (process 3) also reads its own private heap at 0x555570000000 -- marker byte 0x08 (' ')
milestone 31: syscall WRITE (process 3) -- hardware-recorded CS=0x1b (CPL=3) -- ptr=0x555550001356 len=7 -- raw bytes >>>
strchr=
<<< end of write (7 bytes)
milestone 33: syscall WRITE (process 3) also reads its own private heap at 0x555570000000 -- marker byte 0x08 (' ')
milestone 31: syscall WRITE (process 3) -- hardware-recorded CS=0x1b (CPL=3) -- ptr=0x555550001236 len=4 -- raw bytes >>>
PASS
<<< end of write (4 bytes)
milestone 33: syscall WRITE (process 3) also reads its own private heap at 0x555570000000 -- marker byte 0x08 (' ')
milestone 31: syscall WRITE (process 3) -- hardware-recorded CS=0x1b (CPL=3) -- ptr=0x55555000123e len=1 -- raw bytes >>>
 
<<< end of write (1 bytes)
milestone 33: syscall WRITE (process 3) also reads its own private heap at 0x555570000000 -- marker byte 0x08 (' ')
milestone 31: syscall WRITE (process 3) -- hardware-recorded CS=0x1b (CPL=3) -- ptr=0x55555000125f len=1 -- raw bytes >>>


<<< end of write (1 bytes)
milestone 33: syscall WRITE (process 3) also reads its own private heap at 0x555570000000 -- marker byte 0x08 (' ')
milestone 31: syscall WRITE (process 3) -- hardware-recorded CS=0x1b (CPL=3) -- ptr=0x55555000135d len=18 -- raw bytes >>>
content_len_is_40=
<<< end of write (18 bytes)
milestone 33: syscall WRITE (process 3) also reads its own private heap at 0x555570000000 -- marker byte 0x08 (' ')
milestone 31: syscall WRITE (process 3) -- hardware-recorded CS=0x1b (CPL=3) -- ptr=0x555550001236 len=4 -- raw bytes >>>
PASS
<<< end of write (4 bytes)
milestone 33: syscall WRITE (process 3) also reads its own private heap at 0x555570000000 -- marker byte 0x08 (' ')
milestone 31: syscall WRITE (process 3) -- hardware-recorded CS=0x1b (CPL=3) -- ptr=0x55555000123e len=1 -- raw bytes >>>
 
<<< end of write (1 bytes)
milestone 33: syscall WRITE (process 3) also reads its own private heap at 0x555570000000 -- marker byte 0x08 (' ')
milestone 35: syscall OPEN (process 3) -- hardware-recorded CS=0x1b (CPL=3) -- path='stdiotest_a' -> fd 0
milestone 33: syscall SBRK (process 3) -- hardware-recorded CS=0x1b (CPL=3) -- requested 112 bytes, returning heap pointer 0x555570000068
milestone 31: syscall WRITE (process 3) -- hardware-recorded CS=0x1b (CPL=3) -- ptr=0x5555500012ea len=8 -- raw bytes >>>
fopen_w=
<<< end of write (8 bytes)
milestone 33: syscall WRITE (process 3) also reads its own private heap at 0x555570000000 -- marker byte 0x08 (' ')
milestone 31: syscall WRITE (process 3) -- hardware-recorded CS=0x1b (CPL=3) -- ptr=0x555550001236 len=4 -- raw bytes >>>
PASS
<<< end of write (4 bytes)
milestone 33: syscall WRITE (process 3) also reads its own private heap at 0x555570000000 -- marker byte 0x08 (' ')
milestone 31: syscall WRITE (process 3) -- hardware-recorded CS=0x1b (CPL=3) -- ptr=0x55555000123e len=1 -- raw bytes >>>
 
<<< end of write (1 bytes)
milestone 33: syscall WRITE (process 3) also reads its own private heap at 0x555570000000 -- marker byte 0x08 (' ')
milestone 35: syscall FDWRITE (process 3) -- hardware-recorded CS=0x1b (CPL=3) -- fd=0 requested=32 accepted=32 bytes
milestone 31: syscall WRITE (process 3) -- hardware-recorded CS=0x1b (CPL=3) -- ptr=0x5555500013a2 len=23 -- raw bytes >>>
  wlen after 12B write=
<<< end of write (23 bytes)
milestone 33: syscall WRITE (process 3) also reads its own private heap at 0x555570000000 -- marker byte 0x08 (' ')
milestone 31: syscall WRITE (process 3) -- hardware-recorded CS=0x1b (CPL=3) -- ptr=0x555560000e7e len=18 -- raw bytes >>>
0x000000000000000c
<<< end of write (18 bytes)
milestone 33: syscall WRITE (process 3) also reads its own private heap at 0x555570000000 -- marker byte 0x08 (' ')
milestone 31: syscall WRITE (process 3) -- hardware-recorded CS=0x1b (CPL=3) -- ptr=0x55555000125f len=1 -- raw bytes >>>


<<< end of write (1 bytes)
milestone 33: syscall WRITE (process 3) also reads its own private heap at 0x555570000000 -- marker byte 0x08 (' ')
milestone 31: syscall WRITE (process 3) -- hardware-recorded CS=0x1b (CPL=3) -- ptr=0x5555500013b9 len=24 -- raw bytes >>>
  wlen after +25B write=
<<< end of write (24 bytes)
milestone 33: syscall WRITE (process 3) also reads its own private heap at 0x555570000000 -- marker byte 0x08 (' ')
milestone 31: syscall WRITE (process 3) -- hardware-recorded CS=0x1b (CPL=3) -- ptr=0x555560000e7e len=18 -- raw bytes >>>
0x0000000000000005
<<< end of write (18 bytes)
milestone 33: syscall WRITE (process 3) also reads its own private heap at 0x555570000000 -- marker byte 0x08 (' ')
milestone 31: syscall WRITE (process 3) -- hardware-recorded CS=0x1b (CPL=3) -- ptr=0x55555000125f len=1 -- raw bytes >>>


<<< end of write (1 bytes)
milestone 33: syscall WRITE (process 3) also reads its own private heap at 0x555570000000 -- marker byte 0x08 (' ')
milestone 31: syscall WRITE (process 3) -- hardware-recorded CS=0x1b (CPL=3) -- ptr=0x5555500013d1 len=23 -- raw bytes >>>
  wlen after +3B write=
<<< end of write (23 bytes)
milestone 33: syscall WRITE (process 3) also reads its own private heap at 0x555570000000 -- marker byte 0x08 (' ')
milestone 31: syscall WRITE (process 3) -- hardware-recorded CS=0x1b (CPL=3) -- ptr=0x555560000e7e len=18 -- raw bytes >>>
0x0000000000000008
<<< end of write (18 bytes)
milestone 33: syscall WRITE (process 3) also reads its own private heap at 0x555570000000 -- marker byte 0x08 (' ')
milestone 31: syscall WRITE (process 3) -- hardware-recorded CS=0x1b (CPL=3) -- ptr=0x55555000125f len=1 -- raw bytes >>>


<<< end of write (1 bytes)
milestone 33: syscall WRITE (process 3) also reads its own private heap at 0x555570000000 -- marker byte 0x08 (' ')
milestone 31: syscall WRITE (process 3) -- hardware-recorded CS=0x1b (CPL=3) -- ptr=0x5555500013e8 len=14 -- raw bytes >>>
fwrite_counts=
<<< end of write (14 bytes)
milestone 33: syscall WRITE (process 3) also reads its own private heap at 0x555570000000 -- marker byte 0x08 (' ')
milestone 31: syscall WRITE (process 3) -- hardware-recorded CS=0x1b (CPL=3) -- ptr=0x555550001236 len=4 -- raw bytes >>>
PASS
<<< end of write (4 bytes)
milestone 33: syscall WRITE (process 3) also reads its own private heap at 0x555570000000 -- marker byte 0x08 (' ')
milestone 31: syscall WRITE (process 3) -- hardware-recorded CS=0x1b (CPL=3) -- ptr=0x55555000123e len=1 -- raw bytes >>>
 
<<< end of write (1 bytes)
milestone 33: syscall WRITE (process 3) also reads its own private heap at 0x555570000000 -- marker byte 0x08 (' ')
milestone 31: syscall WRITE (process 3) -- hardware-recorded CS=0x1b (CPL=3) -- ptr=0x5555500013f6 len=22 -- raw bytes >>>
fwrite_real_buffering=
<<< end of write (22 bytes)
milestone 33: syscall WRITE (process 3) also reads its own private heap at 0x555570000000 -- marker byte 0x08 (' ')
milestone 31: syscall WRITE (process 3) -- hardware-recorded CS=0x1b (CPL=3) -- ptr=0x555550001236 len=4 -- raw bytes >>>
PASS
<<< end of write (4 bytes)
milestone 33: syscall WRITE (process 3) also reads its own private heap at 0x555570000000 -- marker byte 0x08 (' ')
milestone 31: syscall WRITE (process 3) -- hardware-recorded CS=0x1b (CPL=3) -- ptr=0x55555000123e len=1 -- raw bytes >>>
 
<<< end of write (1 bytes)
milestone 33: syscall WRITE (process 3) also reads its own private heap at 0x555570000000 -- marker byte 0x08 (' ')
milestone 35: syscall FDWRITE (process 3) -- hardware-recorded CS=0x1b (CPL=3) -- fd=0 requested=8 accepted=8 bytes
milestone 35: syscall CLOSE (process 3) -- fd 0 was dirty, persisted 92 bytes to 'stdiotest_a' on the real on-disk filesystem
milestone 35: syscall CLOSE (process 3) -- hardware-recorded CS=0x1b (CPL=3) -- fd=0 closed successfully
milestone 31: syscall WRITE (process 3) -- hardware-recorded CS=0x1b (CPL=3) -- ptr=0x55555000140c len=9 -- raw bytes >>>
fclose_w=
<<< end of write (9 bytes)
milestone 33: syscall WRITE (process 3) also reads its own private heap at 0x555570000000 -- marker byte 0x08 (' ')
milestone 31: syscall WRITE (process 3) -- hardware-recorded CS=0x1b (CPL=3) -- ptr=0x555550001236 len=4 -- raw bytes >>>
PASS
<<< end of write (4 bytes)
milestone 33: syscall WRITE (process 3) also reads its own private heap at 0x555570000000 -- marker byte 0x08 (' ')
milestone 31: syscall WRITE (process 3) -- hardware-recorded CS=0x1b (CPL=3) -- ptr=0x55555000123e len=1 -- raw bytes >>>
 
<<< end of write (1 bytes)
milestone 33: syscall WRITE (process 3) also reads its own private heap at 0x555570000000 -- marker byte 0x08 (' ')
milestone 35: syscall OPEN (process 3) -- hardware-recorded CS=0x1b (CPL=3) -- path='stdiotest_a' -> fd 0
milestone 31: syscall WRITE (process 3) -- hardware-recorded CS=0x1b (CPL=3) -- ptr=0x5555500012ca len=8 -- raw bytes >>>
fopen_r=
<<< end of write (8 bytes)
milestone 33: syscall WRITE (process 3) also reads its own private heap at 0x555570000000 -- marker byte 0x08 (' ')
milestone 31: syscall WRITE (process 3) -- hardware-recorded CS=0x1b (CPL=3) -- ptr=0x555550001236 len=4 -- raw bytes >>>
PASS
<<< end of write (4 bytes)
milestone 33: syscall WRITE (process 3) also reads its own private heap at 0x555570000000 -- marker byte 0x08 (' ')
milestone 31: syscall WRITE (process 3) -- hardware-recorded CS=0x1b (CPL=3) -- ptr=0x55555000123e len=1 -- raw bytes >>>
 
<<< end of write (1 bytes)
milestone 33: syscall WRITE (process 3) also reads its own private heap at 0x555570000000 -- marker byte 0x08 (' ')
milestone 33: syscall SBRK (process 3) -- hardware-recorded CS=0x1b (CPL=3) -- requested 48 bytes, returning heap pointer 0x5555700000d8
milestone 35: syscall READ (process 3) -- hardware-recorded CS=0x1b (CPL=3) -- fd=0 requested=32 actual=32 bytes
milestone 35: syscall READ (process 3) -- hardware-recorded CS=0x1b (CPL=3) -- fd=0 requested=32 actual=32 bytes
milestone 31: syscall WRITE (process 3) -- hardware-recorded CS=0x1b (CPL=3) -- ptr=0x555550001415 len=21 -- raw bytes >>>
  rlen after 5B read=
<<< end of write (21 bytes)
milestone 33: syscall WRITE (process 3) also reads its own private heap at 0x555570000000 -- marker byte 0x08 (' ')
milestone 31: syscall WRITE (process 3) -- hardware-recorded CS=0x1b (CPL=3) -- ptr=0x555560000e7e len=18 -- raw bytes >>>
0x0000000000000020
<<< end of write (18 bytes)
milestone 33: syscall WRITE (process 3) also reads its own private heap at 0x555570000000 -- marker byte 0x08 (' ')
milestone 31: syscall WRITE (process 3) -- hardware-recorded CS=0x1b (CPL=3) -- ptr=0x55555000125f len=1 -- raw bytes >>>


<<< end of write (1 bytes)
milestone 33: syscall WRITE (process 3) also reads its own private heap at 0x555570000000 -- marker byte 0x08 (' ')
milestone 31: syscall WRITE (process 3) -- hardware-recorded CS=0x1b (CPL=3) -- ptr=0x55555000142a len=21 -- raw bytes >>>
  rpos after 5B read=
<<< end of write (21 bytes)
milestone 33: syscall WRITE (process 3) also reads its own private heap at 0x555570000000 -- marker byte 0x08 (' ')
milestone 31: syscall WRITE (process 3) -- hardware-recorded CS=0x1b (CPL=3) -- ptr=0x555560000e7e len=18 -- raw bytes >>>
0x0000000000000005
<<< end of write (18 bytes)
milestone 33: syscall WRITE (process 3) also reads its own private heap at 0x555570000000 -- marker byte 0x08 (' ')
milestone 31: syscall WRITE (process 3) -- hardware-recorded CS=0x1b (CPL=3) -- ptr=0x55555000125f len=1 -- raw bytes >>>


<<< end of write (1 bytes)
milestone 33: syscall WRITE (process 3) also reads its own private heap at 0x555570000000 -- marker byte 0x08 (' ')
milestone 31: syscall WRITE (process 3) -- hardware-recorded CS=0x1b (CPL=3) -- ptr=0x55555000143f len=23 -- raw bytes >>>
  rlen after +20B read=
<<< end of write (23 bytes)
milestone 33: syscall WRITE (process 3) also reads its own private heap at 0x555570000000 -- marker byte 0x08 (' ')
milestone 31: syscall WRITE (process 3) -- hardware-recorded CS=0x1b (CPL=3) -- ptr=0x555560000e7e len=18 -- raw bytes >>>
0x0000000000000020
<<< end of write (18 bytes)
milestone 33: syscall WRITE (process 3) also reads its own private heap at 0x555570000000 -- marker byte 0x08 (' ')
milestone 31: syscall WRITE (process 3) -- hardware-recorded CS=0x1b (CPL=3) -- ptr=0x55555000125f len=1 -- raw bytes >>>


<<< end of write (1 bytes)
milestone 33: syscall WRITE (process 3) also reads its own private heap at 0x555570000000 -- marker byte 0x08 (' ')
milestone 31: syscall WRITE (process 3) -- hardware-recorded CS=0x1b (CPL=3) -- ptr=0x555550001456 len=23 -- raw bytes >>>
  rpos after +20B read=
<<< end of write (23 bytes)
milestone 33: syscall WRITE (process 3) also reads its own private heap at 0x555570000000 -- marker byte 0x08 (' ')
milestone 31: syscall WRITE (process 3) -- hardware-recorded CS=0x1b (CPL=3) -- ptr=0x555560000e7e len=18 -- raw bytes >>>
0x0000000000000019
<<< end of write (18 bytes)
milestone 33: syscall WRITE (process 3) also reads its own private heap at 0x555570000000 -- marker byte 0x08 (' ')
milestone 31: syscall WRITE (process 3) -- hardware-recorded CS=0x1b (CPL=3) -- ptr=0x55555000125f len=1 -- raw bytes >>>


<<< end of write (1 bytes)
milestone 33: syscall WRITE (process 3) also reads its own private heap at 0x555570000000 -- marker byte 0x08 (' ')
milestone 31: syscall WRITE (process 3) -- hardware-recorded CS=0x1b (CPL=3) -- ptr=0x55555000146d len=23 -- raw bytes >>>
  rlen after +10B read=
<<< end of write (23 bytes)
milestone 33: syscall WRITE (process 3) also reads its own private heap at 0x555570000000 -- marker byte 0x08 (' ')
milestone 31: syscall WRITE (process 3) -- hardware-recorded CS=0x1b (CPL=3) -- ptr=0x555560000e7e len=18 -- raw bytes >>>
0x0000000000000020
<<< end of write (18 bytes)
milestone 33: syscall WRITE (process 3) also reads its own private heap at 0x555570000000 -- marker byte 0x08 (' ')
milestone 31: syscall WRITE (process 3) -- hardware-recorded CS=0x1b (CPL=3) -- ptr=0x55555000125f len=1 -- raw bytes >>>


<<< end of write (1 bytes)
milestone 33: syscall WRITE (process 3) also reads its own private heap at 0x555570000000 -- marker byte 0x08 (' ')
milestone 31: syscall WRITE (process 3) -- hardware-recorded CS=0x1b (CPL=3) -- ptr=0x555550001484 len=23 -- raw bytes >>>
  rpos after +10B read=
<<< end of write (23 bytes)
milestone 33: syscall WRITE (process 3) also reads its own private heap at 0x555570000000 -- marker byte 0x08 (' ')
milestone 31: syscall WRITE (process 3) -- hardware-recorded CS=0x1b (CPL=3) -- ptr=0x555560000e7e len=18 -- raw bytes >>>
0x0000000000000003
<<< end of write (18 bytes)
milestone 33: syscall WRITE (process 3) also reads its own private heap at 0x555570000000 -- marker byte 0x08 (' ')
milestone 31: syscall WRITE (process 3) -- hardware-recorded CS=0x1b (CPL=3) -- ptr=0x55555000125f len=1 -- raw bytes >>>


<<< end of write (1 bytes)
milestone 33: syscall WRITE (process 3) also reads its own private heap at 0x555570000000 -- marker byte 0x08 (' ')
milestone 31: syscall WRITE (process 3) -- hardware-recorded CS=0x1b (CPL=3) -- ptr=0x55555000149b len=13 -- raw bytes >>>
fread_counts=
<<< end of write (13 bytes)
milestone 33: syscall WRITE (process 3) also reads its own private heap at 0x555570000000 -- marker byte 0x08 (' ')
milestone 31: syscall WRITE (process 3) -- hardware-recorded CS=0x1b (CPL=3) -- ptr=0x555550001236 len=4 -- raw bytes >>>
PASS
<<< end of write (4 bytes)
milestone 33: syscall WRITE (process 3) also reads its own private heap at 0x555570000000 -- marker byte 0x08 (' ')
milestone 31: syscall WRITE (process 3) -- hardware-recorded CS=0x1b (CPL=3) -- ptr=0x55555000123e len=1 -- raw bytes >>>
 
<<< end of write (1 bytes)
milestone 33: syscall WRITE (process 3) also reads its own private heap at 0x555570000000 -- marker byte 0x08 (' ')
milestone 31: syscall WRITE (process 3) -- hardware-recorded CS=0x1b (CPL=3) -- ptr=0x5555500014a8 len=21 -- raw bytes >>>
fread_real_buffering=
<<< end of write (21 bytes)
milestone 33: syscall WRITE (process 3) also reads its own private heap at 0x555570000000 -- marker byte 0x08 (' ')
milestone 31: syscall WRITE (process 3) -- hardware-recorded CS=0x1b (CPL=3) -- ptr=0x555550001232 len=4 -- raw bytes >>>
FAIL
<<< end of write (4 bytes)
milestone 33: syscall WRITE (process 3) also reads its own private heap at 0x555570000000 -- marker byte 0x08 (' ')
milestone 31: syscall WRITE (process 3) -- hardware-recorded CS=0x1b (CPL=3) -- ptr=0x55555000123e len=1 -- raw bytes >>>
 
<<< end of write (1 bytes)
milestone 33: syscall WRITE (process 3) also reads its own private heap at 0x555570000000 -- marker byte 0x08 (' ')
milestone 31: syscall WRITE (process 3) -- hardware-recorded CS=0x1b (CPL=3) -- ptr=0x5555500014bd len=18 -- raw bytes >>>
content_roundtrip=
<<< end of write (18 bytes)
milestone 33: syscall WRITE (process 3) also reads its own private heap at 0x555570000000 -- marker byte 0x08 (' ')
milestone 31: syscall WRITE (process 3) -- hardware-recorded CS=0x1b (CPL=3) -- ptr=0x555550001236 len=4 -- raw bytes >>>
PASS
<<< end of write (4 bytes)
milestone 33: syscall WRITE (process 3) also reads its own private heap at 0x555570000000 -- marker byte 0x08 (' ')
milestone 31: syscall WRITE (process 3) -- hardware-recorded CS=0x1b (CPL=3) -- ptr=0x55555000123e len=1 -- raw bytes >>>
 
<<< end of write (1 bytes)
milestone 33: syscall WRITE (process 3) also reads its own private heap at 0x555570000000 -- marker byte 0x08 (' ')
milestone 31: syscall WRITE (process 3) -- hardware-recorded CS=0x1b (CPL=3) -- ptr=0x5555500014cf len=14 -- raw bytes >>>
eof_semantics=
<<< end of write (14 bytes)
milestone 33: syscall WRITE (process 3) also reads its own private heap at 0x555570000000 -- marker byte 0x08 (' ')
milestone 31: syscall WRITE (process 3) -- hardware-recorded CS=0x1b (CPL=3) -- ptr=0x555550001232 len=4 -- raw bytes >>>
FAIL
<<< end of write (4 bytes)
milestone 33: syscall WRITE (process 3) also reads its own private heap at 0x555570000000 -- marker byte 0x08 (' ')
milestone 31: syscall WRITE (process 3) -- hardware-recorded CS=0x1b (CPL=3) -- ptr=0x55555000123e len=1 -- raw bytes >>>
 
<<< end of write (1 bytes)
milestone 33: syscall WRITE (process 3) also reads its own private heap at 0x555570000000 -- marker byte 0x08 (' ')
milestone 35: syscall CLOSE (process 3) -- hardware-recorded CS=0x1b (CPL=3) -- fd=0 closed successfully
milestone 31: syscall WRITE (process 3) -- hardware-recorded CS=0x1b (CPL=3) -- ptr=0x5555500014dd len=9 -- raw bytes >>>
fclose_r=
<<< end of write (9 bytes)
milestone 33: syscall WRITE (process 3) also reads its own private heap at 0x555570000000 -- marker byte 0x08 (' ')
milestone 31: syscall WRITE (process 3) -- hardware-recorded CS=0x1b (CPL=3) -- ptr=0x555550001236 len=4 -- raw bytes >>>
PASS
<<< end of write (4 bytes)
milestone 33: syscall WRITE (process 3) also reads its own private heap at 0x555570000000 -- marker byte 0x08 (' ')
milestone 31: syscall WRITE (process 3) -- hardware-recorded CS=0x1b (CPL=3) -- ptr=0x55555000123e len=1 -- raw bytes >>>
 
<<< end of write (1 bytes)
milestone 33: syscall WRITE (process 3) also reads its own private heap at 0x555570000000 -- marker byte 0x08 (' ')
milestone 31: syscall WRITE (process 3) -- hardware-recorded CS=0x1b (CPL=3) -- ptr=0x55555000125f len=1 -- raw bytes >>>


<<< end of write (1 bytes)
milestone 33: syscall WRITE (process 3) also reads its own private heap at 0x555570000000 -- marker byte 0x08 (' ')
milestone 35: syscall OPEN (process 3) -- hardware-recorded CS=0x1b (CPL=3) -- path='stdiotest_a' -> fd 0
milestone 35: syscall READ (process 3) -- hardware-recorded CS=0x1b (CPL=3) -- fd=0 requested=32 actual=32 bytes
milestone 35: syscall READ (process 3) -- hardware-recorded CS=0x1b (CPL=3) -- fd=0 requested=32 actual=32 bytes
milestone 35: syscall READ (process 3) -- hardware-recorded CS=0x1b (CPL=3) -- fd=0 requested=32 actual=28 bytes
milestone 35: syscall READ (process 3) -- hardware-recorded CS=0x1b (CPL=3) -- fd=0 requested=32 actual=0 bytes
milestone 35: syscall FDWRITE (process 3) -- hardware-recorded CS=0x1b (CPL=3) -- fd=0 requested=4 accepted=4 bytes
milestone 35: syscall CLOSE (process 3) -- fd 0 was dirty, persisted 96 bytes to 'stdiotest_a' on the real on-disk filesystem
milestone 35: syscall CLOSE (process 3) -- hardware-recorded CS=0x1b (CPL=3) -- fd=0 closed successfully
milestone 31: syscall WRITE (process 3) -- hardware-recorded CS=0x1b (CPL=3) -- ptr=0x5555500014e6 len=13 -- raw bytes >>>
append_write=
<<< end of write (13 bytes)
milestone 33: syscall WRITE (process 3) also reads its own private heap at 0x555570000000 -- marker byte 0x08 (' ')
milestone 31: syscall WRITE (process 3) -- hardware-recorded CS=0x1b (CPL=3) -- ptr=0x555550001236 len=4 -- raw bytes >>>
PASS
<<< end of write (4 bytes)
milestone 33: syscall WRITE (process 3) also reads its own private heap at 0x555570000000 -- marker byte 0x08 (' ')
milestone 31: syscall WRITE (process 3) -- hardware-recorded CS=0x1b (CPL=3) -- ptr=0x55555000123e len=1 -- raw bytes >>>
 
<<< end of write (1 bytes)
milestone 33: syscall WRITE (process 3) also reads its own private heap at 0x555570000000 -- marker byte 0x08 (' ')
milestone 35: syscall OPEN (process 3) -- hardware-recorded CS=0x1b (CPL=3) -- path='stdiotest_a' -> fd 0
milestone 33: syscall SBRK (process 3) -- hardware-recorded CS=0x1b (CPL=3) -- requested 56 bytes, returning heap pointer 0x555570000108
milestone 35: syscall READ (process 3) -- hardware-recorded CS=0x1b (CPL=3) -- fd=0 requested=32 actual=32 bytes
milestone 35: syscall READ (process 3) -- hardware-recorded CS=0x1b (CPL=3) -- fd=0 requested=32 actual=32 bytes
milestone 35: syscall CLOSE (process 3) -- hardware-recorded CS=0x1b (CPL=3) -- fd=0 closed successfully
milestone 31: syscall WRITE (process 3) -- hardware-recorded CS=0x1b (CPL=3) -- ptr=0x5555500014f3 len=17 -- raw bytes >>>
append_roundtrip=
<<< end of write (17 bytes)
milestone 33: syscall WRITE (process 3) also reads its own private heap at 0x555570000000 -- marker byte 0x08 (' ')
milestone 31: syscall WRITE (process 3) -- hardware-recorded CS=0x1b (CPL=3) -- ptr=0x555550001236 len=4 -- raw bytes >>>
PASS
<<< end of write (4 bytes)
milestone 33: syscall WRITE (process 3) also reads its own private heap at 0x555570000000 -- marker byte 0x08 (' ')
milestone 31: syscall WRITE (process 3) -- hardware-recorded CS=0x1b (CPL=3) -- ptr=0x55555000123e len=1 -- raw bytes >>>
 
<<< end of write (1 bytes)
milestone 33: syscall WRITE (process 3) also reads its own private heap at 0x555570000000 -- marker byte 0x08 (' ')
milestone 31: syscall WRITE (process 3) -- hardware-recorded CS=0x1b (CPL=3) -- ptr=0x55555000125f len=1 -- raw bytes >>>


<<< end of write (1 bytes)
milestone 33: syscall WRITE (process 3) also reads its own private heap at 0x555570000000 -- marker byte 0x08 (' ')
milestone 35: syscall OPEN (process 3) -- hardware-recorded CS=0x1b (CPL=3) -- path='stdiotest_b' -> fd 0
milestone 35: syscall FDWRITE (process 3) -- hardware-recorded CS=0x1b (CPL=3) -- fd=0 requested=32 accepted=32 bytes
milestone 35: syscall FDWRITE (process 3) -- hardware-recorded CS=0x1b (CPL=3) -- fd=0 requested=1 accepted=1 bytes
milestone 35: syscall CLOSE (process 3) -- fd 0 was dirty, persisted 33 bytes to 'stdiotest_b' on the real on-disk filesystem
milestone 35: syscall CLOSE (process 3) -- hardware-recorded CS=0x1b (CPL=3) -- fd=0 closed successfully
milestone 35: syscall OPEN (process 3) -- hardware-recorded CS=0x1b (CPL=3) -- path='stdiotest_b' -> fd 0
milestone 33: syscall SBRK (process 3) -- hardware-recorded CS=0x1b (CPL=3) -- requested 48 bytes, returning heap pointer 0x555570000140
milestone 35: syscall READ (process 3) -- hardware-recorded CS=0x1b (CPL=3) -- fd=0 requested=32 actual=32 bytes
milestone 35: syscall READ (process 3) -- hardware-recorded CS=0x1b (CPL=3) -- fd=0 requested=32 actual=1 bytes
milestone 35: syscall CLOSE (process 3) -- hardware-recorded CS=0x1b (CPL=3) -- fd=0 closed successfully
milestone 31: syscall WRITE (process 3) -- hardware-recorded CS=0x1b (CPL=3) -- ptr=0x555550001554 len=12 -- raw bytes >>>
fprintf_len=
<<< end of write (12 bytes)
milestone 33: syscall WRITE (process 3) also reads its own private heap at 0x555570000000 -- marker byte 0x08 (' ')
milestone 31: syscall WRITE (process 3) -- hardware-recorded CS=0x1b (CPL=3) -- ptr=0x555550001236 len=4 -- raw bytes >>>
PASS
<<< end of write (4 bytes)
milestone 33: syscall WRITE (process 3) also reads its own private heap at 0x555570000000 -- marker byte 0x08 (' ')
milestone 31: syscall WRITE (process 3) -- hardware-recorded CS=0x1b (CPL=3) -- ptr=0x55555000123e len=1 -- raw bytes >>>
 
<<< end of write (1 bytes)
milestone 33: syscall WRITE (process 3) also reads its own private heap at 0x555570000000 -- marker byte 0x08 (' ')
milestone 31: syscall WRITE (process 3) -- hardware-recorded CS=0x1b (CPL=3) -- ptr=0x55555000123f len=16 -- raw bytes >>>
fprintf_content=
<<< end of write (16 bytes)
milestone 33: syscall WRITE (process 3) also reads its own private heap at 0x555570000000 -- marker byte 0x08 (' ')
milestone 31: syscall WRITE (process 3) -- hardware-recorded CS=0x1b (CPL=3) -- ptr=0x555550001236 len=4 -- raw bytes >>>
PASS
<<< end of write (4 bytes)
milestone 33: syscall WRITE (process 3) also reads its own private heap at 0x555570000000 -- marker byte 0x08 (' ')
milestone 31: syscall WRITE (process 3) -- hardware-recorded CS=0x1b (CPL=3) -- ptr=0x55555000123e len=1 -- raw bytes >>>
 
<<< end of write (1 bytes)
milestone 33: syscall WRITE (process 3) also reads its own private heap at 0x555570000000 -- marker byte 0x08 (' ')
milestone 31: syscall WRITE (process 3) -- hardware-recorded CS=0x1b (CPL=3) -- ptr=0x55555000125f len=1 -- raw bytes >>>


<<< end of write (1 bytes)
milestone 33: syscall WRITE (process 3) also reads its own private heap at 0x555570000000 -- marker byte 0x08 (' ')
milestone 31: syscall WRITE (process 3) -- hardware-recorded CS=0x1b (CPL=3) -- ptr=0x5555500012f2 len=8 -- raw bytes >>>
OVERALL=
<<< end of write (8 bytes)
milestone 33: syscall WRITE (process 3) also reads its own private heap at 0x555570000000 -- marker byte 0x08 (' ')
milestone 31: syscall WRITE (process 3) -- hardware-recorded CS=0x1b (CPL=3) -- ptr=0x555550001232 len=4 -- raw bytes >>>
FAIL
<<< end of write (4 bytes)
milestone 33: syscall WRITE (process 3) also reads its own private heap at 0x555570000000 -- marker byte 0x08 (' ')
milestone 31: syscall WRITE (process 3) -- hardware-recorded CS=0x1b (CPL=3) -- ptr=0x55555000125f len=1 -- raw bytes >>>


<<< end of write (1 bytes)
milestone 33: syscall WRITE (process 3) also reads its own private heap at 0x555570000000 -- marker byte 0x08 (' ')
milestone 30: syscall EXIT -- hardware-recorded CS=0x1b (CPL=3) -- discarding ring-3 context, resuming kernel context
milestone 36: elf-loaded process -- resumed in kernel context (CR3 already restored by the exit syscall before this point)
milestone 61: self-test -- stdiotest.elf ran to completion and returned to the kernel cleanly (no panic, no double fault) -- see the 'milestone 61: stdiotest' lines above for the real string.h/stdio-correctness evidence written by the program itself
milestone 53: self-test -- forking FAULT_TEST_PROCESS's child (its entire code page is a single faulting instruction, no exit() anywhere), expecting wait() to report Signaled, not a stale Exited...
milestone 30: process forked-child -- user p4 index computed as 170 (code 0x555550000000, stack 0x555560000000)
milestone 30: process forked-child -- new pml4 0x12a000 populated: 511 kernel-space entries shared, index 170 left private
milestone 30: process forked-child -- private code page mapped to frame 0x12b000, private stack page mapped to frame 0x12c000
milestone 57: process forked-child -- private heap RESERVED (not mapped): 64 pages at 0x555570000000..0x55557003ffff, 0 physical frames committed until a real page fault demand-pages one
milestone 34: process forked-child -- copied 4096 image bytes into private code frame 0x12b000
milestone 37: fork() -- child's code frame 0x12b000 holds a REAL byte-for-byte copy of the parent's code frame 0x5b000 (independently verifiable: same virtual address USER_CODE_ADDR under either process's own CR3, genuinely different physical frames)
milestone 37: syscall FORK (process 10, 'fault-test') -- created child pid 14: pml4=0x12a000 code_frame=0x12b000 resume point rip=0x555550000000 rsp=0x555560001000
milestone 37: wait() -- switching CR3 to forked child pid 14's own pml4 0x12a000, resuming at rip=0x555550000000 rsp=0x555560001000 (its own fork()-time snapshot, rax forced to 0)
milestone 41: SIGSEGV -- process 14 page-faulted at Ok(VirtAddr(0x123456780000)) (real hardware CPL=3, error code PageFaultErrorCode(USER_MODE)) -- terminating this process, kernel continues
milestone 37: wait() -- forked child pid 14 resumed in kernel context (its own exit() syscall ran; CR3 is currently the KERNEL's own, restored to the parent's by wait_for_child() next)
milestone 54: reclaim_process_frames('forked-child') -- freed 7 physical frame(s) back to the allocator's free list
milestone 53: syscall WAIT (process 10) -- child pid 14 was signal-terminated (real hardware fault, not its own exit()) and was reaped, CR3 restored to parent's own pml4 0x5a000
milestone 53: self-test -- forked+faulted child pid 14, wait() reported Signaled(reaped=14) -- confirmed
milestone 53: self-test -- running PROCESS_A right after, real proof the kernel genuinely recovered from a fault inside a nested wait() excursion specifically (not just a top-level fault, which M41 already covers)...
milestone 30: runproc 1 (process A) -- about to switch CR3 to process pml4 0x22000
milestone 30: CR3 switched -- entering ring 3 for process 1 at 0x555550000000
milestone 33: syscall SBRK (process 1) -- hardware-recorded CS=0x1b (CPL=3) -- requested 16 bytes, returning heap pointer 0x555570000010
milestone 31: syscall WRITE (process 1) -- hardware-recorded CS=0x1b (CPL=3) -- ptr=0x555550000080 len=64 -- raw bytes >>>
hello from process A -- via real write(ptr,len)!                
<<< end of write (64 bytes)
milestone 33: syscall WRITE (process 1) also reads its own private heap at 0x555570000000 -- marker byte 0x41 ('A')
milestone 30: syscall EXIT -- hardware-recorded CS=0x1b (CPL=3) -- discarding ring-3 context, resuming kernel context
milestone 30: runproc 1 -- resumed in kernel context (CR3 already restored by the exit syscall before this point)
milestone 53: self-test -- PROCESS_A ran normally after the nested-wait() fault -- kernel genuinely recovered
milestone 30: process forked-child -- user p4 index computed as 170 (code 0x555550000000, stack 0x555560000000)
milestone 30: process forked-child -- new pml4 0x12c000 populated: 511 kernel-space entries shared, index 170 left private
milestone 30: process forked-child -- private code page mapped to frame 0x12b000, private stack page mapped to frame 0x12a000
milestone 57: process forked-child -- private heap RESERVED (not mapped): 64 pages at 0x555570000000..0x55557003ffff, 0 physical frames committed until a real page fault demand-pages one
milestone 34: process forked-child -- copied 4096 image bytes into private code frame 0x12b000
milestone 37: fork() -- child's code frame 0x12b000 holds a REAL byte-for-byte copy of the parent's code frame 0x5b000 (independently verifiable: same virtual address USER_CODE_ADDR under either process's own CR3, genuinely different physical frames)
milestone 37: syscall FORK (process 10, 'fault-test') -- created child pid 14: pml4=0x12c000 code_frame=0x12b000 resume point rip=0x0 rsp=0x0
milestone 54: reclaim_process_frames('forked-child') -- freed 7 physical frame(s) back to the allocator's free list
milestone 41: syscall KILL (process 10) -- pid 14 terminated WITHOUT ever running (bypassed wait()'s normal run-then-reap contract), slot freed for reuse
milestone 53: self-test -- second fork() from FAULT_TEST_PROCESS_ID succeeded (pid 14, killed=true) -- real proof the first faulted child's slot was genuinely freed, not just marked. PROCESS_TABLE occupied slots after cleanup: [0], own slot 1 freed=true (other slots may be legitimately occupied by unrelated earlier milestones' own self-tests, e.g. M41's SIGKILL_TEST_PROCESS)
milestone 53: self-test -- OVERALL: PASS
milestone 57: self-test -- layout check: far heap page index=63 (expect 63), offset=0x3f000 -- confirmed
milestone 57: self-test -- BEFORE running DEMAND_PAGE_TEST_PROCESS: all 64 heap slots unmapped -- Some(true) (expect Some(true), real proof create_process_from_image() no longer eagerly maps any heap page)
milestone 30: runproc 11 (process demand-page-test) -- about to switch CR3 to process pml4 0x61000
milestone 30: CR3 switched -- entering ring 3 for process 11 at 0x555550000000
milestone 33: syscall SBRK (process 11) -- hardware-recorded CS=0x1b (CPL=3) -- requested 258056 bytes, returning heap pointer 0x555570000000
milestone 57: demand-paged heap page 63 for process 11 (fault addr 0x55557003f000) -- fresh zeroed physical frame 0x12a000 mapped, resuming the faulting instruction
milestone 30: syscall EXIT -- hardware-recorded CS=0x1b (CPL=3) -- discarding ring-3 context, resuming kernel context
milestone 30: runproc 11 -- resumed in kernel context (CR3 already restored by the exit syscall before this point)
milestone 57: self-test -- DEMAND_PAGE_TEST_PROCESS ran and returned to the kernel (run() returned Ok)
milestone 57: self-test -- AFTER running: heap_frames[63] mapped=true, marker byte correct=true (expect true, true -- a real physical frame was demand-paged for the FAR page specifically, and real content survived the fault+retry)
milestone 57: self-test -- heap_frames[0] still unmapped=true (expect true -- proves demand paging is genuinely per-page, not per-reservation)
milestone 57: self-test -- running DEMAND_PAGE_OOB_TEST_PROCESS: same target page (63) as the positive case, but this process never sbrk()'d anywhere near it -- expecting a real SIGSEGV, not a silent demand-page
milestone 30: runproc 12 (process demand-page-oob-test) -- about to switch CR3 to process pml4 0x68000
milestone 30: CR3 switched -- entering ring 3 for process 12 at 0x555550000000
milestone 33: syscall SBRK (process 12) -- hardware-recorded CS=0x1b (CPL=3) -- requested 64 bytes, returning heap pointer 0x555570000000
milestone 41: SIGSEGV -- process 12 page-faulted at Ok(VirtAddr(0x55557003fff8)) (real hardware CPL=3, error code PageFaultErrorCode(USER_MODE)) -- terminating this process, kernel continues
milestone 30: runproc 12 -- resumed in kernel context (CR3 already restored by the exit syscall before this point)
milestone 57: self-test -- DEMAND_PAGE_OOB_TEST_PROCESS: run() returned Ok(()), heap_frames[63] still unmapped=true (expect true -- the committed-vs-reserved boundary was actually enforced, not silently allowed through)
milestone 30: runproc 1 (process A) -- about to switch CR3 to process pml4 0x22000
milestone 30: CR3 switched -- entering ring 3 for process 1 at 0x555550000000
milestone 33: syscall SBRK (process 1) -- hardware-recorded CS=0x1b (CPL=3) -- requested 16 bytes, returning heap pointer 0x555570000020
milestone 31: syscall WRITE (process 1) -- hardware-recorded CS=0x1b (CPL=3) -- ptr=0x555550000080 len=64 -- raw bytes >>>
hello from process A -- via real write(ptr,len)!                
<<< end of write (64 bytes)
milestone 33: syscall WRITE (process 1) also reads its own private heap at 0x555570000000 -- marker byte 0x41 ('A')
milestone 30: syscall EXIT -- hardware-recorded CS=0x1b (CPL=3) -- discarding ring-3 context, resuming kernel context
milestone 30: runproc 1 -- resumed in kernel context (CR3 already restored by the exit syscall before this point)
milestone 57: self-test -- PROCESS_A ran normally right after the OOB fault -- kernel genuinely recovered
milestone 57: self-test -- OVERALL: PASS
milestone 64: self-test -- layout check: all four programs' embedded 'mmapf' path bytes match their own declared offsets, and fs::MAX_FILE_BYTES == PAGE_SIZE -- confirmed
milestone 64: self-test -- wrote real fixture file 'mmapf' (31 bytes) to the real on-disk filesystem -- confirmed
milestone 30: runproc 19 (process mmap-read-test) -- about to switch CR3 to process pml4 0x7d000
milestone 30: CR3 switched -- entering ring 3 for process 19 at 0x555550000000
milestone 33: syscall SBRK (process 19) -- hardware-recorded CS=0x1b (CPL=3) -- requested 64 bytes, returning heap pointer 0x555570000000
milestone 35: syscall OPEN (process 19) -- hardware-recorded CS=0x1b (CPL=3) -- path='mmapf' -> fd 0
milestone 64: syscall MMAP (process 19) -- fd=0 slot=0 -- reserved 0x555580000000 (not yet backed by any physical frame -- real demand paging on first touch, same mechanism as the per-process heap)
milestone 64: syscall MMAP (process 19) -- hardware-recorded CS=0x1b (CPL=3) -- fd=0 -> 0x555580000000
milestone 64: demand-paged mmap slot 0 for process 19 (fault addr 0x555580000000, is_write=false) -- fresh physical frame 0x12c000 mapped READ-ONLY with real file content, resuming the faulting instruction
milestone 57: demand-paged heap page 0 for process 19 (fault addr 0x555570000000) -- fresh zeroed physical frame 0x12f000 mapped, resuming the faulting instruction
milestone 64: syscall MUNMAP (process 19) -- slot=0 addr=0x555580000000 -- unmapped (physical frame released), slot freed for reuse
milestone 64: syscall MUNMAP (process 19) -- hardware-recorded CS=0x1b (CPL=3) -- addr=0x555580000000 unmapped successfully
milestone 30: syscall EXIT -- hardware-recorded CS=0x1b (CPL=3) -- discarding ring-3 context, resuming kernel context
milestone 30: runproc 19 -- resumed in kernel context (CR3 already restored by the exit syscall before this point)
milestone 64: self-test -- CASE 1 (positive read+munmap): ran=true first-4-bytes-match-real-file-content=true munmap-result-byte=Some(0) (expect Some(0)) slot-cleared-after-munmap=true -- PASS
milestone 30: runproc 20 (process mmap-write-before-read-fault-test) -- about to switch CR3 to process pml4 0x84000
milestone 30: CR3 switched -- entering ring 3 for process 20 at 0x555550000000
milestone 35: syscall OPEN (process 20) -- hardware-recorded CS=0x1b (CPL=3) -- path='mmapf' -> fd 0
milestone 64: syscall MMAP (process 20) -- fd=0 slot=0 -- reserved 0x555580000000 (not yet backed by any physical frame -- real demand paging on first touch, same mechanism as the per-process heap)
milestone 64: syscall MMAP (process 20) -- hardware-recorded CS=0x1b (CPL=3) -- fd=0 -> 0x555580000000
milestone 41: SIGSEGV -- process 20 page-faulted at Ok(VirtAddr(0x555580000000)) (real hardware CPL=3, error code PageFaultErrorCode(CAUSED_BY_WRITE | USER_MODE)) -- terminating this process, kernel continues
milestone 30: runproc 20 -- resumed in kernel context (CR3 already restored by the exit syscall before this point)
milestone 64: self-test -- CASE 2 (write before read, expect not-present+write refusal): run()_ok=true mmap-slot-frame-stayed-none=true -- PASS
milestone 30: runproc 21 (process mmap-write-after-read-fault-test) -- about to switch CR3 to process pml4 0x8b000
milestone 30: CR3 switched -- entering ring 3 for process 21 at 0x555550000000
milestone 33: syscall SBRK (process 21) -- hardware-recorded CS=0x1b (CPL=3) -- requested 64 bytes, returning heap pointer 0x555570000000
milestone 35: syscall OPEN (process 21) -- hardware-recorded CS=0x1b (CPL=3) -- path='mmapf' -> fd 0
milestone 64: syscall MMAP (process 21) -- fd=0 slot=0 -- reserved 0x555580000000 (not yet backed by any physical frame -- real demand paging on first touch, same mechanism as the per-process heap)
milestone 64: syscall MMAP (process 21) -- hardware-recorded CS=0x1b (CPL=3) -- fd=0 -> 0x555580000000
milestone 64: demand-paged mmap slot 0 for process 21 (fault addr 0x555580000000, is_write=false) -- fresh physical frame 0x12c000 mapped READ-ONLY with real file content, resuming the faulting instruction
milestone 57: demand-paged heap page 0 for process 21 (fault addr 0x555570000000) -- fresh zeroed physical frame 0x133000 mapped, resuming the faulting instruction
milestone 41: SIGSEGV -- process 21 page-faulted at Ok(VirtAddr(0x555580000000)) (real hardware CPL=3, error code PageFaultErrorCode(PROTECTION_VIOLATION | CAUSED_BY_WRITE | USER_MODE)) -- terminating this process, kernel continues
milestone 30: runproc 21 -- resumed in kernel context (CR3 already restored by the exit syscall before this point)
milestone 64: self-test -- CASE 3 (read then write, expect protection-violation refusal): run()_ok=true first-read-succeeded=true unreachable-0xEE-marker-absent=true -- PASS
milestone 30: runproc 22 (process mmap-use-after-unmap-fault-test) -- about to switch CR3 to process pml4 0x92000
milestone 30: CR3 switched -- entering ring 3 for process 22 at 0x555550000000
milestone 33: syscall SBRK (process 22) -- hardware-recorded CS=0x1b (CPL=3) -- requested 64 bytes, returning heap pointer 0x555570000000
milestone 35: syscall OPEN (process 22) -- hardware-recorded CS=0x1b (CPL=3) -- path='mmapf' -> fd 0
milestone 64: syscall MMAP (process 22) -- fd=0 slot=0 -- reserved 0x555580000000 (not yet backed by any physical frame -- real demand paging on first touch, same mechanism as the per-process heap)
milestone 64: syscall MMAP (process 22) -- hardware-recorded CS=0x1b (CPL=3) -- fd=0 -> 0x555580000000
milestone 64: demand-paged mmap slot 0 for process 22 (fault addr 0x555580000000, is_write=false) -- fresh physical frame 0x135000 mapped READ-ONLY with real file content, resuming the faulting instruction
milestone 57: demand-paged heap page 0 for process 22 (fault addr 0x555570000000) -- fresh zeroed physical frame 0x138000 mapped, resuming the faulting instruction
milestone 64: syscall MUNMAP (process 22) -- slot=0 addr=0x555580000000 -- unmapped (physical frame released), slot freed for reuse
milestone 64: syscall MUNMAP (process 22) -- hardware-recorded CS=0x1b (CPL=3) -- addr=0x555580000000 unmapped successfully
milestone 41: SIGSEGV -- process 22 page-faulted at Ok(VirtAddr(0x555580000000)) (real hardware CPL=3, error code PageFaultErrorCode(USER_MODE)) -- terminating this process, kernel continues
milestone 30: runproc 22 -- resumed in kernel context (CR3 already restored by the exit syscall before this point)
milestone 64: self-test -- CASE 4 (use after unmap, expect cleared-slot refusal): run()_ok=true first-read-succeeded=true munmap-succeeded=true unreachable-0xEE-marker-absent=true slot-stayed-cleared=true -- PASS
milestone 30: runproc 1 (process A) -- about to switch CR3 to process pml4 0x22000
milestone 30: CR3 switched -- entering ring 3 for process 1 at 0x555550000000
milestone 33: syscall SBRK (process 1) -- hardware-recorded CS=0x1b (CPL=3) -- requested 16 bytes, returning heap pointer 0x555570000030
milestone 31: syscall WRITE (process 1) -- hardware-recorded CS=0x1b (CPL=3) -- ptr=0x555550000080 len=64 -- raw bytes >>>
hello from process A -- via real write(ptr,len)!                
<<< end of write (64 bytes)
milestone 33: syscall WRITE (process 1) also reads its own private heap at 0x555570000000 -- marker byte 0x41 ('A')
milestone 30: syscall EXIT -- hardware-recorded CS=0x1b (CPL=3) -- discarding ring-3 context, resuming kernel context
milestone 30: runproc 1 -- resumed in kernel context (CR3 already restored by the exit syscall before this point)
milestone 64: self-test -- PROCESS_A ran normally right after all four mmap test processes -- kernel genuinely recovered
milestone 64: self-test -- OVERALL: PASS
milestone 65: self-test -- layout check: both writable-mmap programs' embedded 'mmapf' path bytes match their own declared offsets -- confirmed
milestone 30: runproc 23 (process mmap-writable-read-then-write-test) -- about to switch CR3 to process pml4 0x99000
milestone 30: CR3 switched -- entering ring 3 for process 23 at 0x555550000000
milestone 33: syscall SBRK (process 23) -- hardware-recorded CS=0x1b (CPL=3) -- requested 64 bytes, returning heap pointer 0x555570000000
milestone 35: syscall OPEN (process 23) -- hardware-recorded CS=0x1b (CPL=3) -- path='mmapf' -> fd 0
milestone 65: syscall MMAP_WRITABLE (process 23) -- fd=0 slot=0 -- reserved 0x555580000000 (not yet backed by any physical frame -- real demand paging on first touch, same mechanism as the per-process heap)
milestone 65: syscall MMAP_WRITABLE (process 23) -- hardware-recorded CS=0x1b (CPL=3) -- fd=0 -> 0x555580000000
milestone 65: demand-paged mmap slot 0 for process 23 (fault addr 0x555580000000, is_write=false) -- fresh physical frame 0x135000 mapped READ-WRITE with real file content, resuming the faulting instruction
milestone 57: demand-paged heap page 0 for process 23 (fault addr 0x555570000000) -- fresh zeroed physical frame 0x13c000 mapped, resuming the faulting instruction
milestone 64: syscall MUNMAP (process 23) -- slot=0 addr=0x555580000000 -- unmapped (physical frame released), slot freed for reuse
milestone 64: syscall MUNMAP (process 23) -- hardware-recorded CS=0x1b (CPL=3) -- addr=0x555580000000 unmapped successfully
milestone 30: syscall EXIT -- hardware-recorded CS=0x1b (CPL=3) -- discarding ring-3 context, resuming kernel context
milestone 30: runproc 23 -- resumed in kernel context (CR3 already restored by the exit syscall before this point)
milestone 65: self-test -- CASE 5 (writable: read then write, expect write to succeed with no second fault): run()_ok=true original-first-byte-matched-real-file=true write-of-0x99-stuck=true munmap-result-byte=Some(0) (expect Some(0)) -- PASS
milestone 30: runproc 24 (process mmap-writable-write-first-test) -- about to switch CR3 to process pml4 0x100000
milestone 30: CR3 switched -- entering ring 3 for process 24 at 0x555550000000
milestone 33: syscall SBRK (process 24) -- hardware-recorded CS=0x1b (CPL=3) -- requested 64 bytes, returning heap pointer 0x555570000000
milestone 35: syscall OPEN (process 24) -- hardware-recorded CS=0x1b (CPL=3) -- path='mmapf' -> fd 0
milestone 65: syscall MMAP_WRITABLE (process 24) -- fd=0 slot=0 -- reserved 0x555580000000 (not yet backed by any physical frame -- real demand paging on first touch, same mechanism as the per-process heap)
milestone 65: syscall MMAP_WRITABLE (process 24) -- hardware-recorded CS=0x1b (CPL=3) -- fd=0 -> 0x555580000000
milestone 65: demand-paged mmap slot 0 for process 24 (fault addr 0x555580000000, is_write=true) -- fresh physical frame 0x135000 mapped READ-WRITE with real file content, resuming the faulting instruction
milestone 57: demand-paged heap page 0 for process 24 (fault addr 0x555570000000) -- fresh zeroed physical frame 0x140000 mapped, resuming the faulting instruction
milestone 64: syscall MUNMAP (process 24) -- slot=0 addr=0x555580000000 -- unmapped (physical frame released), slot freed for reuse
milestone 64: syscall MUNMAP (process 24) -- hardware-recorded CS=0x1b (CPL=3) -- addr=0x555580000000 unmapped successfully
milestone 30: syscall EXIT -- hardware-recorded CS=0x1b (CPL=3) -- discarding ring-3 context, resuming kernel context
milestone 30: runproc 24 -- resumed in kernel context (CR3 already restored by the exit syscall before this point)
milestone 65: self-test -- CASE 6 (writable: write as first-ever touch, expect real demand-page-and-service instead of refusal): run()_ok=true write-of-0x77-stuck=true untouched-byte-still-real-file-content=true munmap-result-byte=Some(0) (expect Some(0)) -- PASS
milestone 65: self-test -- real on-disk file 'mmapf' re-read directly after both writable mappings wrote into their own private copies -- unchanged-from-original=true
milestone 30: runproc 1 (process A) -- about to switch CR3 to process pml4 0x22000
milestone 30: CR3 switched -- entering ring 3 for process 1 at 0x555550000000
milestone 33: syscall SBRK (process 1) -- hardware-recorded CS=0x1b (CPL=3) -- requested 16 bytes, returning heap pointer 0x555570000040
milestone 31: syscall WRITE (process 1) -- hardware-recorded CS=0x1b (CPL=3) -- ptr=0x555550000080 len=64 -- raw bytes >>>
hello from process A -- via real write(ptr,len)!                
<<< end of write (64 bytes)
milestone 33: syscall WRITE (process 1) also reads its own private heap at 0x555570000000 -- marker byte 0x41 ('A')
milestone 30: syscall EXIT -- hardware-recorded CS=0x1b (CPL=3) -- discarding ring-3 context, resuming kernel context
milestone 30: runproc 1 -- resumed in kernel context (CR3 already restored by the exit syscall before this point)
milestone 65: self-test -- PROCESS_A ran normally right after both writable-mmap test processes -- kernel genuinely recovered
milestone 65: self-test -- OVERALL: PASS
milestone 58: seedargvtarget -- wrote 3040 real bytes (a genuine externally-built ELF64 executable that reads real argv/envp off its own initial stack) to 'argvtarget' on the real on-disk filesystem
milestone 58: self-test -- parsed the embedded argvlauncher.elf: e_entry=0x555550000000 (expected 0x555550000000), 1 PT_LOAD segment(s)
milestone 36: process elf-loaded -- ELF validated: e_entry=0x555550000000 falls inside a mapped segment, 1 PT_LOAD segment(s), 1 total page(s), all within private p4 index 170
milestone 36: process elf-loaded -- new pml4 0x135000 populated: 511 kernel-space entries shared, index 170 left private
milestone 36: process elf-loaded -- mapped 1 PT_LOAD page(s): [(93824902758400, 1318912, 370, 7)]
milestone 36: process elf-loaded -- private stack page mapped to frame 0x146000
milestone 57: process elf-loaded -- private heap RESERVED (not mapped): 64 pages at 0x555570000000..0x55557003ffff, 0 physical frames committed until a real page fault demand-pages one
milestone 36: elf-loaded process -- about to switch CR3 to pml4 0x135000
milestone 36: CR3 switched -- entering ring 3 for the ELF-loaded process at 0x555550000000 (real e_entry)
milestone 31: syscall WRITE (process 3) -- hardware-recorded CS=0x1b (CPL=3) -- ptr=0x555550000099 len=90 -- raw bytes >>>
milestone 58: argvlauncher starting -- calling real EXECARGV with 3 argv + 1 envp entries

<<< end of write (90 bytes)
milestone 57: syscall WRITE (process 3) -- heap page 0 at 0x555570000000 is not mapped yet (this process has never touched its heap -- demand paging means no physical frame exists there to read)
milestone 36: process exec'd-argv -- ELF validated: e_entry=0x555550000000 falls inside a mapped segment, 1 PT_LOAD segment(s), 1 total page(s), all within private p4 index 170
milestone 36: process exec'd-argv -- new pml4 0x148000 populated: 511 kernel-space entries shared, index 170 left private
milestone 36: process exec'd-argv -- mapped 1 PT_LOAD page(s): [(93824902758400, 1347584, 1329, 7)]
milestone 36: process exec'd-argv -- private stack page mapped to frame 0x14d000
milestone 57: process exec'd-argv -- private heap RESERVED (not mapped): 64 pages at 0x555570000000..0x55557003ffff, 0 physical frames committed until a real page fault demand-pages one
milestone 54: reclaim_process_frames('elf-loaded') -- freed 7 physical frame(s) back to the allocator's free list
milestone 58: syscall EXECARGV (process 3) -- REAL teardown-and-rebuild complete WITH argv/envp: new pml4=0x148000, new entry=0x555550000000 (real parsed e_entry), new rsp=0x555560000fa0 (3 argv string(s), 1 envp string(s), real SysV process-entry stack layout), fd table/parent_pid/pgid preserved, CR3 switched
milestone 58: syscall EXECARGV (process 3) -- hardware-recorded CS=0x1b (CPL=3) -- REAL teardown-and-rebuild from 'argvtarget' WITH real argv/envp, new entry=0x555550000000, new rsp=0x555560000fa0, never returning to the old one
milestone 31: syscall WRITE (process 3) -- hardware-recorded CS=0x1b (CPL=3) -- ptr=0x555550000026 len=98 -- raw bytes >>>
milestone 58: argvtarget starting -- reading real argv/envp off the real SysV process-entry stack

<<< end of write (98 bytes)
milestone 57: syscall WRITE (process 3) -- heap page 0 at 0x555570000000 is not mapped yet (this process has never touched its heap -- demand paging means no physical frame exists there to read)
milestone 31: syscall WRITE (process 3) -- hardware-recorded CS=0x1b (CPL=3) -- ptr=0x555550000088 len=7 -- raw bytes >>>
  argc=
<<< end of write (7 bytes)
milestone 57: syscall WRITE (process 3) -- heap page 0 at 0x555570000000 is not mapped yet (this process has never touched its heap -- demand paging means no physical frame exists there to read)
milestone 31: syscall WRITE (process 3) -- hardware-recorded CS=0x1b (CPL=3) -- ptr=0x555560000f43 len=1 -- raw bytes >>>
3
<<< end of write (1 bytes)
milestone 57: syscall WRITE (process 3) -- heap page 0 at 0x555570000000 is not mapped yet (this process has never touched its heap -- demand paging means no physical frame exists there to read)
milestone 31: syscall WRITE (process 3) -- hardware-recorded CS=0x1b (CPL=3) -- ptr=0x55555000008f len=1 -- raw bytes >>>


<<< end of write (1 bytes)
milestone 57: syscall WRITE (process 3) -- heap page 0 at 0x555570000000 is not mapped yet (this process has never touched its heap -- demand paging means no physical frame exists there to read)
milestone 31: syscall WRITE (process 3) -- hardware-recorded CS=0x1b (CPL=3) -- ptr=0x555550000116 len=7 -- raw bytes >>>
  argv[
<<< end of write (7 bytes)
milestone 57: syscall WRITE (process 3) -- heap page 0 at 0x555570000000 is not mapped yet (this process has never touched its heap -- demand paging means no physical frame exists there to read)
milestone 31: syscall WRITE (process 3) -- hardware-recorded CS=0x1b (CPL=3) -- ptr=0x55555000011d len=1 -- raw bytes >>>
0
<<< end of write (1 bytes)
milestone 57: syscall WRITE (process 3) -- heap page 0 at 0x555570000000 is not mapped yet (this process has never touched its heap -- demand paging means no physical frame exists there to read)
milestone 31: syscall WRITE (process 3) -- hardware-recorded CS=0x1b (CPL=3) -- ptr=0x555550000114 len=2 -- raw bytes >>>
]=
<<< end of write (2 bytes)
milestone 57: syscall WRITE (process 3) -- heap page 0 at 0x555570000000 is not mapped yet (this process has never touched its heap -- demand paging means no physical frame exists there to read)
milestone 31: syscall WRITE (process 3) -- hardware-recorded CS=0x1b (CPL=3) -- ptr=0x555560000fdd len=10 -- raw bytes >>>
argvtarget
<<< end of write (10 bytes)
milestone 57: syscall WRITE (process 3) -- heap page 0 at 0x555570000000 is not mapped yet (this process has never touched its heap -- demand paging means no physical frame exists there to read)
milestone 31: syscall WRITE (process 3) -- hardware-recorded CS=0x1b (CPL=3) -- ptr=0x55555000008f len=1 -- raw bytes >>>


<<< end of write (1 bytes)
milestone 57: syscall WRITE (process 3) -- heap page 0 at 0x555570000000 is not mapped yet (this process has never touched its heap -- demand paging means no physical frame exists there to read)
milestone 31: syscall WRITE (process 3) -- hardware-recorded CS=0x1b (CPL=3) -- ptr=0x555550000116 len=7 -- raw bytes >>>
  argv[
<<< end of write (7 bytes)
milestone 57: syscall WRITE (process 3) -- heap page 0 at 0x555570000000 is not mapped yet (this process has never touched its heap -- demand paging means no physical frame exists there to read)
milestone 31: syscall WRITE (process 3) -- hardware-recorded CS=0x1b (CPL=3) -- ptr=0x555560000f43 len=1 -- raw bytes >>>
1
<<< end of write (1 bytes)
milestone 57: syscall WRITE (process 3) -- heap page 0 at 0x555570000000 is not mapped yet (this process has never touched its heap -- demand paging means no physical frame exists there to read)
milestone 31: syscall WRITE (process 3) -- hardware-recorded CS=0x1b (CPL=3) -- ptr=0x555550000114 len=2 -- raw bytes >>>
]=
<<< end of write (2 bytes)
milestone 57: syscall WRITE (process 3) -- heap page 0 at 0x555570000000 is not mapped yet (this process has never touched its heap -- demand paging means no physical frame exists there to read)
milestone 31: syscall WRITE (process 3) -- hardware-recorded CS=0x1b (CPL=3) -- ptr=0x555560000fe8 len=5 -- raw bytes >>>
hello
<<< end of write (5 bytes)
milestone 57: syscall WRITE (process 3) -- heap page 0 at 0x555570000000 is not mapped yet (this process has never touched its heap -- demand paging means no physical frame exists there to read)
milestone 31: syscall WRITE (process 3) -- hardware-recorded CS=0x1b (CPL=3) -- ptr=0x55555000008f len=1 -- raw bytes >>>


<<< end of write (1 bytes)
milestone 57: syscall WRITE (process 3) -- heap page 0 at 0x555570000000 is not mapped yet (this process has never touched its heap -- demand paging means no physical frame exists there to read)
milestone 31: syscall WRITE (process 3) -- hardware-recorded CS=0x1b (CPL=3) -- ptr=0x555550000116 len=7 -- raw bytes >>>
  argv[
<<< end of write (7 bytes)
milestone 57: syscall WRITE (process 3) -- heap page 0 at 0x555570000000 is not mapped yet (this process has never touched its heap -- demand paging means no physical frame exists there to read)
milestone 31: syscall WRITE (process 3) -- hardware-recorded CS=0x1b (CPL=3) -- ptr=0x555560000f43 len=1 -- raw bytes >>>
2
<<< end of write (1 bytes)
milestone 57: syscall WRITE (process 3) -- heap page 0 at 0x555570000000 is not mapped yet (this process has never touched its heap -- demand paging means no physical frame exists there to read)
milestone 31: syscall WRITE (process 3) -- hardware-recorded CS=0x1b (CPL=3) -- ptr=0x555550000114 len=2 -- raw bytes >>>
]=
<<< end of write (2 bytes)
milestone 57: syscall WRITE (process 3) -- heap page 0 at 0x555570000000 is not mapped yet (this process has never touched its heap -- demand paging means no physical frame exists there to read)
milestone 31: syscall WRITE (process 3) -- hardware-recorded CS=0x1b (CPL=3) -- ptr=0x555560000fee len=5 -- raw bytes >>>
world
<<< end of write (5 bytes)
milestone 57: syscall WRITE (process 3) -- heap page 0 at 0x555570000000 is not mapped yet (this process has never touched its heap -- demand paging means no physical frame exists there to read)
milestone 31: syscall WRITE (process 3) -- hardware-recorded CS=0x1b (CPL=3) -- ptr=0x55555000008f len=1 -- raw bytes >>>


<<< end of write (1 bytes)
milestone 57: syscall WRITE (process 3) -- heap page 0 at 0x555570000000 is not mapped yet (this process has never touched its heap -- demand paging means no physical frame exists there to read)
milestone 31: syscall WRITE (process 3) -- hardware-recorded CS=0x1b (CPL=3) -- ptr=0x55555000010d len=7 -- raw bytes >>>
  envp[
<<< end of write (7 bytes)
milestone 57: syscall WRITE (process 3) -- heap page 0 at 0x555570000000 is not mapped yet (this process has never touched its heap -- demand paging means no physical frame exists there to read)
milestone 31: syscall WRITE (process 3) -- hardware-recorded CS=0x1b (CPL=3) -- ptr=0x55555000011d len=1 -- raw bytes >>>
0
<<< end of write (1 bytes)
milestone 57: syscall WRITE (process 3) -- heap page 0 at 0x555570000000 is not mapped yet (this process has never touched its heap -- demand paging means no physical frame exists there to read)
milestone 31: syscall WRITE (process 3) -- hardware-recorded CS=0x1b (CPL=3) -- ptr=0x555550000114 len=2 -- raw bytes >>>
]=
<<< end of write (2 bytes)
milestone 57: syscall WRITE (process 3) -- heap page 0 at 0x555570000000 is not mapped yet (this process has never touched its heap -- demand paging means no physical frame exists there to read)
milestone 31: syscall WRITE (process 3) -- hardware-recorded CS=0x1b (CPL=3) -- ptr=0x555560000ff4 len=11 -- raw bytes >>>
GREETING=hi
<<< end of write (11 bytes)
milestone 57: syscall WRITE (process 3) -- heap page 0 at 0x555570000000 is not mapped yet (this process has never touched its heap -- demand paging means no physical frame exists there to read)
milestone 31: syscall WRITE (process 3) -- hardware-recorded CS=0x1b (CPL=3) -- ptr=0x55555000008f len=1 -- raw bytes >>>


<<< end of write (1 bytes)
milestone 57: syscall WRITE (process 3) -- heap page 0 at 0x555570000000 is not mapped yet (this process has never touched its heap -- demand paging means no physical frame exists there to read)
milestone 31: syscall WRITE (process 3) -- hardware-recorded CS=0x1b (CPL=3) -- ptr=0x555550000090 len=7 -- raw bytes >>>
  envc=
<<< end of write (7 bytes)
milestone 57: syscall WRITE (process 3) -- heap page 0 at 0x555570000000 is not mapped yet (this process has never touched its heap -- demand paging means no physical frame exists there to read)
milestone 31: syscall WRITE (process 3) -- hardware-recorded CS=0x1b (CPL=3) -- ptr=0x555560000f43 len=1 -- raw bytes >>>
1
<<< end of write (1 bytes)
milestone 57: syscall WRITE (process 3) -- heap page 0 at 0x555570000000 is not mapped yet (this process has never touched its heap -- demand paging means no physical frame exists there to read)
milestone 31: syscall WRITE (process 3) -- hardware-recorded CS=0x1b (CPL=3) -- ptr=0x55555000008f len=1 -- raw bytes >>>


<<< end of write (1 bytes)
milestone 57: syscall WRITE (process 3) -- heap page 0 at 0x555570000000 is not mapped yet (this process has never touched its heap -- demand paging means no physical frame exists there to read)
milestone 31: syscall WRITE (process 3) -- hardware-recorded CS=0x1b (CPL=3) -- ptr=0x5555500000b6 len=8 -- raw bytes >>>
argc=3: 
<<< end of write (8 bytes)
milestone 57: syscall WRITE (process 3) -- heap page 0 at 0x555570000000 is not mapped yet (this process has never touched its heap -- demand paging means no physical frame exists there to read)
milestone 31: syscall WRITE (process 3) -- hardware-recorded CS=0x1b (CPL=3) -- ptr=0x555550000021 len=4 -- raw bytes >>>
PASS
<<< end of write (4 bytes)
milestone 57: syscall WRITE (process 3) -- heap page 0 at 0x555570000000 is not mapped yet (this process has never touched its heap -- demand paging means no physical frame exists there to read)
milestone 31: syscall WRITE (process 3) -- hardware-recorded CS=0x1b (CPL=3) -- ptr=0x555550000025 len=1 -- raw bytes >>>
 
<<< end of write (1 bytes)
milestone 57: syscall WRITE (process 3) -- heap page 0 at 0x555570000000 is not mapped yet (this process has never touched its heap -- demand paging means no physical frame exists there to read)
milestone 31: syscall WRITE (process 3) -- hardware-recorded CS=0x1b (CPL=3) -- ptr=0x5555500000ce len=18 -- raw bytes >>>
argv0=argvtarget: 
<<< end of write (18 bytes)
milestone 57: syscall WRITE (process 3) -- heap page 0 at 0x555570000000 is not mapped yet (this process has never touched its heap -- demand paging means no physical frame exists there to read)
milestone 31: syscall WRITE (process 3) -- hardware-recorded CS=0x1b (CPL=3) -- ptr=0x555550000021 len=4 -- raw bytes >>>
PASS
<<< end of write (4 bytes)
milestone 57: syscall WRITE (process 3) -- heap page 0 at 0x555570000000 is not mapped yet (this process has never touched its heap -- demand paging means no physical frame exists there to read)
milestone 31: syscall WRITE (process 3) -- hardware-recorded CS=0x1b (CPL=3) -- ptr=0x555550000025 len=1 -- raw bytes >>>
 
<<< end of write (1 bytes)
milestone 57: syscall WRITE (process 3) -- heap page 0 at 0x555570000000 is not mapped yet (this process has never touched its heap -- demand paging means no physical frame exists there to read)
milestone 31: syscall WRITE (process 3) -- hardware-recorded CS=0x1b (CPL=3) -- ptr=0x5555500000e0 len=13 -- raw bytes >>>
argv1=hello: 
<<< end of write (13 bytes)
milestone 57: syscall WRITE (process 3) -- heap page 0 at 0x555570000000 is not mapped yet (this process has never touched its heap -- demand paging means no physical frame exists there to read)
milestone 31: syscall WRITE (process 3) -- hardware-recorded CS=0x1b (CPL=3) -- ptr=0x555550000021 len=4 -- raw bytes >>>
PASS
<<< end of write (4 bytes)
milestone 57: syscall WRITE (process 3) -- heap page 0 at 0x555570000000 is not mapped yet (this process has never touched its heap -- demand paging means no physical frame exists there to read)
milestone 31: syscall WRITE (process 3) -- hardware-recorded CS=0x1b (CPL=3) -- ptr=0x555550000025 len=1 -- raw bytes >>>
 
<<< end of write (1 bytes)
milestone 57: syscall WRITE (process 3) -- heap page 0 at 0x555570000000 is not mapped yet (this process has never touched its heap -- demand paging means no physical frame exists there to read)
milestone 31: syscall WRITE (process 3) -- hardware-recorded CS=0x1b (CPL=3) -- ptr=0x5555500000ed len=13 -- raw bytes >>>
argv2=world: 
<<< end of write (13 bytes)
milestone 57: syscall WRITE (process 3) -- heap page 0 at 0x555570000000 is not mapped yet (this process has never touched its heap -- demand paging means no physical frame exists there to read)
milestone 31: syscall WRITE (process 3) -- hardware-recorded CS=0x1b (CPL=3) -- ptr=0x555550000021 len=4 -- raw bytes >>>
PASS
<<< end of write (4 bytes)
milestone 57: syscall WRITE (process 3) -- heap page 0 at 0x555570000000 is not mapped yet (this process has never touched its heap -- demand paging means no physical frame exists there to read)
milestone 31: syscall WRITE (process 3) -- hardware-recorded CS=0x1b (CPL=3) -- ptr=0x555550000025 len=1 -- raw bytes >>>
 
<<< end of write (1 bytes)
milestone 57: syscall WRITE (process 3) -- heap page 0 at 0x555570000000 is not mapped yet (this process has never touched its heap -- demand paging means no physical frame exists there to read)
milestone 31: syscall WRITE (process 3) -- hardware-recorded CS=0x1b (CPL=3) -- ptr=0x5555500000be len=8 -- raw bytes >>>
envc=1: 
<<< end of write (8 bytes)
milestone 57: syscall WRITE (process 3) -- heap page 0 at 0x555570000000 is not mapped yet (this process has never touched its heap -- demand paging means no physical frame exists there to read)
milestone 31: syscall WRITE (process 3) -- hardware-recorded CS=0x1b (CPL=3) -- ptr=0x555550000021 len=4 -- raw bytes >>>
PASS
<<< end of write (4 bytes)
milestone 57: syscall WRITE (process 3) -- heap page 0 at 0x555570000000 is not mapped yet (this process has never touched its heap -- demand paging means no physical frame exists there to read)
milestone 31: syscall WRITE (process 3) -- hardware-recorded CS=0x1b (CPL=3) -- ptr=0x555550000025 len=1 -- raw bytes >>>
 
<<< end of write (1 bytes)
milestone 57: syscall WRITE (process 3) -- heap page 0 at 0x555570000000 is not mapped yet (this process has never touched its heap -- demand paging means no physical frame exists there to read)
milestone 31: syscall WRITE (process 3) -- hardware-recorded CS=0x1b (CPL=3) -- ptr=0x5555500000fa len=19 -- raw bytes >>>
envp0=GREETING=hi: 
<<< end of write (19 bytes)
milestone 57: syscall WRITE (process 3) -- heap page 0 at 0x555570000000 is not mapped yet (this process has never touched its heap -- demand paging means no physical frame exists there to read)
milestone 31: syscall WRITE (process 3) -- hardware-recorded CS=0x1b (CPL=3) -- ptr=0x555550000021 len=4 -- raw bytes >>>
PASS
<<< end of write (4 bytes)
milestone 57: syscall WRITE (process 3) -- heap page 0 at 0x555570000000 is not mapped yet (this process has never touched its heap -- demand paging means no physical frame exists there to read)
milestone 31: syscall WRITE (process 3) -- hardware-recorded CS=0x1b (CPL=3) -- ptr=0x555550000025 len=1 -- raw bytes >>>
 
<<< end of write (1 bytes)
milestone 57: syscall WRITE (process 3) -- heap page 0 at 0x555570000000 is not mapped yet (this process has never touched its heap -- demand paging means no physical frame exists there to read)
milestone 31: syscall WRITE (process 3) -- hardware-recorded CS=0x1b (CPL=3) -- ptr=0x5555500000c6 len=8 -- raw bytes >>>
OVERALL=
<<< end of write (8 bytes)
milestone 57: syscall WRITE (process 3) -- heap page 0 at 0x555570000000 is not mapped yet (this process has never touched its heap -- demand paging means no physical frame exists there to read)
milestone 31: syscall WRITE (process 3) -- hardware-recorded CS=0x1b (CPL=3) -- ptr=0x555550000021 len=4 -- raw bytes >>>
PASS
<<< end of write (4 bytes)
milestone 57: syscall WRITE (process 3) -- heap page 0 at 0x555570000000 is not mapped yet (this process has never touched its heap -- demand paging means no physical frame exists there to read)
milestone 31: syscall WRITE (process 3) -- hardware-recorded CS=0x1b (CPL=3) -- ptr=0x55555000008f len=1 -- raw bytes >>>


<<< end of write (1 bytes)
milestone 57: syscall WRITE (process 3) -- heap page 0 at 0x555570000000 is not mapped yet (this process has never touched its heap -- demand paging means no physical frame exists there to read)
milestone 30: syscall EXIT -- hardware-recorded CS=0x1b (CPL=3) -- discarding ring-3 context, resuming kernel context
milestone 36: elf-loaded process -- resumed in kernel context (CR3 already restored by the exit syscall before this point)
milestone 58: self-test -- argvlauncher.elf's real EXECARGV replaced it with argvtarget.elf, which ran to completion and returned to the kernel cleanly (no panic, no double fault) -- see the 'milestone 58:' lines above for the real argv/envp-correctness evidence written by the programs themselves
milestone 59: self-test -- running ERRNO_TEST_PROCESS (read/wait/sbrk/getpgid, each deliberately failing for a different real reason, GETERRNO read back after each -- watch the syscall log lines just below for the four distinct errno values)...
milestone 30: runproc 17 (process errno-test) -- about to switch CR3 to process pml4 0x6f000
milestone 30: CR3 switched -- entering ring 3 for process 17 at 0x555550000000
milestone 35: syscall READ (process 17) -- FAILED, fd 99 is not open -- returning u64::MAX
milestone 59: syscall GETERRNO (process 17) -- hardware-recorded CS=0x1b (CPL=3) -- errno=9 (EBADF)
milestone 37: syscall WAIT (process 17) -- FAILED (pid 250 is not a live child of this process, or see process.rs's own log line above) -- returning u64::MAX
milestone 59: syscall GETERRNO (process 17) -- hardware-recorded CS=0x1b (CPL=3) -- errno=10 (ECHILD)
milestone 33: syscall SBRK (process 17) -- FAILED (requested 4294967295 bytes would exceed this process's fixed per-process heap) -- returning 0
milestone 59: syscall GETERRNO (process 17) -- hardware-recorded CS=0x1b (CPL=3) -- errno=12 (ENOMEM)
milestone 42: syscall GETPGID (process 17) -- FAILED, pid 250 not a live process -- returning u64::MAX
milestone 59: syscall GETERRNO (process 17) -- hardware-recorded CS=0x1b (CPL=3) -- errno=3 (ESRCH)
milestone 30: syscall EXIT -- hardware-recorded CS=0x1b (CPL=3) -- discarding ring-3 context, resuming kernel context
milestone 30: runproc 17 -- resumed in kernel context (CR3 already restored by the exit syscall before this point)
milestone 59: self-test -- ERRNO_TEST_PROCESS ran to completion (its own exit() syscall returned normally)
milestone 59: self-test -- ERRNO_TEST_PROCESS's own final errno field: 3 (ESRCH) -- expected 3 (ESRCH, the getpgid(250) call's real failure, the LAST syscall before exit()) -- confirmed
milestone 59: self-test -- OVERALL: PASS
milestone 60: self-test -- layout check: resume opcode ok=true, handler opcode ok=true, embedded self-pid ok=true -- confirmed
milestone 60: self-test -- running SIGNAL_TEST_PROCESS (register a real SIGUSR1 handler, self-signal, expect genuine mid-execution redirection into it and a real SIGRETURN back out)...
milestone 30: runproc 18 (process signal-test) -- about to switch CR3 to process pml4 0x76000
milestone 30: CR3 switched -- entering ring 3 for process 18 at 0x555550000000
milestone 33: syscall SBRK (process 18) -- hardware-recorded CS=0x1b (CPL=3) -- requested 64 bytes, returning heap pointer 0x555570000000
milestone 57: demand-paged heap page 0 for process 18 (fault addr 0x555570000000) -- fresh zeroed physical frame 0x146000 mapped, resuming the faulting instruction
milestone 60: syscall SIGACTION (process 18) -- hardware-recorded CS=0x1b (CPL=3) -- signum 10 (SIGUSR1), handler=0x555550000064
milestone 60: syscall SIGSEND (process 18) -- hardware-recorded CS=0x1b (CPL=3) -- target pid 18, signum 10 (SIGUSR1) raised
milestone 60: real signal delivery -- process 18 redirected into handler 0x555550000064 for signum 10 (SIGUSR1), interrupted rip=0x555550000046 saved, trampoline frame at 0x555560000f00
milestone 60: syscall SIGRETURN (process 18) -- real context restored, resuming at rip=0x555550000046 rsp=0x555560001000
milestone 30: syscall EXIT -- hardware-recorded CS=0x1b (CPL=3) -- discarding ring-3 context, resuming kernel context
milestone 30: runproc 18 -- resumed in kernel context (CR3 already restored by the exit syscall before this point)
milestone 60: self-test -- SIGNAL_TEST_PROCESS ran to completion (its own exit() syscall returned normally)
milestone 60: self-test -- HEAP_START markers: main-before-signal ran=true (expect true), handler genuinely ran=true (expect true), canary register (0x1234ABCD, clobbered by the handler to 0xDEADBEEF in between) survived SIGRETURN intact=true (expect true), resumed-after-handler code ran=true (expect true), handler received the real signum (10, SIGUSR1) as its SysV first argument=true (expect true)
milestone 60: self-test -- OVERALL: PASS
milestone 67: self-test -- parsed the embedded cc.elf: e_entry=0x555550000000 (expected 0x555550000000), 1 PT_LOAD segment(s)
milestone 36: process elf-loaded -- ELF validated: e_entry=0x555550000000 falls inside a mapped segment, 1 PT_LOAD segment(s), 9 total page(s), all within private p4 index 170
milestone 36: process elf-loaded -- new pml4 0x135000 populated: 511 kernel-space entries shared, index 170 left private
milestone 36: process elf-loaded -- mapped 9 PT_LOAD page(s): [(93824902758400, 1323008, 4096, 7), (93824902762496, 1372160, 4096, 7), (93824902766592, 1376256, 4096, 7), (93824902770688, 1380352, 4096, 7), (93824902774784, 1384448, 4096, 7), (93824902778880, 1388544, 4096, 7), (93824902782976, 1392640, 4096, 7), (93824902787072, 1396736, 4096, 7), (93824902791168, 1400832, 2874, 7)]
milestone 36: process elf-loaded -- private stack page mapped to frame 0x157000
milestone 57: process elf-loaded -- private heap RESERVED (not mapped): 64 pages at 0x555570000000..0x55557003ffff, 0 physical frames committed until a real page fault demand-pages one
milestone 36: elf-loaded process -- about to switch CR3 to pml4 0x135000
milestone 36: CR3 switched -- entering ring 3 for the ELF-loaded process at 0x555550000000 (real e_entry)
milestone 31: syscall WRITE (process 3) -- hardware-recorded CS=0x1b (CPL=3) -- ptr=0x55555000352a len=68 -- raw bytes >>>
milestone 67: cc (subset-C lexer + parser, no codegen yet) starting

<<< end of write (68 bytes)
milestone 57: syscall WRITE (process 3) -- heap page 0 at 0x555570000000 is not mapped yet (this process has never touched its heap -- demand paging means no physical frame exists there to read)
milestone 33: syscall SBRK (process 3) -- hardware-recorded CS=0x1b (CPL=3) -- requested 3080 bytes, returning heap pointer 0x555570000000
milestone 57: demand-paged heap page 0 for process 3 (fault addr 0x555570000000) -- fresh zeroed physical frame 0x159000 mapped, resuming the faulting instruction
milestone 31: syscall WRITE (process 3) -- hardware-recorded CS=0x1b (CPL=3) -- ptr=0x5555500035a6 len=13 -- raw bytes >>>
case1_lex_ok=
<<< end of write (13 bytes)
milestone 33: syscall WRITE (process 3) also reads its own private heap at 0x555570000000 -- marker byte 0x00 (' ')
milestone 31: syscall WRITE (process 3) -- hardware-recorded CS=0x1b (CPL=3) -- ptr=0x5555500034c0 len=4 -- raw bytes >>>
PASS
<<< end of write (4 bytes)
milestone 33: syscall WRITE (process 3) also reads its own private heap at 0x555570000000 -- marker byte 0x00 (' ')
milestone 31: syscall WRITE (process 3) -- hardware-recorded CS=0x1b (CPL=3) -- ptr=0x5555500034d4 len=1 -- raw bytes >>>
 
<<< end of write (1 bytes)
milestone 33: syscall WRITE (process 3) also reads its own private heap at 0x555570000000 -- marker byte 0x00 (' ')
milestone 31: syscall WRITE (process 3) -- hardware-recorded CS=0x1b (CPL=3) -- ptr=0x5555500035b3 len=9 -- raw bytes >>>
  ntoks1=
<<< end of write (9 bytes)
milestone 33: syscall WRITE (process 3) also reads its own private heap at 0x555570000000 -- marker byte 0x00 (' ')
milestone 31: syscall WRITE (process 3) -- hardware-recorded CS=0x1b (CPL=3) -- ptr=0x555560000e97 len=1 -- raw bytes >>>
1
<<< end of write (1 bytes)
milestone 33: syscall WRITE (process 3) also reads its own private heap at 0x555570000000 -- marker byte 0x00 (' ')
milestone 31: syscall WRITE (process 3) -- hardware-recorded CS=0x1b (CPL=3) -- ptr=0x555560000e97 len=1 -- raw bytes >>>
9
<<< end of write (1 bytes)
milestone 33: syscall WRITE (process 3) also reads its own private heap at 0x555570000000 -- marker byte 0x00 (' ')
milestone 31: syscall WRITE (process 3) -- hardware-recorded CS=0x1b (CPL=3) -- ptr=0x5555500035bc len=1 -- raw bytes >>>


<<< end of write (1 bytes)
milestone 33: syscall WRITE (process 3) also reads its own private heap at 0x555570000000 -- marker byte 0x00 (' ')
milestone 31: syscall WRITE (process 3) -- hardware-recorded CS=0x1b (CPL=3) -- ptr=0x5555500035bd len=18 -- raw bytes >>>
case1_ntoks_is_19=
<<< end of write (18 bytes)
milestone 33: syscall WRITE (process 3) also reads its own private heap at 0x555570000000 -- marker byte 0x00 (' ')
milestone 31: syscall WRITE (process 3) -- hardware-recorded CS=0x1b (CPL=3) -- ptr=0x5555500034c0 len=4 -- raw bytes >>>
PASS
<<< end of write (4 bytes)
milestone 33: syscall WRITE (process 3) also reads its own private heap at 0x555570000000 -- marker byte 0x00 (' ')
milestone 31: syscall WRITE (process 3) -- hardware-recorded CS=0x1b (CPL=3) -- ptr=0x5555500034d4 len=1 -- raw bytes >>>
 
<<< end of write (1 bytes)
milestone 33: syscall WRITE (process 3) also reads its own private heap at 0x555570000000 -- marker byte 0x00 (' ')
milestone 31: syscall WRITE (process 3) -- hardware-recorded CS=0x1b (CPL=3) -- ptr=0x5555500035e2 len=24 -- raw bytes >>>
case1_token_kinds_match=
<<< end of write (24 bytes)
milestone 33: syscall WRITE (process 3) also reads its own private heap at 0x555570000000 -- marker byte 0x00 (' ')
milestone 31: syscall WRITE (process 3) -- hardware-recorded CS=0x1b (CPL=3) -- ptr=0x5555500034c0 len=4 -- raw bytes >>>
PASS
<<< end of write (4 bytes)
milestone 33: syscall WRITE (process 3) also reads its own private heap at 0x555570000000 -- marker byte 0x00 (' ')
milestone 31: syscall WRITE (process 3) -- hardware-recorded CS=0x1b (CPL=3) -- ptr=0x5555500034d4 len=1 -- raw bytes >>>
 
<<< end of write (1 bytes)
milestone 33: syscall WRITE (process 3) also reads its own private heap at 0x555570000000 -- marker byte 0x00 (' ')
milestone 31: syscall WRITE (process 3) -- hardware-recorded CS=0x1b (CPL=3) -- ptr=0x5555500035fa len=27 -- raw bytes >>>
case1_token_payloads_match=
<<< end of write (27 bytes)
milestone 33: syscall WRITE (process 3) also reads its own private heap at 0x555570000000 -- marker byte 0x00 (' ')
milestone 31: syscall WRITE (process 3) -- hardware-recorded CS=0x1b (CPL=3) -- ptr=0x5555500034c0 len=4 -- raw bytes >>>
PASS
<<< end of write (4 bytes)
milestone 33: syscall WRITE (process 3) also reads its own private heap at 0x555570000000 -- marker byte 0x00 (' ')
milestone 31: syscall WRITE (process 3) -- hardware-recorded CS=0x1b (CPL=3) -- ptr=0x5555500034d4 len=1 -- raw bytes >>>
 
<<< end of write (1 bytes)
milestone 33: syscall WRITE (process 3) also reads its own private heap at 0x555570000000 -- marker byte 0x00 (' ')
milestone 33: syscall SBRK (process 3) -- hardware-recorded CS=0x1b (CPL=3) -- requested 56 bytes, returning heap pointer 0x555570000c08
milestone 33: syscall SBRK (process 3) -- hardware-recorded CS=0x1b (CPL=3) -- requested 64 bytes, returning heap pointer 0x555570000c40
milestone 33: syscall SBRK (process 3) -- hardware-recorded CS=0x1b (CPL=3) -- requested 64 bytes, returning heap pointer 0x555570000c80
milestone 33: syscall SBRK (process 3) -- hardware-recorded CS=0x1b (CPL=3) -- requested 64 bytes, returning heap pointer 0x555570000cc0
milestone 33: syscall SBRK (process 3) -- hardware-recorded CS=0x1b (CPL=3) -- requested 56 bytes, returning heap pointer 0x555570000d00
milestone 33: syscall SBRK (process 3) -- hardware-recorded CS=0x1b (CPL=3) -- requested 64 bytes, returning heap pointer 0x555570000d38
milestone 33: syscall SBRK (process 3) -- hardware-recorded CS=0x1b (CPL=3) -- requested 56 bytes, returning heap pointer 0x555570000d78
milestone 33: syscall SBRK (process 3) -- hardware-recorded CS=0x1b (CPL=3) -- requested 56 bytes, returning heap pointer 0x555570000db0
milestone 31: syscall WRITE (process 3) -- hardware-recorded CS=0x1b (CPL=3) -- ptr=0x555550003615 len=15 -- raw bytes >>>
case1_parse_ok=
<<< end of write (15 bytes)
milestone 33: syscall WRITE (process 3) also reads its own private heap at 0x555570000000 -- marker byte 0x00 (' ')
milestone 31: syscall WRITE (process 3) -- hardware-recorded CS=0x1b (CPL=3) -- ptr=0x5555500034c0 len=4 -- raw bytes >>>
PASS
<<< end of write (4 bytes)
milestone 33: syscall WRITE (process 3) also reads its own private heap at 0x555570000000 -- marker byte 0x00 (' ')
milestone 31: syscall WRITE (process 3) -- hardware-recorded CS=0x1b (CPL=3) -- ptr=0x5555500034d4 len=1 -- raw bytes >>>
 
<<< end of write (1 bytes)
milestone 33: syscall WRITE (process 3) also reads its own private heap at 0x555570000000 -- marker byte 0x00 (' ')
milestone 31: syscall WRITE (process 3) -- hardware-recorded CS=0x1b (CPL=3) -- ptr=0x555550003624 len=24 -- raw bytes >>>
case1_func_name_is_main=
<<< end of write (24 bytes)
milestone 33: syscall WRITE (process 3) also reads its own private heap at 0x555570000000 -- marker byte 0x00 (' ')
milestone 31: syscall WRITE (process 3) -- hardware-recorded CS=0x1b (CPL=3) -- ptr=0x5555500034c0 len=4 -- raw bytes >>>
PASS
<<< end of write (4 bytes)
milestone 33: syscall WRITE (process 3) also reads its own private heap at 0x555570000000 -- marker byte 0x00 (' ')
milestone 31: syscall WRITE (process 3) -- hardware-recorded CS=0x1b (CPL=3) -- ptr=0x5555500034d4 len=1 -- raw bytes >>>
 
<<< end of write (1 bytes)
milestone 33: syscall WRITE (process 3) also reads its own private heap at 0x555570000000 -- marker byte 0x00 (' ')
milestone 31: syscall WRITE (process 3) -- hardware-recorded CS=0x1b (CPL=3) -- ptr=0x55555000363c len=22 -- raw bytes >>>
case1_stmt_count_is_3=
<<< end of write (22 bytes)
milestone 33: syscall WRITE (process 3) also reads its own private heap at 0x555570000000 -- marker byte 0x00 (' ')
milestone 31: syscall WRITE (process 3) -- hardware-recorded CS=0x1b (CPL=3) -- ptr=0x5555500034c0 len=4 -- raw bytes >>>
PASS
<<< end of write (4 bytes)
milestone 33: syscall WRITE (process 3) also reads its own private heap at 0x555570000000 -- marker byte 0x00 (' ')
milestone 31: syscall WRITE (process 3) -- hardware-recorded CS=0x1b (CPL=3) -- ptr=0x5555500034d4 len=1 -- raw bytes >>>
 
<<< end of write (1 bytes)
milestone 33: syscall WRITE (process 3) also reads its own private heap at 0x555570000000 -- marker byte 0x00 (' ')
milestone 31: syscall WRITE (process 3) -- hardware-recorded CS=0x1b (CPL=3) -- ptr=0x555550003653 len=22 -- raw bytes >>>
case1_stmt0_is_decl_x=
<<< end of write (22 bytes)
milestone 33: syscall WRITE (process 3) also reads its own private heap at 0x555570000000 -- marker byte 0x00 (' ')
milestone 31: syscall WRITE (process 3) -- hardware-recorded CS=0x1b (CPL=3) -- ptr=0x5555500034c0 len=4 -- raw bytes >>>
PASS
<<< end of write (4 bytes)
milestone 33: syscall WRITE (process 3) also reads its own private heap at 0x555570000000 -- marker byte 0x00 (' ')
milestone 31: syscall WRITE (process 3) -- hardware-recorded CS=0x1b (CPL=3) -- ptr=0x5555500034d4 len=1 -- raw bytes >>>
 
<<< end of write (1 bytes)
milestone 33: syscall WRITE (process 3) also reads its own private heap at 0x555570000000 -- marker byte 0x00 (' ')
milestone 31: syscall WRITE (process 3) -- hardware-recorded CS=0x1b (CPL=3) -- ptr=0x5555500036a9 len=32 -- raw bytes >>>
case1_stmt1_is_assign_x_40plus2=
<<< end of write (32 bytes)
milestone 33: syscall WRITE (process 3) also reads its own private heap at 0x555570000000 -- marker byte 0x00 (' ')
milestone 31: syscall WRITE (process 3) -- hardware-recorded CS=0x1b (CPL=3) -- ptr=0x5555500034c0 len=4 -- raw bytes >>>
PASS
<<< end of write (4 bytes)
milestone 33: syscall WRITE (process 3) also reads its own private heap at 0x555570000000 -- marker byte 0x00 (' ')
milestone 31: syscall WRITE (process 3) -- hardware-recorded CS=0x1b (CPL=3) -- ptr=0x5555500034d4 len=1 -- raw bytes >>>
 
<<< end of write (1 bytes)
milestone 33: syscall WRITE (process 3) also reads its own private heap at 0x555570000000 -- marker byte 0x00 (' ')
milestone 31: syscall WRITE (process 3) -- hardware-recorded CS=0x1b (CPL=3) -- ptr=0x5555500036c9 len=24 -- raw bytes >>>
case1_stmt2_is_return_x=
<<< end of write (24 bytes)
milestone 33: syscall WRITE (process 3) also reads its own private heap at 0x555570000000 -- marker byte 0x00 (' ')
milestone 31: syscall WRITE (process 3) -- hardware-recorded CS=0x1b (CPL=3) -- ptr=0x5555500034c0 len=4 -- raw bytes >>>
PASS
<<< end of write (4 bytes)
milestone 33: syscall WRITE (process 3) also reads its own private heap at 0x555570000000 -- marker byte 0x00 (' ')
milestone 31: syscall WRITE (process 3) -- hardware-recorded CS=0x1b (CPL=3) -- ptr=0x5555500034d4 len=1 -- raw bytes >>>
 
<<< end of write (1 bytes)
milestone 33: syscall WRITE (process 3) also reads its own private heap at 0x555570000000 -- marker byte 0x00 (' ')
milestone 31: syscall WRITE (process 3) -- hardware-recorded CS=0x1b (CPL=3) -- ptr=0x5555500035bc len=1 -- raw bytes >>>


<<< end of write (1 bytes)
milestone 33: syscall WRITE (process 3) also reads its own private heap at 0x555570000000 -- marker byte 0x00 (' ')
milestone 33: syscall SBRK (process 3) -- hardware-recorded CS=0x1b (CPL=3) -- requested 3080 bytes, returning heap pointer 0x555570000de8
milestone 31: syscall WRITE (process 3) -- hardware-recorded CS=0x1b (CPL=3) -- ptr=0x5555500036ff len=13 -- raw bytes >>>
case2_lex_ok=
<<< end of write (13 bytes)
milestone 33: syscall WRITE (process 3) also reads its own private heap at 0x555570000000 -- marker byte 0x00 (' ')
milestone 31: syscall WRITE (process 3) -- hardware-recorded CS=0x1b (CPL=3) -- ptr=0x5555500034c0 len=4 -- raw bytes >>>
PASS
<<< end of write (4 bytes)
milestone 33: syscall WRITE (process 3) also reads its own private heap at 0x555570000000 -- marker byte 0x00 (' ')
milestone 31: syscall WRITE (process 3) -- hardware-recorded CS=0x1b (CPL=3) -- ptr=0x5555500034d4 len=1 -- raw bytes >>>
 
<<< end of write (1 bytes)
milestone 33: syscall WRITE (process 3) also reads its own private heap at 0x555570000000 -- marker byte 0x00 (' ')
milestone 31: syscall WRITE (process 3) -- hardware-recorded CS=0x1b (CPL=3) -- ptr=0x55555000370c len=40 -- raw bytes >>>
  case2 real parse error at token index=
<<< end of write (40 bytes)
milestone 33: syscall WRITE (process 3) also reads its own private heap at 0x555570000000 -- marker byte 0x00 (' ')
milestone 31: syscall WRITE (process 3) -- hardware-recorded CS=0x1b (CPL=3) -- ptr=0x555560000e97 len=1 -- raw bytes >>>
7
<<< end of write (1 bytes)
milestone 33: syscall WRITE (process 3) also reads its own private heap at 0x555570000000 -- marker byte 0x00 (' ')
milestone 31: syscall WRITE (process 3) -- hardware-recorded CS=0x1b (CPL=3) -- ptr=0x5555500035bc len=1 -- raw bytes >>>


<<< end of write (1 bytes)
milestone 33: syscall WRITE (process 3) also reads its own private heap at 0x555570000000 -- marker byte 0x00 (' ')
milestone 31: syscall WRITE (process 3) -- hardware-recorded CS=0x1b (CPL=3) -- ptr=0x555550003734 len=33 -- raw bytes >>>
case2_real_parse_error_at_token7=
<<< end of write (33 bytes)
milestone 33: syscall WRITE (process 3) also reads its own private heap at 0x555570000000 -- marker byte 0x00 (' ')
milestone 31: syscall WRITE (process 3) -- hardware-recorded CS=0x1b (CPL=3) -- ptr=0x5555500034c0 len=4 -- raw bytes >>>
PASS
<<< end of write (4 bytes)
milestone 33: syscall WRITE (process 3) also reads its own private heap at 0x555570000000 -- marker byte 0x00 (' ')
milestone 31: syscall WRITE (process 3) -- hardware-recorded CS=0x1b (CPL=3) -- ptr=0x5555500034d4 len=1 -- raw bytes >>>
 
<<< end of write (1 bytes)
milestone 33: syscall WRITE (process 3) also reads its own private heap at 0x555570000000 -- marker byte 0x00 (' ')
milestone 31: syscall WRITE (process 3) -- hardware-recorded CS=0x1b (CPL=3) -- ptr=0x5555500035bc len=1 -- raw bytes >>>


<<< end of write (1 bytes)
milestone 33: syscall WRITE (process 3) also reads its own private heap at 0x555570000000 -- marker byte 0x00 (' ')
milestone 33: syscall SBRK (process 3) -- hardware-recorded CS=0x1b (CPL=3) -- requested 3080 bytes, returning heap pointer 0x5555700019f0
milestone 57: demand-paged heap page 1 for process 3 (fault addr 0x5555700019f0) -- fresh zeroed physical frame 0x15b000 mapped, resuming the faulting instruction
milestone 31: syscall WRITE (process 3) -- hardware-recorded CS=0x1b (CPL=3) -- ptr=0x555550003756 len=38 -- raw bytes >>>
  case3 real lex error at byte offset=
<<< end of write (38 bytes)
milestone 33: syscall WRITE (process 3) also reads its own private heap at 0x555570000000 -- marker byte 0x00 (' ')
milestone 31: syscall WRITE (process 3) -- hardware-recorded CS=0x1b (CPL=3) -- ptr=0x5555500034d5 len=1 -- raw bytes >>>
0
<<< end of write (1 bytes)
milestone 33: syscall WRITE (process 3) also reads its own private heap at 0x555570000000 -- marker byte 0x00 (' ')
milestone 31: syscall WRITE (process 3) -- hardware-recorded CS=0x1b (CPL=3) -- ptr=0x5555500035bc len=1 -- raw bytes >>>


<<< end of write (1 bytes)
milestone 33: syscall WRITE (process 3) also reads its own private heap at 0x555570000000 -- marker byte 0x00 (' ')
milestone 31: syscall WRITE (process 3) -- hardware-recorded CS=0x1b (CPL=3) -- ptr=0x555550003669 len=32 -- raw bytes >>>
case3_real_lex_error_at_offset0=
<<< end of write (32 bytes)
milestone 33: syscall WRITE (process 3) also reads its own private heap at 0x555570000000 -- marker byte 0x00 (' ')
milestone 31: syscall WRITE (process 3) -- hardware-recorded CS=0x1b (CPL=3) -- ptr=0x5555500034c0 len=4 -- raw bytes >>>
PASS
<<< end of write (4 bytes)
milestone 33: syscall WRITE (process 3) also reads its own private heap at 0x555570000000 -- marker byte 0x00 (' ')
milestone 31: syscall WRITE (process 3) -- hardware-recorded CS=0x1b (CPL=3) -- ptr=0x5555500034d4 len=1 -- raw bytes >>>
 
<<< end of write (1 bytes)
milestone 33: syscall WRITE (process 3) also reads its own private heap at 0x555570000000 -- marker byte 0x00 (' ')
milestone 31: syscall WRITE (process 3) -- hardware-recorded CS=0x1b (CPL=3) -- ptr=0x5555500035bc len=1 -- raw bytes >>>


<<< end of write (1 bytes)
milestone 33: syscall WRITE (process 3) also reads its own private heap at 0x555570000000 -- marker byte 0x00 (' ')
milestone 31: syscall WRITE (process 3) -- hardware-recorded CS=0x1b (CPL=3) -- ptr=0x55555000377c len=8 -- raw bytes >>>
OVERALL=
<<< end of write (8 bytes)
milestone 33: syscall WRITE (process 3) also reads its own private heap at 0x555570000000 -- marker byte 0x00 (' ')
milestone 31: syscall WRITE (process 3) -- hardware-recorded CS=0x1b (CPL=3) -- ptr=0x5555500034c0 len=4 -- raw bytes >>>
PASS
<<< end of write (4 bytes)
milestone 33: syscall WRITE (process 3) also reads its own private heap at 0x555570000000 -- marker byte 0x00 (' ')
milestone 31: syscall WRITE (process 3) -- hardware-recorded CS=0x1b (CPL=3) -- ptr=0x555550003784 len=2 -- raw bytes >>>



<<< end of write (2 bytes)
milestone 33: syscall WRITE (process 3) also reads its own private heap at 0x555570000000 -- marker byte 0x00 (' ')
milestone 31: syscall WRITE (process 3) -- hardware-recorded CS=0x1b (CPL=3) -- ptr=0x555550003786 len=79 -- raw bytes >>>
milestone 68: cc codegen (real x86_64 machine code, direct execution) starting

<<< end of write (79 bytes)
milestone 33: syscall WRITE (process 3) also reads its own private heap at 0x555570000000 -- marker byte 0x00 (' ')
milestone 33: syscall SBRK (process 3) -- hardware-recorded CS=0x1b (CPL=3) -- requested 104 bytes, returning heap pointer 0x5555700025f8
milestone 57: demand-paged heap page 2 for process 3 (fault addr 0x5555700025f8) -- fresh zeroed physical frame 0x15c000 mapped, resuming the faulting instruction
milestone 33: syscall SBRK (process 3) -- hardware-recorded CS=0x1b (CPL=3) -- requested 1032 bytes, returning heap pointer 0x555570002660
milestone 31: syscall WRITE (process 3) -- hardware-recorded CS=0x1b (CPL=3) -- ptr=0x555550003809 len=17 -- raw bytes >>>
  case4 returned=
<<< end of write (17 bytes)
milestone 33: syscall WRITE (process 3) also reads its own private heap at 0x555570000000 -- marker byte 0x00 (' ')
milestone 31: syscall WRITE (process 3) -- hardware-recorded CS=0x1b (CPL=3) -- ptr=0x555560000e97 len=1 -- raw bytes >>>
4
<<< end of write (1 bytes)
milestone 33: syscall WRITE (process 3) also reads its own private heap at 0x555570000000 -- marker byte 0x00 (' ')
milestone 31: syscall WRITE (process 3) -- hardware-recorded CS=0x1b (CPL=3) -- ptr=0x555560000e97 len=1 -- raw bytes >>>
2
<<< end of write (1 bytes)
milestone 33: syscall WRITE (process 3) also reads its own private heap at 0x555570000000 -- marker byte 0x00 (' ')
milestone 31: syscall WRITE (process 3) -- hardware-recorded CS=0x1b (CPL=3) -- ptr=0x55555000381a len=15 -- raw bytes >>>
 (expected 42)

<<< end of write (15 bytes)
milestone 33: syscall WRITE (process 3) also reads its own private heap at 0x555570000000 -- marker byte 0x00 (' ')
milestone 31: syscall WRITE (process 3) -- hardware-recorded CS=0x1b (CPL=3) -- ptr=0x55555000385f len=30 -- raw bytes >>>
case4_codegen_exec_returns_42=
<<< end of write (30 bytes)
milestone 33: syscall WRITE (process 3) also reads its own private heap at 0x555570000000 -- marker byte 0x00 (' ')
milestone 31: syscall WRITE (process 3) -- hardware-recorded CS=0x1b (CPL=3) -- ptr=0x5555500034c0 len=4 -- raw bytes >>>
PASS
<<< end of write (4 bytes)
milestone 33: syscall WRITE (process 3) also reads its own private heap at 0x555570000000 -- marker byte 0x00 (' ')
milestone 31: syscall WRITE (process 3) -- hardware-recorded CS=0x1b (CPL=3) -- ptr=0x5555500034d4 len=1 -- raw bytes >>>
 
<<< end of write (1 bytes)
milestone 33: syscall WRITE (process 3) also reads its own private heap at 0x555570000000 -- marker byte 0x00 (' ')
milestone 31: syscall WRITE (process 3) -- hardware-recorded CS=0x1b (CPL=3) -- ptr=0x5555500035bc len=1 -- raw bytes >>>


<<< end of write (1 bytes)
milestone 33: syscall WRITE (process 3) also reads its own private heap at 0x555570000000 -- marker byte 0x00 (' ')
milestone 33: syscall SBRK (process 3) -- hardware-recorded CS=0x1b (CPL=3) -- requested 3080 bytes, returning heap pointer 0x555570002a68
milestone 33: syscall SBRK (process 3) -- hardware-recorded CS=0x1b (CPL=3) -- requested 56 bytes, returning heap pointer 0x555570003670
milestone 57: demand-paged heap page 3 for process 3 (fault addr 0x555570003670) -- fresh zeroed physical frame 0x15d000 mapped, resuming the faulting instruction
milestone 33: syscall SBRK (process 3) -- hardware-recorded CS=0x1b (CPL=3) -- requested 56 bytes, returning heap pointer 0x5555700036a8
milestone 33: syscall SBRK (process 3) -- hardware-recorded CS=0x1b (CPL=3) -- requested 64 bytes, returning heap pointer 0x5555700036e0
milestone 33: syscall SBRK (process 3) -- hardware-recorded CS=0x1b (CPL=3) -- requested 56 bytes, returning heap pointer 0x555570003720
milestone 33: syscall SBRK (process 3) -- hardware-recorded CS=0x1b (CPL=3) -- requested 64 bytes, returning heap pointer 0x555570003758
milestone 33: syscall SBRK (process 3) -- hardware-recorded CS=0x1b (CPL=3) -- requested 64 bytes, returning heap pointer 0x555570003798
milestone 33: syscall SBRK (process 3) -- hardware-recorded CS=0x1b (CPL=3) -- requested 64 bytes, returning heap pointer 0x5555700037d8
milestone 33: syscall SBRK (process 3) -- hardware-recorded CS=0x1b (CPL=3) -- requested 56 bytes, returning heap pointer 0x555570003818
milestone 33: syscall SBRK (process 3) -- hardware-recorded CS=0x1b (CPL=3) -- requested 64 bytes, returning heap pointer 0x555570003850
milestone 33: syscall SBRK (process 3) -- hardware-recorded CS=0x1b (CPL=3) -- requested 64 bytes, returning heap pointer 0x555570003890
milestone 33: syscall SBRK (process 3) -- hardware-recorded CS=0x1b (CPL=3) -- requested 64 bytes, returning heap pointer 0x5555700038d0
milestone 33: syscall SBRK (process 3) -- hardware-recorded CS=0x1b (CPL=3) -- requested 56 bytes, returning heap pointer 0x555570003910
milestone 33: syscall SBRK (process 3) -- hardware-recorded CS=0x1b (CPL=3) -- requested 56 bytes, returning heap pointer 0x555570003948
milestone 33: syscall SBRK (process 3) -- hardware-recorded CS=0x1b (CPL=3) -- requested 104 bytes, returning heap pointer 0x555570003980
milestone 33: syscall SBRK (process 3) -- hardware-recorded CS=0x1b (CPL=3) -- requested 1032 bytes, returning heap pointer 0x5555700039e8
milestone 31: syscall WRITE (process 3) -- hardware-recorded CS=0x1b (CPL=3) -- ptr=0x5555500038ce len=17 -- raw bytes >>>
  case5 returned=
<<< end of write (17 bytes)
milestone 33: syscall WRITE (process 3) also reads its own private heap at 0x555570000000 -- marker byte 0x00 (' ')
milestone 31: syscall WRITE (process 3) -- hardware-recorded CS=0x1b (CPL=3) -- ptr=0x555560000e97 len=1 -- raw bytes >>>
4
<<< end of write (1 bytes)
milestone 33: syscall WRITE (process 3) also reads its own private heap at 0x555570000000 -- marker byte 0x00 (' ')
milestone 31: syscall WRITE (process 3) -- hardware-recorded CS=0x1b (CPL=3) -- ptr=0x555560000e97 len=1 -- raw bytes >>>
1
<<< end of write (1 bytes)
milestone 33: syscall WRITE (process 3) also reads its own private heap at 0x555570000000 -- marker byte 0x00 (' ')
milestone 31: syscall WRITE (process 3) -- hardware-recorded CS=0x1b (CPL=3) -- ptr=0x55555000390f len=15 -- raw bytes >>>
 (expected 41)

<<< end of write (15 bytes)
milestone 33: syscall WRITE (process 3) also reads its own private heap at 0x555570000000 -- marker byte 0x00 (' ')
milestone 31: syscall WRITE (process 3) -- hardware-recorded CS=0x1b (CPL=3) -- ptr=0x55555000391e len=34 -- raw bytes >>>
case5_two_vars_mul_sub_returns_41=
<<< end of write (34 bytes)
milestone 33: syscall WRITE (process 3) also reads its own private heap at 0x555570000000 -- marker byte 0x00 (' ')
milestone 31: syscall WRITE (process 3) -- hardware-recorded CS=0x1b (CPL=3) -- ptr=0x5555500034c0 len=4 -- raw bytes >>>
PASS
<<< end of write (4 bytes)
milestone 33: syscall WRITE (process 3) also reads its own private heap at 0x555570000000 -- marker byte 0x00 (' ')
milestone 31: syscall WRITE (process 3) -- hardware-recorded CS=0x1b (CPL=3) -- ptr=0x5555500034d4 len=1 -- raw bytes >>>
 
<<< end of write (1 bytes)
milestone 33: syscall WRITE (process 3) also reads its own private heap at 0x555570000000 -- marker byte 0x00 (' ')
milestone 31: syscall WRITE (process 3) -- hardware-recorded CS=0x1b (CPL=3) -- ptr=0x5555500035bc len=1 -- raw bytes >>>


<<< end of write (1 bytes)
milestone 33: syscall WRITE (process 3) also reads its own private heap at 0x555570000000 -- marker byte 0x00 (' ')
milestone 33: syscall SBRK (process 3) -- hardware-recorded CS=0x1b (CPL=3) -- requested 3080 bytes, returning heap pointer 0x555570003df0
milestone 33: syscall SBRK (process 3) -- hardware-recorded CS=0x1b (CPL=3) -- requested 56 bytes, returning heap pointer 0x5555700049f8
milestone 57: demand-paged heap page 4 for process 3 (fault addr 0x5555700049f8) -- fresh zeroed physical frame 0x15e000 mapped, resuming the faulting instruction
milestone 33: syscall SBRK (process 3) -- hardware-recorded CS=0x1b (CPL=3) -- requested 64 bytes, returning heap pointer 0x555570004a30
milestone 33: syscall SBRK (process 3) -- hardware-recorded CS=0x1b (CPL=3) -- requested 56 bytes, returning heap pointer 0x555570004a70
milestone 33: syscall SBRK (process 3) -- hardware-recorded CS=0x1b (CPL=3) -- requested 64 bytes, returning heap pointer 0x555570004aa8
milestone 33: syscall SBRK (process 3) -- hardware-recorded CS=0x1b (CPL=3) -- requested 64 bytes, returning heap pointer 0x555570004ae8
milestone 33: syscall SBRK (process 3) -- hardware-recorded CS=0x1b (CPL=3) -- requested 64 bytes, returning heap pointer 0x555570004b28
milestone 33: syscall SBRK (process 3) -- hardware-recorded CS=0x1b (CPL=3) -- requested 64 bytes, returning heap pointer 0x555570004b68
milestone 33: syscall SBRK (process 3) -- hardware-recorded CS=0x1b (CPL=3) -- requested 64 bytes, returning heap pointer 0x555570004ba8
milestone 33: syscall SBRK (process 3) -- hardware-recorded CS=0x1b (CPL=3) -- requested 56 bytes, returning heap pointer 0x555570004be8
milestone 33: syscall SBRK (process 3) -- hardware-recorded CS=0x1b (CPL=3) -- requested 56 bytes, returning heap pointer 0x555570004c20
milestone 33: syscall SBRK (process 3) -- hardware-recorded CS=0x1b (CPL=3) -- requested 104 bytes, returning heap pointer 0x555570004c58
milestone 33: syscall SBRK (process 3) -- hardware-recorded CS=0x1b (CPL=3) -- requested 1032 bytes, returning heap pointer 0x555570004cc0
milestone 31: syscall WRITE (process 3) -- hardware-recorded CS=0x1b (CPL=3) -- ptr=0x55555000397d len=17 -- raw bytes >>>
  case6 returned=
<<< end of write (17 bytes)
milestone 33: syscall WRITE (process 3) also reads its own private heap at 0x555570000000 -- marker byte 0x00 (' ')
milestone 31: syscall WRITE (process 3) -- hardware-recorded CS=0x1b (CPL=3) -- ptr=0x555560000e97 len=1 -- raw bytes >>>
2
<<< end of write (1 bytes)
milestone 33: syscall WRITE (process 3) also reads its own private heap at 0x555570000000 -- marker byte 0x00 (' ')
milestone 31: syscall WRITE (process 3) -- hardware-recorded CS=0x1b (CPL=3) -- ptr=0x555560000e97 len=1 -- raw bytes >>>
8
<<< end of write (1 bytes)
milestone 33: syscall WRITE (process 3) also reads its own private heap at 0x555570000000 -- marker byte 0x00 (' ')
milestone 31: syscall WRITE (process 3) -- hardware-recorded CS=0x1b (CPL=3) -- ptr=0x55555000398e len=15 -- raw bytes >>>
 (expected 28)

<<< end of write (15 bytes)
milestone 33: syscall WRITE (process 3) also reads its own private heap at 0x555570000000 -- marker byte 0x00 (' ')
milestone 31: syscall WRITE (process 3) -- hardware-recorded CS=0x1b (CPL=3) -- ptr=0x55555000399d len=41 -- raw bytes >>>
case6_division_and_precedence_returns_28=
<<< end of write (41 bytes)
milestone 33: syscall WRITE (process 3) also reads its own private heap at 0x555570000000 -- marker byte 0x00 (' ')
milestone 31: syscall WRITE (process 3) -- hardware-recorded CS=0x1b (CPL=3) -- ptr=0x5555500034c0 len=4 -- raw bytes >>>
PASS
<<< end of write (4 bytes)
milestone 33: syscall WRITE (process 3) also reads its own private heap at 0x555570000000 -- marker byte 0x00 (' ')
milestone 31: syscall WRITE (process 3) -- hardware-recorded CS=0x1b (CPL=3) -- ptr=0x5555500034d4 len=1 -- raw bytes >>>
 
<<< end of write (1 bytes)
milestone 33: syscall WRITE (process 3) also reads its own private heap at 0x555570000000 -- marker byte 0x00 (' ')
milestone 31: syscall WRITE (process 3) -- hardware-recorded CS=0x1b (CPL=3) -- ptr=0x5555500035bc len=1 -- raw bytes >>>


<<< end of write (1 bytes)
milestone 33: syscall WRITE (process 3) also reads its own private heap at 0x555570000000 -- marker byte 0x00 (' ')
milestone 33: syscall SBRK (process 3) -- hardware-recorded CS=0x1b (CPL=3) -- requested 3080 bytes, returning heap pointer 0x5555700050c8
milestone 57: demand-paged heap page 5 for process 3 (fault addr 0x5555700050c8) -- fresh zeroed physical frame 0x15f000 mapped, resuming the faulting instruction
milestone 33: syscall SBRK (process 3) -- hardware-recorded CS=0x1b (CPL=3) -- requested 56 bytes, returning heap pointer 0x555570005cd0
milestone 33: syscall SBRK (process 3) -- hardware-recorded CS=0x1b (CPL=3) -- requested 64 bytes, returning heap pointer 0x555570005d08
milestone 33: syscall SBRK (process 3) -- hardware-recorded CS=0x1b (CPL=3) -- requested 56 bytes, returning heap pointer 0x555570005d48
milestone 33: syscall SBRK (process 3) -- hardware-recorded CS=0x1b (CPL=3) -- requested 56 bytes, returning heap pointer 0x555570005d80
milestone 33: syscall SBRK (process 3) -- hardware-recorded CS=0x1b (CPL=3) -- requested 104 bytes, returning heap pointer 0x555570005db8
milestone 33: syscall SBRK (process 3) -- hardware-recorded CS=0x1b (CPL=3) -- requested 1032 bytes, returning heap pointer 0x555570005e20
milestone 31: syscall WRITE (process 3) -- hardware-recorded CS=0x1b (CPL=3) -- ptr=0x5555500039e5 len=65 -- raw bytes >>>
  case7 real codegen error -- undeclared variable at byte offset=
<<< end of write (65 bytes)
milestone 33: syscall WRITE (process 3) also reads its own private heap at 0x555570000000 -- marker byte 0x00 (' ')
milestone 31: syscall WRITE (process 3) -- hardware-recorded CS=0x1b (CPL=3) -- ptr=0x555560000e97 len=1 -- raw bytes >>>
2
<<< end of write (1 bytes)
milestone 33: syscall WRITE (process 3) also reads its own private heap at 0x555570000000 -- marker byte 0x00 (' ')
milestone 31: syscall WRITE (process 3) -- hardware-recorded CS=0x1b (CPL=3) -- ptr=0x555560000e97 len=1 -- raw bytes >>>
7
<<< end of write (1 bytes)
milestone 33: syscall WRITE (process 3) also reads its own private heap at 0x555570000000 -- marker byte 0x00 (' ')
milestone 31: syscall WRITE (process 3) -- hardware-recorded CS=0x1b (CPL=3) -- ptr=0x5555500035bc len=1 -- raw bytes >>>


<<< end of write (1 bytes)
milestone 33: syscall WRITE (process 3) also reads its own private heap at 0x555570000000 -- marker byte 0x00 (' ')
milestone 31: syscall WRITE (process 3) -- hardware-recorded CS=0x1b (CPL=3) -- ptr=0x555550003ab8 len=44 -- raw bytes >>>
case7_undeclared_variable_error_at_offset27=
<<< end of write (44 bytes)
milestone 33: syscall WRITE (process 3) also reads its own private heap at 0x555570000000 -- marker byte 0x00 (' ')
milestone 31: syscall WRITE (process 3) -- hardware-recorded CS=0x1b (CPL=3) -- ptr=0x5555500034c0 len=4 -- raw bytes >>>
PASS
<<< end of write (4 bytes)
milestone 33: syscall WRITE (process 3) also reads its own private heap at 0x555570000000 -- marker byte 0x00 (' ')
milestone 31: syscall WRITE (process 3) -- hardware-recorded CS=0x1b (CPL=3) -- ptr=0x5555500034d4 len=1 -- raw bytes >>>
 
<<< end of write (1 bytes)
milestone 33: syscall WRITE (process 3) also reads its own private heap at 0x555570000000 -- marker byte 0x00 (' ')
milestone 31: syscall WRITE (process 3) -- hardware-recorded CS=0x1b (CPL=3) -- ptr=0x5555500035bc len=1 -- raw bytes >>>


<<< end of write (1 bytes)
milestone 33: syscall WRITE (process 3) also reads its own private heap at 0x555570000000 -- marker byte 0x00 (' ')
milestone 31: syscall WRITE (process 3) -- hardware-recorded CS=0x1b (CPL=3) -- ptr=0x555550003ae4 len=12 -- raw bytes >>>
OVERALL_M68=
<<< end of write (12 bytes)
milestone 33: syscall WRITE (process 3) also reads its own private heap at 0x555570000000 -- marker byte 0x00 (' ')
milestone 31: syscall WRITE (process 3) -- hardware-recorded CS=0x1b (CPL=3) -- ptr=0x5555500034c0 len=4 -- raw bytes >>>
PASS
<<< end of write (4 bytes)
milestone 33: syscall WRITE (process 3) also reads its own private heap at 0x555570000000 -- marker byte 0x00 (' ')
milestone 31: syscall WRITE (process 3) -- hardware-recorded CS=0x1b (CPL=3) -- ptr=0x555550003784 len=2 -- raw bytes >>>



<<< end of write (2 bytes)
milestone 33: syscall WRITE (process 3) also reads its own private heap at 0x555570000000 -- marker byte 0x00 (' ')
milestone 31: syscall WRITE (process 3) -- hardware-recorded CS=0x1b (CPL=3) -- ptr=0x555550003af0 len=99 -- raw bytes >>>
milestone 69: cc ELF64 writer + real exec() (real on-disk executable, real kernel exec()) starting

<<< end of write (99 bytes)
milestone 33: syscall WRITE (process 3) also reads its own private heap at 0x555570000000 -- marker byte 0x00 (' ')
milestone 33: syscall SBRK (process 3) -- hardware-recorded CS=0x1b (CPL=3) -- requested 104 bytes, returning heap pointer 0x555570006228
milestone 57: demand-paged heap page 6 for process 3 (fault addr 0x555570006228) -- fresh zeroed physical frame 0x160000 mapped, resuming the faulting instruction
milestone 33: syscall SBRK (process 3) -- hardware-recorded CS=0x1b (CPL=3) -- requested 1032 bytes, returning heap pointer 0x555570006290
milestone 33: syscall SBRK (process 3) -- hardware-recorded CS=0x1b (CPL=3) -- requested 184 bytes, returning heap pointer 0x555570006698
milestone 35: syscall OPEN (process 3) -- hardware-recorded CS=0x1b (CPL=3) -- path='ccout1' -> fd 0
milestone 35: syscall FDWRITE (process 3) -- hardware-recorded CS=0x1b (CPL=3) -- fd=0 requested=174 accepted=174 bytes
milestone 35: syscall CLOSE (process 3) -- fd 0 was dirty, persisted 324 bytes to 'ccout1' on the real on-disk filesystem
milestone 35: syscall CLOSE (process 3) -- hardware-recorded CS=0x1b (CPL=3) -- fd=0 closed successfully
milestone 30: process forked-child -- user p4 index computed as 170 (code 0x555550000000, stack 0x555560000000)
milestone 30: process forked-child -- new pml4 0x161000 populated: 511 kernel-space entries shared, index 170 left private
milestone 30: process forked-child -- private code page mapped to frame 0x162000, private stack page mapped to frame 0x163000
milestone 57: process forked-child -- private heap RESERVED (not mapped): 64 pages at 0x555570000000..0x55557003ffff, 0 physical frames committed until a real page fault demand-pages one
milestone 34: process forked-child -- copied 4096 image bytes into private code frame 0x162000
milestone 37: fork() -- child's code frame 0x162000 holds a REAL byte-for-byte copy of the parent's code frame 0x143000 (independently verifiable: same virtual address USER_CODE_ADDR under either process's own CR3, genuinely different physical frames)
milestone 69: fork() -- child also got 8 extra code page(s) REALLY remapped+copied (real fix -- see extra_frames' own doc comment on Process for the bug this closes; a multi-page ELF-loaded parent's pages beyond page 0 used to be silently dropped by fork())
milestone 37: syscall FORK (process 3, 'elf-loaded') -- created child pid 14: pml4=0x161000 code_frame=0x162000 resume point rip=0x555550000b8f rsp=0x555560000eb8
milestone 37: syscall FORK (process 3) -- hardware-recorded CS=0x1b (CPL=3) -- created child pid 14
milestone 37: wait() -- switching CR3 to forked child pid 14's own pml4 0x161000, resuming at rip=0x555550000b8f rsp=0x555560000eb8 (its own fork()-time snapshot, rax forced to 0)
milestone 36: process exec'd -- ELF validated: e_entry=0x555550000078 falls inside a mapped segment, 1 PT_LOAD segment(s), 1 total page(s), all within private p4 index 170
milestone 36: process exec'd -- new pml4 0x178000 populated: 511 kernel-space entries shared, index 170 left private
milestone 36: process exec'd -- mapped 1 PT_LOAD page(s): [(93824902758400, 1544192, 174, 5)]
milestone 36: process exec'd -- private stack page mapped to frame 0x17d000
milestone 57: process exec'd -- private heap RESERVED (not mapped): 64 pages at 0x555570000000..0x55557003ffff, 0 physical frames committed until a real page fault demand-pages one
milestone 54: reclaim_process_frames('forked-child') -- freed 23 physical frame(s) back to the allocator's free list
milestone 45: syscall EXEC (process 14) -- REAL teardown-and-rebuild complete: new pml4=0x178000, new entry=0x555550000078 (real parsed e_entry), fd table/parent_pid/pgid preserved, CR3 switched
milestone 45: syscall EXEC (process 14) -- hardware-recorded CS=0x1b (CPL=3) -- REAL teardown-and-rebuild from 'ccout1' (324 real ELF bytes read from the on-disk filesystem), new address space, jumping directly into the real parsed entry 0x555550000078, never returning to the old one
milestone 30: syscall EXIT -- hardware-recorded CS=0x1b (CPL=3) -- discarding ring-3 context, resuming kernel context
milestone 37: wait() -- forked child pid 14 resumed in kernel context (its own exit() syscall ran; CR3 is currently the KERNEL's own, restored to the parent's by wait_for_child() next)
milestone 54: reclaim_process_frames('exec'd') -- freed 7 physical frame(s) back to the allocator's free list
milestone 43: syscall WAIT (process 3) -- child pid 14 ran to completion and was reaped (real exit code 42), CR3 restored to parent's own pml4 0x135000
milestone 43: syscall WAIT (process 3) -- hardware-recorded CS=0x1b (CPL=3) -- reaped child pid 14, exited normally with code 42
milestone 31: syscall WRITE (process 3) -- hardware-recorded CS=0x1b (CPL=3) -- ptr=0x555550003c41 len=70 -- raw bytes >>>
  real on-disk ELF written, real fork()+exec()+wait() -- child exited=
<<< end of write (70 bytes)
milestone 33: syscall WRITE (process 3) also reads its own private heap at 0x555570000000 -- marker byte 0x00 (' ')
milestone 31: syscall WRITE (process 3) -- hardware-recorded CS=0x1b (CPL=3) -- ptr=0x5555500034c4 len=4 -- raw bytes >>>
true
<<< end of write (4 bytes)
milestone 33: syscall WRITE (process 3) also reads its own private heap at 0x555570000000 -- marker byte 0x00 (' ')
milestone 31: syscall WRITE (process 3) -- hardware-recorded CS=0x1b (CPL=3) -- ptr=0x5555500038ff len=16 -- raw bytes >>>
 real exit code=
<<< end of write (16 bytes)
milestone 33: syscall WRITE (process 3) also reads its own private heap at 0x555570000000 -- marker byte 0x00 (' ')
milestone 31: syscall WRITE (process 3) -- hardware-recorded CS=0x1b (CPL=3) -- ptr=0x555560000e97 len=1 -- raw bytes >>>
4
<<< end of write (1 bytes)
milestone 33: syscall WRITE (process 3) also reads its own private heap at 0x555570000000 -- marker byte 0x00 (' ')
milestone 31: syscall WRITE (process 3) -- hardware-recorded CS=0x1b (CPL=3) -- ptr=0x555560000e97 len=1 -- raw bytes >>>
2
<<< end of write (1 bytes)
milestone 33: syscall WRITE (process 3) also reads its own private heap at 0x555570000000 -- marker byte 0x00 (' ')
milestone 31: syscall WRITE (process 3) -- hardware-recorded CS=0x1b (CPL=3) -- ptr=0x555550003c8c len=28 -- raw bytes >>>
 (expected exited=true code=
<<< end of write (28 bytes)
milestone 33: syscall WRITE (process 3) also reads its own private heap at 0x555570000000 -- marker byte 0x00 (' ')
milestone 31: syscall WRITE (process 3) -- hardware-recorded CS=0x1b (CPL=3) -- ptr=0x555560000e97 len=1 -- raw bytes >>>
4
<<< end of write (1 bytes)
milestone 33: syscall WRITE (process 3) also reads its own private heap at 0x555570000000 -- marker byte 0x00 (' ')
milestone 31: syscall WRITE (process 3) -- hardware-recorded CS=0x1b (CPL=3) -- ptr=0x555560000e97 len=1 -- raw bytes >>>
2
<<< end of write (1 bytes)
milestone 33: syscall WRITE (process 3) also reads its own private heap at 0x555570000000 -- marker byte 0x00 (' ')
milestone 31: syscall WRITE (process 3) -- hardware-recorded CS=0x1b (CPL=3) -- ptr=0x555550003ca8 len=2 -- raw bytes >>>
)

<<< end of write (2 bytes)
milestone 33: syscall WRITE (process 3) also reads its own private heap at 0x555570000000 -- marker byte 0x00 (' ')
milestone 31: syscall WRITE (process 3) -- hardware-recorded CS=0x1b (CPL=3) -- ptr=0x555550003d50 len=31 -- raw bytes >>>
case8_real_elf_exec_returns_42=
<<< end of write (31 bytes)
milestone 33: syscall WRITE (process 3) also reads its own private heap at 0x555570000000 -- marker byte 0x00 (' ')
milestone 31: syscall WRITE (process 3) -- hardware-recorded CS=0x1b (CPL=3) -- ptr=0x5555500034c0 len=4 -- raw bytes >>>
PASS
<<< end of write (4 bytes)
milestone 33: syscall WRITE (process 3) also reads its own private heap at 0x555570000000 -- marker byte 0x00 (' ')
milestone 31: syscall WRITE (process 3) -- hardware-recorded CS=0x1b (CPL=3) -- ptr=0x5555500034d4 len=1 -- raw bytes >>>
 
<<< end of write (1 bytes)
milestone 33: syscall WRITE (process 3) also reads its own private heap at 0x555570000000 -- marker byte 0x00 (' ')
milestone 31: syscall WRITE (process 3) -- hardware-recorded CS=0x1b (CPL=3) -- ptr=0x5555500035bc len=1 -- raw bytes >>>


<<< end of write (1 bytes)
milestone 33: syscall WRITE (process 3) also reads its own private heap at 0x555570000000 -- marker byte 0x00 (' ')
milestone 33: syscall SBRK (process 3) -- hardware-recorded CS=0x1b (CPL=3) -- requested 3080 bytes, returning heap pointer 0x555570006750
milestone 33: syscall SBRK (process 3) -- hardware-recorded CS=0x1b (CPL=3) -- requested 56 bytes, returning heap pointer 0x555570007358
milestone 57: demand-paged heap page 7 for process 3 (fault addr 0x555570007358) -- fresh zeroed physical frame 0x17d000 mapped, resuming the faulting instruction
milestone 33: syscall SBRK (process 3) -- hardware-recorded CS=0x1b (CPL=3) -- requested 56 bytes, returning heap pointer 0x555570007390
milestone 33: syscall SBRK (process 3) -- hardware-recorded CS=0x1b (CPL=3) -- requested 64 bytes, returning heap pointer 0x5555700073c8
milestone 33: syscall SBRK (process 3) -- hardware-recorded CS=0x1b (CPL=3) -- requested 56 bytes, returning heap pointer 0x555570007408
milestone 33: syscall SBRK (process 3) -- hardware-recorded CS=0x1b (CPL=3) -- requested 64 bytes, returning heap pointer 0x555570007440
milestone 33: syscall SBRK (process 3) -- hardware-recorded CS=0x1b (CPL=3) -- requested 64 bytes, returning heap pointer 0x555570007480
milestone 33: syscall SBRK (process 3) -- hardware-recorded CS=0x1b (CPL=3) -- requested 64 bytes, returning heap pointer 0x5555700074c0
milestone 33: syscall SBRK (process 3) -- hardware-recorded CS=0x1b (CPL=3) -- requested 56 bytes, returning heap pointer 0x555570007500
milestone 33: syscall SBRK (process 3) -- hardware-recorded CS=0x1b (CPL=3) -- requested 64 bytes, returning heap pointer 0x555570007538
milestone 33: syscall SBRK (process 3) -- hardware-recorded CS=0x1b (CPL=3) -- requested 64 bytes, returning heap pointer 0x555570007578
milestone 33: syscall SBRK (process 3) -- hardware-recorded CS=0x1b (CPL=3) -- requested 64 bytes, returning heap pointer 0x5555700075b8
milestone 33: syscall SBRK (process 3) -- hardware-recorded CS=0x1b (CPL=3) -- requested 56 bytes, returning heap pointer 0x5555700075f8
milestone 33: syscall SBRK (process 3) -- hardware-recorded CS=0x1b (CPL=3) -- requested 56 bytes, returning heap pointer 0x555570007630
milestone 33: syscall SBRK (process 3) -- hardware-recorded CS=0x1b (CPL=3) -- requested 104 bytes, returning heap pointer 0x555570007668
milestone 33: syscall SBRK (process 3) -- hardware-recorded CS=0x1b (CPL=3) -- requested 1032 bytes, returning heap pointer 0x5555700076d0
milestone 33: syscall SBRK (process 3) -- hardware-recorded CS=0x1b (CPL=3) -- requested 208 bytes, returning heap pointer 0x555570007ad8
milestone 35: syscall OPEN (process 3) -- hardware-recorded CS=0x1b (CPL=3) -- path='ccout2' -> fd 0
milestone 35: syscall FDWRITE (process 3) -- hardware-recorded CS=0x1b (CPL=3) -- fd=0 requested=196 accepted=196 bytes
milestone 35: syscall CLOSE (process 3) -- fd 0 was dirty, persisted 196 bytes to 'ccout2' on the real on-disk filesystem
milestone 35: syscall CLOSE (process 3) -- hardware-recorded CS=0x1b (CPL=3) -- fd=0 closed successfully
milestone 30: process forked-child -- user p4 index computed as 170 (code 0x555550000000, stack 0x555560000000)
milestone 30: process forked-child -- new pml4 0x179000 populated: 511 kernel-space entries shared, index 170 left private
milestone 30: process forked-child -- private code page mapped to frame 0x178000, private stack page mapped to frame 0x17a000
milestone 57: process forked-child -- private heap RESERVED (not mapped): 64 pages at 0x555570000000..0x55557003ffff, 0 physical frames committed until a real page fault demand-pages one
milestone 34: process forked-child -- copied 4096 image bytes into private code frame 0x178000
milestone 37: fork() -- child's code frame 0x178000 holds a REAL byte-for-byte copy of the parent's code frame 0x143000 (independently verifiable: same virtual address USER_CODE_ADDR under either process's own CR3, genuinely different physical frames)
milestone 69: fork() -- child also got 8 extra code page(s) REALLY remapped+copied (real fix -- see extra_frames' own doc comment on Process for the bug this closes; a multi-page ELF-loaded parent's pages beyond page 0 used to be silently dropped by fork())
milestone 37: syscall FORK (process 3, 'elf-loaded') -- created child pid 14: pml4=0x179000 code_frame=0x178000 resume point rip=0x555550000acf rsp=0x555560000eb8
milestone 37: syscall FORK (process 3) -- hardware-recorded CS=0x1b (CPL=3) -- created child pid 14
milestone 37: wait() -- switching CR3 to forked child pid 14's own pml4 0x179000, resuming at rip=0x555550000acf rsp=0x555560000eb8 (its own fork()-time snapshot, rax forced to 0)
milestone 36: process exec'd -- ELF validated: e_entry=0x555550000078 falls inside a mapped segment, 1 PT_LOAD segment(s), 1 total page(s), all within private p4 index 170
milestone 36: process exec'd -- new pml4 0x164000 populated: 511 kernel-space entries shared, index 170 left private
milestone 36: process exec'd -- mapped 1 PT_LOAD page(s): [(93824902758400, 1462272, 196, 5)]
milestone 36: process exec'd -- private stack page mapped to frame 0x17f000
milestone 57: process exec'd -- private heap RESERVED (not mapped): 64 pages at 0x555570000000..0x55557003ffff, 0 physical frames committed until a real page fault demand-pages one
milestone 54: reclaim_process_frames('forked-child') -- freed 24 physical frame(s) back to the allocator's free list
milestone 45: syscall EXEC (process 14) -- REAL teardown-and-rebuild complete: new pml4=0x164000, new entry=0x555550000078 (real parsed e_entry), fd table/parent_pid/pgid preserved, CR3 switched
milestone 45: syscall EXEC (process 14) -- hardware-recorded CS=0x1b (CPL=3) -- REAL teardown-and-rebuild from 'ccout2' (196 real ELF bytes read from the on-disk filesystem), new address space, jumping directly into the real parsed entry 0x555550000078, never returning to the old one
milestone 30: syscall EXIT -- hardware-recorded CS=0x1b (CPL=3) -- discarding ring-3 context, resuming kernel context
milestone 37: wait() -- forked child pid 14 resumed in kernel context (its own exit() syscall ran; CR3 is currently the KERNEL's own, restored to the parent's by wait_for_child() next)
milestone 54: reclaim_process_frames('exec'd') -- freed 7 physical frame(s) back to the allocator's free list
milestone 43: syscall WAIT (process 3) -- child pid 14 ran to completion and was reaped (real exit code 25), CR3 restored to parent's own pml4 0x135000
milestone 43: syscall WAIT (process 3) -- hardware-recorded CS=0x1b (CPL=3) -- reaped child pid 14, exited normally with code 25
milestone 31: syscall WRITE (process 3) -- hardware-recorded CS=0x1b (CPL=3) -- ptr=0x555550003c41 len=70 -- raw bytes >>>
  real on-disk ELF written, real fork()+exec()+wait() -- child exited=
<<< end of write (70 bytes)
milestone 33: syscall WRITE (process 3) also reads its own private heap at 0x555570000000 -- marker byte 0x00 (' ')
milestone 31: syscall WRITE (process 3) -- hardware-recorded CS=0x1b (CPL=3) -- ptr=0x5555500034c4 len=4 -- raw bytes >>>
true
<<< end of write (4 bytes)
milestone 33: syscall WRITE (process 3) also reads its own private heap at 0x555570000000 -- marker byte 0x00 (' ')
milestone 31: syscall WRITE (process 3) -- hardware-recorded CS=0x1b (CPL=3) -- ptr=0x5555500038ff len=16 -- raw bytes >>>
 real exit code=
<<< end of write (16 bytes)
milestone 33: syscall WRITE (process 3) also reads its own private heap at 0x555570000000 -- marker byte 0x00 (' ')
milestone 31: syscall WRITE (process 3) -- hardware-recorded CS=0x1b (CPL=3) -- ptr=0x555560000e97 len=1 -- raw bytes >>>
2
<<< end of write (1 bytes)
milestone 33: syscall WRITE (process 3) also reads its own private heap at 0x555570000000 -- marker byte 0x00 (' ')
milestone 31: syscall WRITE (process 3) -- hardware-recorded CS=0x1b (CPL=3) -- ptr=0x555560000e97 len=1 -- raw bytes >>>
5
<<< end of write (1 bytes)
milestone 33: syscall WRITE (process 3) also reads its own private heap at 0x555570000000 -- marker byte 0x00 (' ')
milestone 31: syscall WRITE (process 3) -- hardware-recorded CS=0x1b (CPL=3) -- ptr=0x555550003c8c len=28 -- raw bytes >>>
 (expected exited=true code=
<<< end of write (28 bytes)
milestone 33: syscall WRITE (process 3) also reads its own private heap at 0x555570000000 -- marker byte 0x00 (' ')
milestone 31: syscall WRITE (process 3) -- hardware-recorded CS=0x1b (CPL=3) -- ptr=0x555560000e97 len=1 -- raw bytes >>>
2
<<< end of write (1 bytes)
milestone 33: syscall WRITE (process 3) also reads its own private heap at 0x555570000000 -- marker byte 0x00 (' ')
milestone 31: syscall WRITE (process 3) -- hardware-recorded CS=0x1b (CPL=3) -- ptr=0x555560000e97 len=1 -- raw bytes >>>
5
<<< end of write (1 bytes)
milestone 33: syscall WRITE (process 3) also reads its own private heap at 0x555570000000 -- marker byte 0x00 (' ')
milestone 31: syscall WRITE (process 3) -- hardware-recorded CS=0x1b (CPL=3) -- ptr=0x555550003ca8 len=2 -- raw bytes >>>
)

<<< end of write (2 bytes)
milestone 33: syscall WRITE (process 3) also reads its own private heap at 0x555570000000 -- marker byte 0x00 (' ')
milestone 31: syscall WRITE (process 3) -- hardware-recorded CS=0x1b (CPL=3) -- ptr=0x555550003dec len=44 -- raw bytes >>>
case9_fresh_source_real_elf_exec_returns_25=
<<< end of write (44 bytes)
milestone 33: syscall WRITE (process 3) also reads its own private heap at 0x555570000000 -- marker byte 0x00 (' ')
milestone 31: syscall WRITE (process 3) -- hardware-recorded CS=0x1b (CPL=3) -- ptr=0x5555500034c0 len=4 -- raw bytes >>>
PASS
<<< end of write (4 bytes)
milestone 33: syscall WRITE (process 3) also reads its own private heap at 0x555570000000 -- marker byte 0x00 (' ')
milestone 31: syscall WRITE (process 3) -- hardware-recorded CS=0x1b (CPL=3) -- ptr=0x5555500034d4 len=1 -- raw bytes >>>
 
<<< end of write (1 bytes)
milestone 33: syscall WRITE (process 3) also reads its own private heap at 0x555570000000 -- marker byte 0x00 (' ')
milestone 31: syscall WRITE (process 3) -- hardware-recorded CS=0x1b (CPL=3) -- ptr=0x5555500035bc len=1 -- raw bytes >>>


<<< end of write (1 bytes)
milestone 33: syscall WRITE (process 3) also reads its own private heap at 0x555570000000 -- marker byte 0x00 (' ')
milestone 33: syscall SBRK (process 3) -- hardware-recorded CS=0x1b (CPL=3) -- requested 3080 bytes, returning heap pointer 0x555570007ba8
milestone 33: syscall SBRK (process 3) -- hardware-recorded CS=0x1b (CPL=3) -- requested 56 bytes, returning heap pointer 0x5555700087b0
milestone 57: demand-paged heap page 8 for process 3 (fault addr 0x5555700087b0) -- fresh zeroed physical frame 0x17f000 mapped, resuming the faulting instruction
milestone 33: syscall SBRK (process 3) -- hardware-recorded CS=0x1b (CPL=3) -- requested 64 bytes, returning heap pointer 0x5555700087e8
milestone 33: syscall SBRK (process 3) -- hardware-recorded CS=0x1b (CPL=3) -- requested 56 bytes, returning heap pointer 0x555570008828
milestone 33: syscall SBRK (process 3) -- hardware-recorded CS=0x1b (CPL=3) -- requested 64 bytes, returning heap pointer 0x555570008860
milestone 33: syscall SBRK (process 3) -- hardware-recorded CS=0x1b (CPL=3) -- requested 64 bytes, returning heap pointer 0x5555700088a0
milestone 33: syscall SBRK (process 3) -- hardware-recorded CS=0x1b (CPL=3) -- requested 64 bytes, returning heap pointer 0x5555700088e0
milestone 33: syscall SBRK (process 3) -- hardware-recorded CS=0x1b (CPL=3) -- requested 64 bytes, returning heap pointer 0x555570008920
milestone 33: syscall SBRK (process 3) -- hardware-recorded CS=0x1b (CPL=3) -- requested 64 bytes, returning heap pointer 0x555570008960
milestone 33: syscall SBRK (process 3) -- hardware-recorded CS=0x1b (CPL=3) -- requested 56 bytes, returning heap pointer 0x5555700089a0
milestone 33: syscall SBRK (process 3) -- hardware-recorded CS=0x1b (CPL=3) -- requested 56 bytes, returning heap pointer 0x5555700089d8
milestone 33: syscall SBRK (process 3) -- hardware-recorded CS=0x1b (CPL=3) -- requested 104 bytes, returning heap pointer 0x555570008a10
milestone 33: syscall SBRK (process 3) -- hardware-recorded CS=0x1b (CPL=3) -- requested 1032 bytes, returning heap pointer 0x555570008a78
milestone 33: syscall SBRK (process 3) -- hardware-recorded CS=0x1b (CPL=3) -- requested 200 bytes, returning heap pointer 0x555570008e80
milestone 35: syscall OPEN (process 3) -- hardware-recorded CS=0x1b (CPL=3) -- path='ccout1' -> fd 0
milestone 35: syscall FDWRITE (process 3) -- hardware-recorded CS=0x1b (CPL=3) -- fd=0 requested=189 accepted=189 bytes
milestone 35: syscall CLOSE (process 3) -- fd 0 was dirty, persisted 324 bytes to 'ccout1' on the real on-disk filesystem
milestone 35: syscall CLOSE (process 3) -- hardware-recorded CS=0x1b (CPL=3) -- fd=0 closed successfully
milestone 30: process forked-child -- user p4 index computed as 170 (code 0x555550000000, stack 0x555560000000)
milestone 30: process forked-child -- new pml4 0x165000 populated: 511 kernel-space entries shared, index 170 left private
milestone 30: process forked-child -- private code page mapped to frame 0x164000, private stack page mapped to frame 0x169000
milestone 57: process forked-child -- private heap RESERVED (not mapped): 64 pages at 0x555570000000..0x55557003ffff, 0 physical frames committed until a real page fault demand-pages one
milestone 34: process forked-child -- copied 4096 image bytes into private code frame 0x164000
milestone 37: fork() -- child's code frame 0x164000 holds a REAL byte-for-byte copy of the parent's code frame 0x143000 (independently verifiable: same virtual address USER_CODE_ADDR under either process's own CR3, genuinely different physical frames)
milestone 69: fork() -- child also got 8 extra code page(s) REALLY remapped+copied (real fix -- see extra_frames' own doc comment on Process for the bug this closes; a multi-page ELF-loaded parent's pages beyond page 0 used to be silently dropped by fork())
milestone 37: syscall FORK (process 3, 'elf-loaded') -- created child pid 14: pml4=0x165000 code_frame=0x164000 resume point rip=0x555550000da3 rsp=0x555560000eb8
milestone 37: syscall FORK (process 3) -- hardware-recorded CS=0x1b (CPL=3) -- created child pid 14
milestone 37: wait() -- switching CR3 to forked child pid 14's own pml4 0x165000, resuming at rip=0x555550000da3 rsp=0x555560000eb8 (its own fork()-time snapshot, rax forced to 0)
milestone 36: process exec'd -- ELF validated: e_entry=0x555550000078 falls inside a mapped segment, 1 PT_LOAD segment(s), 1 total page(s), all within private p4 index 170
milestone 36: process exec'd -- new pml4 0x17b000 populated: 511 kernel-space entries shared, index 170 left private
milestone 36: process exec'd -- mapped 1 PT_LOAD page(s): [(93824902758400, 1564672, 189, 5)]
milestone 36: process exec'd -- private stack page mapped to frame 0x181000
milestone 57: process exec'd -- private heap RESERVED (not mapped): 64 pages at 0x555570000000..0x55557003ffff, 0 physical frames committed until a real page fault demand-pages one
milestone 54: reclaim_process_frames('forked-child') -- freed 25 physical frame(s) back to the allocator's free list
milestone 45: syscall EXEC (process 14) -- REAL teardown-and-rebuild complete: new pml4=0x17b000, new entry=0x555550000078 (real parsed e_entry), fd table/parent_pid/pgid preserved, CR3 switched
milestone 45: syscall EXEC (process 14) -- hardware-recorded CS=0x1b (CPL=3) -- REAL teardown-and-rebuild from 'ccout1' (324 real ELF bytes read from the on-disk filesystem), new address space, jumping directly into the real parsed entry 0x555550000078, never returning to the old one
milestone 30: syscall EXIT -- hardware-recorded CS=0x1b (CPL=3) -- discarding ring-3 context, resuming kernel context
milestone 37: wait() -- forked child pid 14 resumed in kernel context (its own exit() syscall ran; CR3 is currently the KERNEL's own, restored to the parent's by wait_for_child() next)
milestone 54: reclaim_process_frames('exec'd') -- freed 7 physical frame(s) back to the allocator's free list
milestone 43: syscall WAIT (process 3) -- child pid 14 ran to completion and was reaped (real exit code 28), CR3 restored to parent's own pml4 0x135000
milestone 43: syscall WAIT (process 3) -- hardware-recorded CS=0x1b (CPL=3) -- reaped child pid 14, exited normally with code 28
milestone 31: syscall WRITE (process 3) -- hardware-recorded CS=0x1b (CPL=3) -- ptr=0x555550003c41 len=70 -- raw bytes >>>
  real on-disk ELF written, real fork()+exec()+wait() -- child exited=
<<< end of write (70 bytes)
milestone 33: syscall WRITE (process 3) also reads its own private heap at 0x555570000000 -- marker byte 0x00 (' ')
milestone 31: syscall WRITE (process 3) -- hardware-recorded CS=0x1b (CPL=3) -- ptr=0x5555500034c4 len=4 -- raw bytes >>>
true
<<< end of write (4 bytes)
milestone 33: syscall WRITE (process 3) also reads its own private heap at 0x555570000000 -- marker byte 0x00 (' ')
milestone 31: syscall WRITE (process 3) -- hardware-recorded CS=0x1b (CPL=3) -- ptr=0x5555500038ff len=16 -- raw bytes >>>
 real exit code=
<<< end of write (16 bytes)
milestone 33: syscall WRITE (process 3) also reads its own private heap at 0x555570000000 -- marker byte 0x00 (' ')
milestone 31: syscall WRITE (process 3) -- hardware-recorded CS=0x1b (CPL=3) -- ptr=0x555560000e97 len=1 -- raw bytes >>>
2
<<< end of write (1 bytes)
milestone 33: syscall WRITE (process 3) also reads its own private heap at 0x555570000000 -- marker byte 0x00 (' ')
milestone 31: syscall WRITE (process 3) -- hardware-recorded CS=0x1b (CPL=3) -- ptr=0x555560000e97 len=1 -- raw bytes >>>
8
<<< end of write (1 bytes)
milestone 33: syscall WRITE (process 3) also reads its own private heap at 0x555570000000 -- marker byte 0x00 (' ')
milestone 31: syscall WRITE (process 3) -- hardware-recorded CS=0x1b (CPL=3) -- ptr=0x555550003c8c len=28 -- raw bytes >>>
 (expected exited=true code=
<<< end of write (28 bytes)
milestone 33: syscall WRITE (process 3) also reads its own private heap at 0x555570000000 -- marker byte 0x00 (' ')
milestone 31: syscall WRITE (process 3) -- hardware-recorded CS=0x1b (CPL=3) -- ptr=0x555560000e97 len=1 -- raw bytes >>>
2
<<< end of write (1 bytes)
milestone 33: syscall WRITE (process 3) also reads its own private heap at 0x555570000000 -- marker byte 0x00 (' ')
milestone 31: syscall WRITE (process 3) -- hardware-recorded CS=0x1b (CPL=3) -- ptr=0x555560000e97 len=1 -- raw bytes >>>
8
<<< end of write (1 bytes)
milestone 33: syscall WRITE (process 3) also reads its own private heap at 0x555570000000 -- marker byte 0x00 (' ')
milestone 31: syscall WRITE (process 3) -- hardware-recorded CS=0x1b (CPL=3) -- ptr=0x555550003ca8 len=2 -- raw bytes >>>
)

<<< end of write (2 bytes)
milestone 33: syscall WRITE (process 3) also reads its own private heap at 0x555570000000 -- marker byte 0x00 (' ')
milestone 31: syscall WRITE (process 3) -- hardware-recorded CS=0x1b (CPL=3) -- ptr=0x555550003e3f len=41 -- raw bytes >>>
case10_division_real_elf_exec_returns_28=
<<< end of write (41 bytes)
milestone 33: syscall WRITE (process 3) also reads its own private heap at 0x555570000000 -- marker byte 0x00 (' ')
milestone 31: syscall WRITE (process 3) -- hardware-recorded CS=0x1b (CPL=3) -- ptr=0x5555500034c0 len=4 -- raw bytes >>>
PASS
<<< end of write (4 bytes)
milestone 33: syscall WRITE (process 3) also reads its own private heap at 0x555570000000 -- marker byte 0x00 (' ')
milestone 31: syscall WRITE (process 3) -- hardware-recorded CS=0x1b (CPL=3) -- ptr=0x5555500034d4 len=1 -- raw bytes >>>
 
<<< end of write (1 bytes)
milestone 33: syscall WRITE (process 3) also reads its own private heap at 0x555570000000 -- marker byte 0x00 (' ')
milestone 31: syscall WRITE (process 3) -- hardware-recorded CS=0x1b (CPL=3) -- ptr=0x5555500035bc len=1 -- raw bytes >>>


<<< end of write (1 bytes)
milestone 33: syscall WRITE (process 3) also reads its own private heap at 0x555570000000 -- marker byte 0x00 (' ')
milestone 31: syscall WRITE (process 3) -- hardware-recorded CS=0x1b (CPL=3) -- ptr=0x555550003e68 len=12 -- raw bytes >>>
OVERALL_M69=
<<< end of write (12 bytes)
milestone 33: syscall WRITE (process 3) also reads its own private heap at 0x555570000000 -- marker byte 0x00 (' ')
milestone 31: syscall WRITE (process 3) -- hardware-recorded CS=0x1b (CPL=3) -- ptr=0x5555500034c0 len=4 -- raw bytes >>>
PASS
<<< end of write (4 bytes)
milestone 33: syscall WRITE (process 3) also reads its own private heap at 0x555570000000 -- marker byte 0x00 (' ')
milestone 31: syscall WRITE (process 3) -- hardware-recorded CS=0x1b (CPL=3) -- ptr=0x555550003784 len=2 -- raw bytes >>>



<<< end of write (2 bytes)
milestone 33: syscall WRITE (process 3) also reads its own private heap at 0x555570000000 -- marker byte 0x00 (' ')
milestone 31: syscall WRITE (process 3) -- hardware-recorded CS=0x1b (CPL=3) -- ptr=0x555550003e74 len=88 -- raw bytes >>>
milestone 70: cc comparisons + if/else (real conditional jumps, both branches) starting

<<< end of write (88 bytes)
milestone 33: syscall WRITE (process 3) also reads its own private heap at 0x555570000000 -- marker byte 0x00 (' ')
milestone 33: syscall SBRK (process 3) -- hardware-recorded CS=0x1b (CPL=3) -- requested 3080 bytes, returning heap pointer 0x555570008f48
milestone 57: demand-paged heap page 9 for process 3 (fault addr 0x555570009000) -- fresh zeroed physical frame 0x181000 mapped, resuming the faulting instruction
milestone 33: syscall SBRK (process 3) -- hardware-recorded CS=0x1b (CPL=3) -- requested 56 bytes, returning heap pointer 0x555570009b50
milestone 33: syscall SBRK (process 3) -- hardware-recorded CS=0x1b (CPL=3) -- requested 56 bytes, returning heap pointer 0x555570009b88
milestone 33: syscall SBRK (process 3) -- hardware-recorded CS=0x1b (CPL=3) -- requested 64 bytes, returning heap pointer 0x555570009bc0
milestone 33: syscall SBRK (process 3) -- hardware-recorded CS=0x1b (CPL=3) -- requested 56 bytes, returning heap pointer 0x555570009c00
milestone 33: syscall SBRK (process 3) -- hardware-recorded CS=0x1b (CPL=3) -- requested 64 bytes, returning heap pointer 0x555570009c38
milestone 33: syscall SBRK (process 3) -- hardware-recorded CS=0x1b (CPL=3) -- requested 56 bytes, returning heap pointer 0x555570009c78
milestone 33: syscall SBRK (process 3) -- hardware-recorded CS=0x1b (CPL=3) -- requested 64 bytes, returning heap pointer 0x555570009cb0
milestone 33: syscall SBRK (process 3) -- hardware-recorded CS=0x1b (CPL=3) -- requested 64 bytes, returning heap pointer 0x555570009cf0
milestone 33: syscall SBRK (process 3) -- hardware-recorded CS=0x1b (CPL=3) -- requested 64 bytes, returning heap pointer 0x555570009d30
milestone 33: syscall SBRK (process 3) -- hardware-recorded CS=0x1b (CPL=3) -- requested 64 bytes, returning heap pointer 0x555570009d70
milestone 33: syscall SBRK (process 3) -- hardware-recorded CS=0x1b (CPL=3) -- requested 64 bytes, returning heap pointer 0x555570009db0
milestone 33: syscall SBRK (process 3) -- hardware-recorded CS=0x1b (CPL=3) -- requested 64 bytes, returning heap pointer 0x555570009df0
milestone 33: syscall SBRK (process 3) -- hardware-recorded CS=0x1b (CPL=3) -- requested 64 bytes, returning heap pointer 0x555570009e30
milestone 33: syscall SBRK (process 3) -- hardware-recorded CS=0x1b (CPL=3) -- requested 64 bytes, returning heap pointer 0x555570009e70
milestone 33: syscall SBRK (process 3) -- hardware-recorded CS=0x1b (CPL=3) -- requested 64 bytes, returning heap pointer 0x555570009eb0
milestone 33: syscall SBRK (process 3) -- hardware-recorded CS=0x1b (CPL=3) -- requested 64 bytes, returning heap pointer 0x555570009ef0
milestone 33: syscall SBRK (process 3) -- hardware-recorded CS=0x1b (CPL=3) -- requested 64 bytes, returning heap pointer 0x555570009f30
milestone 33: syscall SBRK (process 3) -- hardware-recorded CS=0x1b (CPL=3) -- requested 64 bytes, returning heap pointer 0x555570009f70
milestone 33: syscall SBRK (process 3) -- hardware-recorded CS=0x1b (CPL=3) -- requested 64 bytes, returning heap pointer 0x555570009fb0
milestone 33: syscall SBRK (process 3) -- hardware-recorded CS=0x1b (CPL=3) -- requested 64 bytes, returning heap pointer 0x555570009ff0
milestone 57: demand-paged heap page 10 for process 3 (fault addr 0x55557000a000) -- fresh zeroed physical frame 0x17e000 mapped, resuming the faulting instruction
milestone 33: syscall SBRK (process 3) -- hardware-recorded CS=0x1b (CPL=3) -- requested 64 bytes, returning heap pointer 0x55557000a030
milestone 33: syscall SBRK (process 3) -- hardware-recorded CS=0x1b (CPL=3) -- requested 64 bytes, returning heap pointer 0x55557000a070
milestone 33: syscall SBRK (process 3) -- hardware-recorded CS=0x1b (CPL=3) -- requested 64 bytes, returning heap pointer 0x55557000a0b0
milestone 33: syscall SBRK (process 3) -- hardware-recorded CS=0x1b (CPL=3) -- requested 64 bytes, returning heap pointer 0x55557000a0f0
milestone 33: syscall SBRK (process 3) -- hardware-recorded CS=0x1b (CPL=3) -- requested 64 bytes, returning heap pointer 0x55557000a130
milestone 33: syscall SBRK (process 3) -- hardware-recorded CS=0x1b (CPL=3) -- requested 64 bytes, returning heap pointer 0x55557000a170
milestone 33: syscall SBRK (process 3) -- hardware-recorded CS=0x1b (CPL=3) -- requested 64 bytes, returning heap pointer 0x55557000a1b0
milestone 33: syscall SBRK (process 3) -- hardware-recorded CS=0x1b (CPL=3) -- requested 64 bytes, returning heap pointer 0x55557000a1f0
milestone 33: syscall SBRK (process 3) -- hardware-recorded CS=0x1b (CPL=3) -- requested 64 bytes, returning heap pointer 0x55557000a230
milestone 33: syscall SBRK (process 3) -- hardware-recorded CS=0x1b (CPL=3) -- requested 64 bytes, returning heap pointer 0x55557000a270
milestone 33: syscall SBRK (process 3) -- hardware-recorded CS=0x1b (CPL=3) -- requested 64 bytes, returning heap pointer 0x55557000a2b0
milestone 33: syscall SBRK (process 3) -- hardware-recorded CS=0x1b (CPL=3) -- requested 64 bytes, returning heap pointer 0x55557000a2f0
milestone 33: syscall SBRK (process 3) -- hardware-recorded CS=0x1b (CPL=3) -- requested 64 bytes, returning heap pointer 0x55557000a330
milestone 33: syscall SBRK (process 3) -- hardware-recorded CS=0x1b (CPL=3) -- requested 64 bytes, returning heap pointer 0x55557000a370
milestone 33: syscall SBRK (process 3) -- hardware-recorded CS=0x1b (CPL=3) -- requested 64 bytes, returning heap pointer 0x55557000a3b0
milestone 33: syscall SBRK (process 3) -- hardware-recorded CS=0x1b (CPL=3) -- requested 64 bytes, returning heap pointer 0x55557000a3f0
milestone 33: syscall SBRK (process 3) -- hardware-recorded CS=0x1b (CPL=3) -- requested 64 bytes, returning heap pointer 0x55557000a430
milestone 33: syscall SBRK (process 3) -- hardware-recorded CS=0x1b (CPL=3) -- requested 64 bytes, returning heap pointer 0x55557000a470
milestone 33: syscall SBRK (process 3) -- hardware-recorded CS=0x1b (CPL=3) -- requested 64 bytes, returning heap pointer 0x55557000a4b0
milestone 33: syscall SBRK (process 3) -- hardware-recorded CS=0x1b (CPL=3) -- requested 56 bytes, returning heap pointer 0x55557000a4f0
milestone 33: syscall SBRK (process 3) -- hardware-recorded CS=0x1b (CPL=3) -- requested 56 bytes, returning heap pointer 0x55557000a528
milestone 33: syscall SBRK (process 3) -- hardware-recorded CS=0x1b (CPL=3) -- requested 104 bytes, returning heap pointer 0x55557000a560
milestone 33: syscall SBRK (process 3) -- hardware-recorded CS=0x1b (CPL=3) -- requested 1032 bytes, returning heap pointer 0x55557000a5c8
milestone 31: syscall WRITE (process 3) -- hardware-recorded CS=0x1b (CPL=3) -- ptr=0x555550003f34 len=47 -- raw bytes >>>
  case11 (all 6 comparisons, a=5,b=3) returned=
<<< end of write (47 bytes)
milestone 33: syscall WRITE (process 3) also reads its own private heap at 0x555570000000 -- marker byte 0x00 (' ')
milestone 31: syscall WRITE (process 3) -- hardware-recorded CS=0x1b (CPL=3) -- ptr=0x555560000e97 len=1 -- raw bytes >>>
1
<<< end of write (1 bytes)
milestone 33: syscall WRITE (process 3) also reads its own private heap at 0x555570000000 -- marker byte 0x00 (' ')
milestone 31: syscall WRITE (process 3) -- hardware-recorded CS=0x1b (CPL=3) -- ptr=0x555560000e97 len=1 -- raw bytes >>>
0
<<< end of write (1 bytes)
milestone 33: syscall WRITE (process 3) also reads its own private heap at 0x555570000000 -- marker byte 0x00 (' ')
milestone 31: syscall WRITE (process 3) -- hardware-recorded CS=0x1b (CPL=3) -- ptr=0x555560000e97 len=1 -- raw bytes >>>
1
<<< end of write (1 bytes)
milestone 33: syscall WRITE (process 3) also reads its own private heap at 0x555570000000 -- marker byte 0x00 (' ')
milestone 31: syscall WRITE (process 3) -- hardware-recorded CS=0x1b (CPL=3) -- ptr=0x555560000e97 len=1 -- raw bytes >>>
0
<<< end of write (1 bytes)
milestone 33: syscall WRITE (process 3) also reads its own private heap at 0x555570000000 -- marker byte 0x00 (' ')
milestone 31: syscall WRITE (process 3) -- hardware-recorded CS=0x1b (CPL=3) -- ptr=0x555560000e97 len=1 -- raw bytes >>>
1
<<< end of write (1 bytes)
milestone 33: syscall WRITE (process 3) also reads its own private heap at 0x555570000000 -- marker byte 0x00 (' ')
milestone 31: syscall WRITE (process 3) -- hardware-recorded CS=0x1b (CPL=3) -- ptr=0x555560000e97 len=1 -- raw bytes >>>
0
<<< end of write (1 bytes)
milestone 33: syscall WRITE (process 3) also reads its own private heap at 0x555570000000 -- marker byte 0x00 (' ')
milestone 31: syscall WRITE (process 3) -- hardware-recorded CS=0x1b (CPL=3) -- ptr=0x555550003f63 len=19 -- raw bytes >>>
 (expected 101010)

<<< end of write (19 bytes)
milestone 33: syscall WRITE (process 3) also reads its own private heap at 0x555570000000 -- marker byte 0x00 (' ')
milestone 31: syscall WRITE (process 3) -- hardware-recorded CS=0x1b (CPL=3) -- ptr=0x555550003f76 len=41 -- raw bytes >>>
case11_all_six_comparisons_return_101010=
<<< end of write (41 bytes)
milestone 33: syscall WRITE (process 3) also reads its own private heap at 0x555570000000 -- marker byte 0x00 (' ')
milestone 31: syscall WRITE (process 3) -- hardware-recorded CS=0x1b (CPL=3) -- ptr=0x5555500034c0 len=4 -- raw bytes >>>
PASS
<<< end of write (4 bytes)
milestone 33: syscall WRITE (process 3) also reads its own private heap at 0x555570000000 -- marker byte 0x00 (' ')
milestone 31: syscall WRITE (process 3) -- hardware-recorded CS=0x1b (CPL=3) -- ptr=0x5555500034d4 len=1 -- raw bytes >>>
 
<<< end of write (1 bytes)
milestone 33: syscall WRITE (process 3) also reads its own private heap at 0x555570000000 -- marker byte 0x00 (' ')
milestone 31: syscall WRITE (process 3) -- hardware-recorded CS=0x1b (CPL=3) -- ptr=0x5555500035bc len=1 -- raw bytes >>>


<<< end of write (1 bytes)
milestone 33: syscall WRITE (process 3) also reads its own private heap at 0x555570000000 -- marker byte 0x00 (' ')
milestone 33: syscall SBRK (process 3) -- hardware-recorded CS=0x1b (CPL=3) -- requested 3080 bytes, returning heap pointer 0x55557000a9d0
milestone 33: syscall SBRK (process 3) -- hardware-recorded CS=0x1b (CPL=3) -- requested 56 bytes, returning heap pointer 0x55557000b5d8
milestone 57: demand-paged heap page 11 for process 3 (fault addr 0x55557000b5d8) -- fresh zeroed physical frame 0x17b000 mapped, resuming the faulting instruction
milestone 33: syscall SBRK (process 3) -- hardware-recorded CS=0x1b (CPL=3) -- requested 64 bytes, returning heap pointer 0x55557000b610
milestone 33: syscall SBRK (process 3) -- hardware-recorded CS=0x1b (CPL=3) -- requested 56 bytes, returning heap pointer 0x55557000b650
milestone 33: syscall SBRK (process 3) -- hardware-recorded CS=0x1b (CPL=3) -- requested 64 bytes, returning heap pointer 0x55557000b688
milestone 33: syscall SBRK (process 3) -- hardware-recorded CS=0x1b (CPL=3) -- requested 64 bytes, returning heap pointer 0x55557000b6c8
milestone 33: syscall SBRK (process 3) -- hardware-recorded CS=0x1b (CPL=3) -- requested 64 bytes, returning heap pointer 0x55557000b708
milestone 33: syscall SBRK (process 3) -- hardware-recorded CS=0x1b (CPL=3) -- requested 64 bytes, returning heap pointer 0x55557000b748
milestone 33: syscall SBRK (process 3) -- hardware-recorded CS=0x1b (CPL=3) -- requested 56 bytes, returning heap pointer 0x55557000b788
milestone 33: syscall SBRK (process 3) -- hardware-recorded CS=0x1b (CPL=3) -- requested 64 bytes, returning heap pointer 0x55557000b7c0
milestone 33: syscall SBRK (process 3) -- hardware-recorded CS=0x1b (CPL=3) -- requested 56 bytes, returning heap pointer 0x55557000b800
milestone 33: syscall SBRK (process 3) -- hardware-recorded CS=0x1b (CPL=3) -- requested 56 bytes, returning heap pointer 0x55557000b838
milestone 33: syscall SBRK (process 3) -- hardware-recorded CS=0x1b (CPL=3) -- requested 56 bytes, returning heap pointer 0x55557000b870
milestone 33: syscall SBRK (process 3) -- hardware-recorded CS=0x1b (CPL=3) -- requested 104 bytes, returning heap pointer 0x55557000b8a8
milestone 33: syscall SBRK (process 3) -- hardware-recorded CS=0x1b (CPL=3) -- requested 1032 bytes, returning heap pointer 0x55557000b910
milestone 31: syscall WRITE (process 3) -- hardware-recorded CS=0x1b (CPL=3) -- ptr=0x555550003fd7 len=38 -- raw bytes >>>
  case13 (x=10, TRUE branch) returned=
<<< end of write (38 bytes)
milestone 33: syscall WRITE (process 3) also reads its own private heap at 0x555570000000 -- marker byte 0x00 (' ')
milestone 31: syscall WRITE (process 3) -- hardware-recorded CS=0x1b (CPL=3) -- ptr=0x555560000e97 len=1 -- raw bytes >>>
1
<<< end of write (1 bytes)
milestone 33: syscall WRITE (process 3) also reads its own private heap at 0x555570000000 -- marker byte 0x00 (' ')
milestone 31: syscall WRITE (process 3) -- hardware-recorded CS=0x1b (CPL=3) -- ptr=0x555550003ffd len=14 -- raw bytes >>>
 (expected 1)

<<< end of write (14 bytes)
milestone 33: syscall WRITE (process 3) also reads its own private heap at 0x555570000000 -- marker byte 0x00 (' ')
milestone 31: syscall WRITE (process 3) -- hardware-recorded CS=0x1b (CPL=3) -- ptr=0x55555000400b len=37 -- raw bytes >>>
case13_if_else_true_branch_returns_1=
<<< end of write (37 bytes)
milestone 33: syscall WRITE (process 3) also reads its own private heap at 0x555570000000 -- marker byte 0x00 (' ')
milestone 31: syscall WRITE (process 3) -- hardware-recorded CS=0x1b (CPL=3) -- ptr=0x5555500034c0 len=4 -- raw bytes >>>
PASS
<<< end of write (4 bytes)
milestone 33: syscall WRITE (process 3) also reads its own private heap at 0x555570000000 -- marker byte 0x00 (' ')
milestone 31: syscall WRITE (process 3) -- hardware-recorded CS=0x1b (CPL=3) -- ptr=0x5555500034d4 len=1 -- raw bytes >>>
 
<<< end of write (1 bytes)
milestone 33: syscall WRITE (process 3) also reads its own private heap at 0x555570000000 -- marker byte 0x00 (' ')
milestone 31: syscall WRITE (process 3) -- hardware-recorded CS=0x1b (CPL=3) -- ptr=0x5555500035bc len=1 -- raw bytes >>>


<<< end of write (1 bytes)
milestone 33: syscall WRITE (process 3) also reads its own private heap at 0x555570000000 -- marker byte 0x00 (' ')
milestone 33: syscall SBRK (process 3) -- hardware-recorded CS=0x1b (CPL=3) -- requested 3080 bytes, returning heap pointer 0x55557000bd18
milestone 57: demand-paged heap page 12 for process 3 (fault addr 0x55557000c000) -- fresh zeroed physical frame 0x175000 mapped, resuming the faulting instruction
milestone 33: syscall SBRK (process 3) -- hardware-recorded CS=0x1b (CPL=3) -- requested 56 bytes, returning heap pointer 0x55557000c920
milestone 33: syscall SBRK (process 3) -- hardware-recorded CS=0x1b (CPL=3) -- requested 64 bytes, returning heap pointer 0x55557000c958
milestone 33: syscall SBRK (process 3) -- hardware-recorded CS=0x1b (CPL=3) -- requested 56 bytes, returning heap pointer 0x55557000c998
milestone 33: syscall SBRK (process 3) -- hardware-recorded CS=0x1b (CPL=3) -- requested 64 bytes, returning heap pointer 0x55557000c9d0
milestone 33: syscall SBRK (process 3) -- hardware-recorded CS=0x1b (CPL=3) -- requested 64 bytes, returning heap pointer 0x55557000ca10
milestone 33: syscall SBRK (process 3) -- hardware-recorded CS=0x1b (CPL=3) -- requested 64 bytes, returning heap pointer 0x55557000ca50
milestone 33: syscall SBRK (process 3) -- hardware-recorded CS=0x1b (CPL=3) -- requested 64 bytes, returning heap pointer 0x55557000ca90
milestone 33: syscall SBRK (process 3) -- hardware-recorded CS=0x1b (CPL=3) -- requested 56 bytes, returning heap pointer 0x55557000cad0
milestone 33: syscall SBRK (process 3) -- hardware-recorded CS=0x1b (CPL=3) -- requested 64 bytes, returning heap pointer 0x55557000cb08
milestone 33: syscall SBRK (process 3) -- hardware-recorded CS=0x1b (CPL=3) -- requested 56 bytes, returning heap pointer 0x55557000cb48
milestone 33: syscall SBRK (process 3) -- hardware-recorded CS=0x1b (CPL=3) -- requested 56 bytes, returning heap pointer 0x55557000cb80
milestone 33: syscall SBRK (process 3) -- hardware-recorded CS=0x1b (CPL=3) -- requested 56 bytes, returning heap pointer 0x55557000cbb8
milestone 33: syscall SBRK (process 3) -- hardware-recorded CS=0x1b (CPL=3) -- requested 104 bytes, returning heap pointer 0x55557000cbf0
milestone 33: syscall SBRK (process 3) -- hardware-recorded CS=0x1b (CPL=3) -- requested 1032 bytes, returning heap pointer 0x55557000cc58
milestone 31: syscall WRITE (process 3) -- hardware-recorded CS=0x1b (CPL=3) -- ptr=0x555550004067 len=38 -- raw bytes >>>
  case14 (x=2, FALSE branch) returned=
<<< end of write (38 bytes)
milestone 33: syscall WRITE (process 3) also reads its own private heap at 0x555570000000 -- marker byte 0x00 (' ')
milestone 31: syscall WRITE (process 3) -- hardware-recorded CS=0x1b (CPL=3) -- ptr=0x5555500034d5 len=1 -- raw bytes >>>
0
<<< end of write (1 bytes)
milestone 33: syscall WRITE (process 3) also reads its own private heap at 0x555570000000 -- marker byte 0x00 (' ')
milestone 31: syscall WRITE (process 3) -- hardware-recorded CS=0x1b (CPL=3) -- ptr=0x55555000408d len=14 -- raw bytes >>>
 (expected 0)

<<< end of write (14 bytes)
milestone 33: syscall WRITE (process 3) also reads its own private heap at 0x555570000000 -- marker byte 0x00 (' ')
milestone 31: syscall WRITE (process 3) -- hardware-recorded CS=0x1b (CPL=3) -- ptr=0x55555000409b len=38 -- raw bytes >>>
case14_if_else_false_branch_returns_0=
<<< end of write (38 bytes)
milestone 33: syscall WRITE (process 3) also reads its own private heap at 0x555570000000 -- marker byte 0x00 (' ')
milestone 31: syscall WRITE (process 3) -- hardware-recorded CS=0x1b (CPL=3) -- ptr=0x5555500034c0 len=4 -- raw bytes >>>
PASS
<<< end of write (4 bytes)
milestone 33: syscall WRITE (process 3) also reads its own private heap at 0x555570000000 -- marker byte 0x00 (' ')
milestone 31: syscall WRITE (process 3) -- hardware-recorded CS=0x1b (CPL=3) -- ptr=0x5555500034d4 len=1 -- raw bytes >>>
 
<<< end of write (1 bytes)
milestone 33: syscall WRITE (process 3) also reads its own private heap at 0x555570000000 -- marker byte 0x00 (' ')
milestone 31: syscall WRITE (process 3) -- hardware-recorded CS=0x1b (CPL=3) -- ptr=0x5555500035bc len=1 -- raw bytes >>>


<<< end of write (1 bytes)
milestone 33: syscall WRITE (process 3) also reads its own private heap at 0x555570000000 -- marker byte 0x00 (' ')
milestone 33: syscall SBRK (process 3) -- hardware-recorded CS=0x1b (CPL=3) -- requested 3080 bytes, returning heap pointer 0x55557000d060
milestone 57: demand-paged heap page 13 for process 3 (fault addr 0x55557000d060) -- fresh zeroed physical frame 0x177000 mapped, resuming the faulting instruction
milestone 33: syscall SBRK (process 3) -- hardware-recorded CS=0x1b (CPL=3) -- requested 56 bytes, returning heap pointer 0x55557000dc68
milestone 33: syscall SBRK (process 3) -- hardware-recorded CS=0x1b (CPL=3) -- requested 56 bytes, returning heap pointer 0x55557000dca0
milestone 33: syscall SBRK (process 3) -- hardware-recorded CS=0x1b (CPL=3) -- requested 64 bytes, returning heap pointer 0x55557000dcd8
milestone 33: syscall SBRK (process 3) -- hardware-recorded CS=0x1b (CPL=3) -- requested 56 bytes, returning heap pointer 0x55557000dd18
milestone 33: syscall SBRK (process 3) -- hardware-recorded CS=0x1b (CPL=3) -- requested 64 bytes, returning heap pointer 0x55557000dd50
milestone 33: syscall SBRK (process 3) -- hardware-recorded CS=0x1b (CPL=3) -- requested 56 bytes, returning heap pointer 0x55557000dd90
milestone 33: syscall SBRK (process 3) -- hardware-recorded CS=0x1b (CPL=3) -- requested 64 bytes, returning heap pointer 0x55557000ddc8
milestone 33: syscall SBRK (process 3) -- hardware-recorded CS=0x1b (CPL=3) -- requested 64 bytes, returning heap pointer 0x55557000de08
milestone 33: syscall SBRK (process 3) -- hardware-recorded CS=0x1b (CPL=3) -- requested 64 bytes, returning heap pointer 0x55557000de48
milestone 33: syscall SBRK (process 3) -- hardware-recorded CS=0x1b (CPL=3) -- requested 64 bytes, returning heap pointer 0x55557000de88
milestone 33: syscall SBRK (process 3) -- hardware-recorded CS=0x1b (CPL=3) -- requested 56 bytes, returning heap pointer 0x55557000dec8
milestone 33: syscall SBRK (process 3) -- hardware-recorded CS=0x1b (CPL=3) -- requested 56 bytes, returning heap pointer 0x55557000df00
milestone 33: syscall SBRK (process 3) -- hardware-recorded CS=0x1b (CPL=3) -- requested 64 bytes, returning heap pointer 0x55557000df38
milestone 33: syscall SBRK (process 3) -- hardware-recorded CS=0x1b (CPL=3) -- requested 56 bytes, returning heap pointer 0x55557000df78
milestone 33: syscall SBRK (process 3) -- hardware-recorded CS=0x1b (CPL=3) -- requested 56 bytes, returning heap pointer 0x55557000dfb0
milestone 33: syscall SBRK (process 3) -- hardware-recorded CS=0x1b (CPL=3) -- requested 104 bytes, returning heap pointer 0x55557000dfe8
milestone 57: demand-paged heap page 14 for process 3 (fault addr 0x55557000e000) -- fresh zeroed physical frame 0x182000 mapped, resuming the faulting instruction
milestone 33: syscall SBRK (process 3) -- hardware-recorded CS=0x1b (CPL=3) -- requested 1032 bytes, returning heap pointer 0x55557000e050
milestone 31: syscall WRITE (process 3) -- hardware-recorded CS=0x1b (CPL=3) -- ptr=0x5555500040f9 len=43 -- raw bytes >>>
  case15 (x=1, TRUE branch taken) returned=
<<< end of write (43 bytes)
milestone 33: syscall WRITE (process 3) also reads its own private heap at 0x555570000000 -- marker byte 0x00 (' ')
milestone 31: syscall WRITE (process 3) -- hardware-recorded CS=0x1b (CPL=3) -- ptr=0x555560000e97 len=1 -- raw bytes >>>
4
<<< end of write (1 bytes)
milestone 33: syscall WRITE (process 3) also reads its own private heap at 0x555570000000 -- marker byte 0x00 (' ')
milestone 31: syscall WRITE (process 3) -- hardware-recorded CS=0x1b (CPL=3) -- ptr=0x555560000e97 len=1 -- raw bytes >>>
2
<<< end of write (1 bytes)
milestone 33: syscall WRITE (process 3) also reads its own private heap at 0x555570000000 -- marker byte 0x00 (' ')
milestone 31: syscall WRITE (process 3) -- hardware-recorded CS=0x1b (CPL=3) -- ptr=0x55555000381a len=15 -- raw bytes >>>
 (expected 42)

<<< end of write (15 bytes)
milestone 33: syscall WRITE (process 3) also reads its own private heap at 0x555570000000 -- marker byte 0x00 (' ')
milestone 31: syscall WRITE (process 3) -- hardware-recorded CS=0x1b (CPL=3) -- ptr=0x555550004124 len=41 -- raw bytes >>>
case15_if_no_else_true_branch_returns_42=
<<< end of write (41 bytes)
milestone 33: syscall WRITE (process 3) also reads its own private heap at 0x555570000000 -- marker byte 0x00 (' ')
milestone 31: syscall WRITE (process 3) -- hardware-recorded CS=0x1b (CPL=3) -- ptr=0x5555500034c0 len=4 -- raw bytes >>>
PASS
<<< end of write (4 bytes)
milestone 33: syscall WRITE (process 3) also reads its own private heap at 0x555570000000 -- marker byte 0x00 (' ')
milestone 31: syscall WRITE (process 3) -- hardware-recorded CS=0x1b (CPL=3) -- ptr=0x5555500034d4 len=1 -- raw bytes >>>
 
<<< end of write (1 bytes)
milestone 33: syscall WRITE (process 3) also reads its own private heap at 0x555570000000 -- marker byte 0x00 (' ')
milestone 31: syscall WRITE (process 3) -- hardware-recorded CS=0x1b (CPL=3) -- ptr=0x5555500035bc len=1 -- raw bytes >>>


<<< end of write (1 bytes)
milestone 33: syscall WRITE (process 3) also reads its own private heap at 0x555570000000 -- marker byte 0x00 (' ')
milestone 33: syscall SBRK (process 3) -- hardware-recorded CS=0x1b (CPL=3) -- requested 3080 bytes, returning heap pointer 0x55557000e458
milestone 33: syscall SBRK (process 3) -- hardware-recorded CS=0x1b (CPL=3) -- requested 56 bytes, returning heap pointer 0x55557000f060
milestone 57: demand-paged heap page 15 for process 3 (fault addr 0x55557000f060) -- fresh zeroed physical frame 0x17c000 mapped, resuming the faulting instruction
milestone 33: syscall SBRK (process 3) -- hardware-recorded CS=0x1b (CPL=3) -- requested 56 bytes, returning heap pointer 0x55557000f098
milestone 33: syscall SBRK (process 3) -- hardware-recorded CS=0x1b (CPL=3) -- requested 64 bytes, returning heap pointer 0x55557000f0d0
milestone 33: syscall SBRK (process 3) -- hardware-recorded CS=0x1b (CPL=3) -- requested 56 bytes, returning heap pointer 0x55557000f110
milestone 33: syscall SBRK (process 3) -- hardware-recorded CS=0x1b (CPL=3) -- requested 64 bytes, returning heap pointer 0x55557000f148
milestone 33: syscall SBRK (process 3) -- hardware-recorded CS=0x1b (CPL=3) -- requested 56 bytes, returning heap pointer 0x55557000f188
milestone 33: syscall SBRK (process 3) -- hardware-recorded CS=0x1b (CPL=3) -- requested 64 bytes, returning heap pointer 0x55557000f1c0
milestone 33: syscall SBRK (process 3) -- hardware-recorded CS=0x1b (CPL=3) -- requested 64 bytes, returning heap pointer 0x55557000f200
milestone 33: syscall SBRK (process 3) -- hardware-recorded CS=0x1b (CPL=3) -- requested 64 bytes, returning heap pointer 0x55557000f240
milestone 33: syscall SBRK (process 3) -- hardware-recorded CS=0x1b (CPL=3) -- requested 64 bytes, returning heap pointer 0x55557000f280
milestone 33: syscall SBRK (process 3) -- hardware-recorded CS=0x1b (CPL=3) -- requested 56 bytes, returning heap pointer 0x55557000f2c0
milestone 33: syscall SBRK (process 3) -- hardware-recorded CS=0x1b (CPL=3) -- requested 56 bytes, returning heap pointer 0x55557000f2f8
milestone 33: syscall SBRK (process 3) -- hardware-recorded CS=0x1b (CPL=3) -- requested 64 bytes, returning heap pointer 0x55557000f330
milestone 33: syscall SBRK (process 3) -- hardware-recorded CS=0x1b (CPL=3) -- requested 56 bytes, returning heap pointer 0x55557000f370
milestone 33: syscall SBRK (process 3) -- hardware-recorded CS=0x1b (CPL=3) -- requested 56 bytes, returning heap pointer 0x55557000f3a8
milestone 33: syscall SBRK (process 3) -- hardware-recorded CS=0x1b (CPL=3) -- requested 104 bytes, returning heap pointer 0x55557000f3e0
milestone 33: syscall SBRK (process 3) -- hardware-recorded CS=0x1b (CPL=3) -- requested 1032 bytes, returning heap pointer 0x55557000f448
milestone 31: syscall WRITE (process 3) -- hardware-recorded CS=0x1b (CPL=3) -- ptr=0x555550004185 len=52 -- raw bytes >>>
  case16 (x=0, FALSE branch, fell through) returned=
<<< end of write (52 bytes)
milestone 33: syscall WRITE (process 3) also reads its own private heap at 0x555570000000 -- marker byte 0x00 (' ')
milestone 31: syscall WRITE (process 3) -- hardware-recorded CS=0x1b (CPL=3) -- ptr=0x555560000e97 len=1 -- raw bytes >>>
7
<<< end of write (1 bytes)
milestone 33: syscall WRITE (process 3) also reads its own private heap at 0x555570000000 -- marker byte 0x00 (' ')
milestone 31: syscall WRITE (process 3) -- hardware-recorded CS=0x1b (CPL=3) -- ptr=0x5555500041b9 len=14 -- raw bytes >>>
 (expected 7)

<<< end of write (14 bytes)
milestone 33: syscall WRITE (process 3) also reads its own private heap at 0x555570000000 -- marker byte 0x00 (' ')
milestone 31: syscall WRITE (process 3) -- hardware-recorded CS=0x1b (CPL=3) -- ptr=0x5555500041c7 len=41 -- raw bytes >>>
case16_if_no_else_false_branch_returns_7=
<<< end of write (41 bytes)
milestone 33: syscall WRITE (process 3) also reads its own private heap at 0x555570000000 -- marker byte 0x00 (' ')
milestone 31: syscall WRITE (process 3) -- hardware-recorded CS=0x1b (CPL=3) -- ptr=0x5555500034c0 len=4 -- raw bytes >>>
PASS
<<< end of write (4 bytes)
milestone 33: syscall WRITE (process 3) also reads its own private heap at 0x555570000000 -- marker byte 0x00 (' ')
milestone 31: syscall WRITE (process 3) -- hardware-recorded CS=0x1b (CPL=3) -- ptr=0x5555500034d4 len=1 -- raw bytes >>>
 
<<< end of write (1 bytes)
milestone 33: syscall WRITE (process 3) also reads its own private heap at 0x555570000000 -- marker byte 0x00 (' ')
milestone 31: syscall WRITE (process 3) -- hardware-recorded CS=0x1b (CPL=3) -- ptr=0x5555500035bc len=1 -- raw bytes >>>


<<< end of write (1 bytes)
milestone 33: syscall WRITE (process 3) also reads its own private heap at 0x555570000000 -- marker byte 0x00 (' ')
milestone 33: syscall SBRK (process 3) -- hardware-recorded CS=0x1b (CPL=3) -- requested 3080 bytes, returning heap pointer 0x55557000f850
milestone 33: syscall SBRK (process 3) -- hardware-recorded CS=0x1b (CPL=3) -- requested 56 bytes, returning heap pointer 0x555570010458
milestone 57: demand-paged heap page 16 for process 3 (fault addr 0x555570010458) -- fresh zeroed physical frame 0x179000 mapped, resuming the faulting instruction
milestone 33: syscall SBRK (process 3) -- hardware-recorded CS=0x1b (CPL=3) -- requested 64 bytes, returning heap pointer 0x555570010490
milestone 33: syscall SBRK (process 3) -- hardware-recorded CS=0x1b (CPL=3) -- requested 56 bytes, returning heap pointer 0x5555700104d0
milestone 33: syscall SBRK (process 3) -- hardware-recorded CS=0x1b (CPL=3) -- requested 64 bytes, returning heap pointer 0x555570010508
milestone 33: syscall SBRK (process 3) -- hardware-recorded CS=0x1b (CPL=3) -- requested 64 bytes, returning heap pointer 0x555570010548
milestone 33: syscall SBRK (process 3) -- hardware-recorded CS=0x1b (CPL=3) -- requested 64 bytes, returning heap pointer 0x555570010588
milestone 33: syscall SBRK (process 3) -- hardware-recorded CS=0x1b (CPL=3) -- requested 64 bytes, returning heap pointer 0x5555700105c8
milestone 33: syscall SBRK (process 3) -- hardware-recorded CS=0x1b (CPL=3) -- requested 56 bytes, returning heap pointer 0x555570010608
milestone 33: syscall SBRK (process 3) -- hardware-recorded CS=0x1b (CPL=3) -- requested 64 bytes, returning heap pointer 0x555570010640
milestone 33: syscall SBRK (process 3) -- hardware-recorded CS=0x1b (CPL=3) -- requested 56 bytes, returning heap pointer 0x555570010680
milestone 33: syscall SBRK (process 3) -- hardware-recorded CS=0x1b (CPL=3) -- requested 56 bytes, returning heap pointer 0x5555700106b8
milestone 33: syscall SBRK (process 3) -- hardware-recorded CS=0x1b (CPL=3) -- requested 56 bytes, returning heap pointer 0x5555700106f0
milestone 33: syscall SBRK (process 3) -- hardware-recorded CS=0x1b (CPL=3) -- requested 104 bytes, returning heap pointer 0x555570010728
milestone 33: syscall SBRK (process 3) -- hardware-recorded CS=0x1b (CPL=3) -- requested 1032 bytes, returning heap pointer 0x555570010790
milestone 33: syscall SBRK (process 3) -- hardware-recorded CS=0x1b (CPL=3) -- requested 224 bytes, returning heap pointer 0x555570010b98
milestone 35: syscall OPEN (process 3) -- hardware-recorded CS=0x1b (CPL=3) -- path='ccout1' -> fd 0
milestone 35: syscall FDWRITE (process 3) -- hardware-recorded CS=0x1b (CPL=3) -- fd=0 requested=214 accepted=214 bytes
milestone 35: syscall CLOSE (process 3) -- fd 0 was dirty, persisted 324 bytes to 'ccout1' on the real on-disk filesystem
milestone 35: syscall CLOSE (process 3) -- hardware-recorded CS=0x1b (CPL=3) -- fd=0 closed successfully
milestone 30: process forked-child -- user p4 index computed as 170 (code 0x555550000000, stack 0x555560000000)
milestone 30: process forked-child -- new pml4 0x178000 populated: 511 kernel-space entries shared, index 170 left private
milestone 30: process forked-child -- private code page mapped to frame 0x17a000, private stack page mapped to frame 0x176000
milestone 57: process forked-child -- private heap RESERVED (not mapped): 64 pages at 0x555570000000..0x55557003ffff, 0 physical frames committed until a real page fault demand-pages one
milestone 34: process forked-child -- copied 4096 image bytes into private code frame 0x17a000
milestone 37: fork() -- child's code frame 0x17a000 holds a REAL byte-for-byte copy of the parent's code frame 0x143000 (independently verifiable: same virtual address USER_CODE_ADDR under either process's own CR3, genuinely different physical frames)
milestone 69: fork() -- child also got 8 extra code page(s) REALLY remapped+copied (real fix -- see extra_frames' own doc comment on Process for the bug this closes; a multi-page ELF-loaded parent's pages beyond page 0 used to be silently dropped by fork())
milestone 37: syscall FORK (process 3, 'elf-loaded') -- created child pid 14: pml4=0x178000 code_frame=0x17a000 resume point rip=0x5555500012dd rsp=0x555560000eb8
milestone 37: syscall FORK (process 3) -- hardware-recorded CS=0x1b (CPL=3) -- created child pid 14
milestone 37: wait() -- switching CR3 to forked child pid 14's own pml4 0x178000, resuming at rip=0x5555500012dd rsp=0x555560000eb8 (its own fork()-time snapshot, rax forced to 0)
milestone 36: process exec'd -- ELF validated: e_entry=0x555550000078 falls inside a mapped segment, 1 PT_LOAD segment(s), 1 total page(s), all within private p4 index 170
milestone 36: process exec'd -- new pml4 0x18c000 populated: 511 kernel-space entries shared, index 170 left private
milestone 36: process exec'd -- mapped 1 PT_LOAD page(s): [(93824902758400, 1626112, 214, 5)]
milestone 36: process exec'd -- private stack page mapped to frame 0x191000
milestone 57: process exec'd -- private heap RESERVED (not mapped): 64 pages at 0x555570000000..0x55557003ffff, 0 physical frames committed until a real page fault demand-pages one
milestone 54: reclaim_process_frames('forked-child') -- freed 33 physical frame(s) back to the allocator's free list
milestone 45: syscall EXEC (process 14) -- REAL teardown-and-rebuild complete: new pml4=0x18c000, new entry=0x555550000078 (real parsed e_entry), fd table/parent_pid/pgid preserved, CR3 switched
milestone 45: syscall EXEC (process 14) -- hardware-recorded CS=0x1b (CPL=3) -- REAL teardown-and-rebuild from 'ccout1' (324 real ELF bytes read from the on-disk filesystem), new address space, jumping directly into the real parsed entry 0x555550000078, never returning to the old one
milestone 30: syscall EXIT -- hardware-recorded CS=0x1b (CPL=3) -- discarding ring-3 context, resuming kernel context
milestone 37: wait() -- forked child pid 14 resumed in kernel context (its own exit() syscall ran; CR3 is currently the KERNEL's own, restored to the parent's by wait_for_child() next)
milestone 54: reclaim_process_frames('exec'd') -- freed 7 physical frame(s) back to the allocator's free list
milestone 43: syscall WAIT (process 3) -- child pid 14 ran to completion and was reaped (real exit code 1), CR3 restored to parent's own pml4 0x135000
milestone 43: syscall WAIT (process 3) -- hardware-recorded CS=0x1b (CPL=3) -- reaped child pid 14, exited normally with code 1
milestone 31: syscall WRITE (process 3) -- hardware-recorded CS=0x1b (CPL=3) -- ptr=0x555550003c41 len=70 -- raw bytes >>>
  real on-disk ELF written, real fork()+exec()+wait() -- child exited=
<<< end of write (70 bytes)
milestone 33: syscall WRITE (process 3) also reads its own private heap at 0x555570000000 -- marker byte 0x00 (' ')
milestone 31: syscall WRITE (process 3) -- hardware-recorded CS=0x1b (CPL=3) -- ptr=0x5555500034c4 len=4 -- raw bytes >>>
true
<<< end of write (4 bytes)
milestone 33: syscall WRITE (process 3) also reads its own private heap at 0x555570000000 -- marker byte 0x00 (' ')
milestone 31: syscall WRITE (process 3) -- hardware-recorded CS=0x1b (CPL=3) -- ptr=0x5555500038ff len=16 -- raw bytes >>>
 real exit code=
<<< end of write (16 bytes)
milestone 33: syscall WRITE (process 3) also reads its own private heap at 0x555570000000 -- marker byte 0x00 (' ')
milestone 31: syscall WRITE (process 3) -- hardware-recorded CS=0x1b (CPL=3) -- ptr=0x555560000e97 len=1 -- raw bytes >>>
1
<<< end of write (1 bytes)
milestone 33: syscall WRITE (process 3) also reads its own private heap at 0x555570000000 -- marker byte 0x00 (' ')
milestone 31: syscall WRITE (process 3) -- hardware-recorded CS=0x1b (CPL=3) -- ptr=0x555550003c8c len=28 -- raw bytes >>>
 (expected exited=true code=
<<< end of write (28 bytes)
milestone 33: syscall WRITE (process 3) also reads its own private heap at 0x555570000000 -- marker byte 0x00 (' ')
milestone 31: syscall WRITE (process 3) -- hardware-recorded CS=0x1b (CPL=3) -- ptr=0x555560000e97 len=1 -- raw bytes >>>
1
<<< end of write (1 bytes)
milestone 33: syscall WRITE (process 3) also reads its own private heap at 0x555570000000 -- marker byte 0x00 (' ')
milestone 31: syscall WRITE (process 3) -- hardware-recorded CS=0x1b (CPL=3) -- ptr=0x555550003ca8 len=2 -- raw bytes >>>
)

<<< end of write (2 bytes)
milestone 33: syscall WRITE (process 3) also reads its own private heap at 0x555570000000 -- marker byte 0x00 (' ')
milestone 31: syscall WRITE (process 3) -- hardware-recorded CS=0x1b (CPL=3) -- ptr=0x555550004217 len=51 -- raw bytes >>>
case17_real_elf_exec_if_else_true_branch_returns_1=
<<< end of write (51 bytes)
milestone 33: syscall WRITE (process 3) also reads its own private heap at 0x555570000000 -- marker byte 0x00 (' ')
milestone 31: syscall WRITE (process 3) -- hardware-recorded CS=0x1b (CPL=3) -- ptr=0x5555500034c0 len=4 -- raw bytes >>>
PASS
<<< end of write (4 bytes)
milestone 33: syscall WRITE (process 3) also reads its own private heap at 0x555570000000 -- marker byte 0x00 (' ')
milestone 31: syscall WRITE (process 3) -- hardware-recorded CS=0x1b (CPL=3) -- ptr=0x5555500034d4 len=1 -- raw bytes >>>
 
<<< end of write (1 bytes)
milestone 33: syscall WRITE (process 3) also reads its own private heap at 0x555570000000 -- marker byte 0x00 (' ')
milestone 31: syscall WRITE (process 3) -- hardware-recorded CS=0x1b (CPL=3) -- ptr=0x5555500035bc len=1 -- raw bytes >>>


<<< end of write (1 bytes)
milestone 33: syscall WRITE (process 3) also reads its own private heap at 0x555570000000 -- marker byte 0x00 (' ')
milestone 33: syscall SBRK (process 3) -- hardware-recorded CS=0x1b (CPL=3) -- requested 3080 bytes, returning heap pointer 0x555570010c78
milestone 33: syscall SBRK (process 3) -- hardware-recorded CS=0x1b (CPL=3) -- requested 56 bytes, returning heap pointer 0x555570011880
milestone 57: demand-paged heap page 17 for process 3 (fault addr 0x555570011880) -- fresh zeroed physical frame 0x191000 mapped, resuming the faulting instruction
milestone 33: syscall SBRK (process 3) -- hardware-recorded CS=0x1b (CPL=3) -- requested 64 bytes, returning heap pointer 0x5555700118b8
milestone 33: syscall SBRK (process 3) -- hardware-recorded CS=0x1b (CPL=3) -- requested 56 bytes, returning heap pointer 0x5555700118f8
milestone 33: syscall SBRK (process 3) -- hardware-recorded CS=0x1b (CPL=3) -- requested 64 bytes, returning heap pointer 0x555570011930
milestone 33: syscall SBRK (process 3) -- hardware-recorded CS=0x1b (CPL=3) -- requested 64 bytes, returning heap pointer 0x555570011970
milestone 33: syscall SBRK (process 3) -- hardware-recorded CS=0x1b (CPL=3) -- requested 64 bytes, returning heap pointer 0x5555700119b0
milestone 33: syscall SBRK (process 3) -- hardware-recorded CS=0x1b (CPL=3) -- requested 64 bytes, returning heap pointer 0x5555700119f0
milestone 33: syscall SBRK (process 3) -- hardware-recorded CS=0x1b (CPL=3) -- requested 56 bytes, returning heap pointer 0x555570011a30
milestone 33: syscall SBRK (process 3) -- hardware-recorded CS=0x1b (CPL=3) -- requested 64 bytes, returning heap pointer 0x555570011a68
milestone 33: syscall SBRK (process 3) -- hardware-recorded CS=0x1b (CPL=3) -- requested 56 bytes, returning heap pointer 0x555570011aa8
milestone 33: syscall SBRK (process 3) -- hardware-recorded CS=0x1b (CPL=3) -- requested 56 bytes, returning heap pointer 0x555570011ae0
milestone 33: syscall SBRK (process 3) -- hardware-recorded CS=0x1b (CPL=3) -- requested 56 bytes, returning heap pointer 0x555570011b18
milestone 33: syscall SBRK (process 3) -- hardware-recorded CS=0x1b (CPL=3) -- requested 104 bytes, returning heap pointer 0x555570011b50
milestone 33: syscall SBRK (process 3) -- hardware-recorded CS=0x1b (CPL=3) -- requested 1032 bytes, returning heap pointer 0x555570011bb8
milestone 33: syscall SBRK (process 3) -- hardware-recorded CS=0x1b (CPL=3) -- requested 224 bytes, returning heap pointer 0x555570011fc0
milestone 57: demand-paged heap page 18 for process 3 (fault addr 0x555570012000) -- fresh zeroed physical frame 0x18d000 mapped, resuming the faulting instruction
milestone 35: syscall OPEN (process 3) -- hardware-recorded CS=0x1b (CPL=3) -- path='ccout1' -> fd 0
milestone 35: syscall FDWRITE (process 3) -- hardware-recorded CS=0x1b (CPL=3) -- fd=0 requested=214 accepted=214 bytes
milestone 35: syscall CLOSE (process 3) -- fd 0 was dirty, persisted 324 bytes to 'ccout1' on the real on-disk filesystem
milestone 35: syscall CLOSE (process 3) -- hardware-recorded CS=0x1b (CPL=3) -- fd=0 closed successfully
milestone 30: process forked-child -- user p4 index computed as 170 (code 0x555550000000, stack 0x555560000000)
milestone 30: process forked-child -- new pml4 0x18c000 populated: 511 kernel-space entries shared, index 170 left private
milestone 30: process forked-child -- private code page mapped to frame 0x18e000, private stack page mapped to frame 0x18f000
milestone 57: process forked-child -- private heap RESERVED (not mapped): 64 pages at 0x555570000000..0x55557003ffff, 0 physical frames committed until a real page fault demand-pages one
milestone 34: process forked-child -- copied 4096 image bytes into private code frame 0x18e000
milestone 37: fork() -- child's code frame 0x18e000 holds a REAL byte-for-byte copy of the parent's code frame 0x143000 (independently verifiable: same virtual address USER_CODE_ADDR under either process's own CR3, genuinely different physical frames)
milestone 69: fork() -- child also got 8 extra code page(s) REALLY remapped+copied (real fix -- see extra_frames' own doc comment on Process for the bug this closes; a multi-page ELF-loaded parent's pages beyond page 0 used to be silently dropped by fork())
milestone 37: syscall FORK (process 3, 'elf-loaded') -- created child pid 14: pml4=0x18c000 code_frame=0x18e000 resume point rip=0x5555500014c4 rsp=0x555560000eb8
milestone 37: syscall FORK (process 3) -- hardware-recorded CS=0x1b (CPL=3) -- created child pid 14
milestone 37: wait() -- switching CR3 to forked child pid 14's own pml4 0x18c000, resuming at rip=0x5555500014c4 rsp=0x555560000eb8 (its own fork()-time snapshot, rax forced to 0)
milestone 36: process exec'd -- ELF validated: e_entry=0x555550000078 falls inside a mapped segment, 1 PT_LOAD segment(s), 1 total page(s), all within private p4 index 170
milestone 36: process exec'd -- new pml4 0x16f000 populated: 511 kernel-space entries shared, index 170 left private
milestone 36: process exec'd -- mapped 1 PT_LOAD page(s): [(93824902758400, 1511424, 214, 5)]
milestone 36: process exec'd -- private stack page mapped to frame 0x195000
milestone 57: process exec'd -- private heap RESERVED (not mapped): 64 pages at 0x555570000000..0x55557003ffff, 0 physical frames committed until a real page fault demand-pages one
milestone 54: reclaim_process_frames('forked-child') -- freed 35 physical frame(s) back to the allocator's free list
milestone 45: syscall EXEC (process 14) -- REAL teardown-and-rebuild complete: new pml4=0x16f000, new entry=0x555550000078 (real parsed e_entry), fd table/parent_pid/pgid preserved, CR3 switched
milestone 45: syscall EXEC (process 14) -- hardware-recorded CS=0x1b (CPL=3) -- REAL teardown-and-rebuild from 'ccout1' (324 real ELF bytes read from the on-disk filesystem), new address space, jumping directly into the real parsed entry 0x555550000078, never returning to the old one
milestone 30: syscall EXIT -- hardware-recorded CS=0x1b (CPL=3) -- discarding ring-3 context, resuming kernel context
milestone 37: wait() -- forked child pid 14 resumed in kernel context (its own exit() syscall ran; CR3 is currently the KERNEL's own, restored to the parent's by wait_for_child() next)
milestone 54: reclaim_process_frames('exec'd') -- freed 7 physical frame(s) back to the allocator's free list
milestone 43: syscall WAIT (process 3) -- child pid 14 ran to completion and was reaped (real exit code 0), CR3 restored to parent's own pml4 0x135000
milestone 43: syscall WAIT (process 3) -- hardware-recorded CS=0x1b (CPL=3) -- reaped child pid 14, exited normally with code 0
milestone 31: syscall WRITE (process 3) -- hardware-recorded CS=0x1b (CPL=3) -- ptr=0x555550003c41 len=70 -- raw bytes >>>
  real on-disk ELF written, real fork()+exec()+wait() -- child exited=
<<< end of write (70 bytes)
milestone 33: syscall WRITE (process 3) also reads its own private heap at 0x555570000000 -- marker byte 0x00 (' ')
milestone 31: syscall WRITE (process 3) -- hardware-recorded CS=0x1b (CPL=3) -- ptr=0x5555500034c4 len=4 -- raw bytes >>>
true
<<< end of write (4 bytes)
milestone 33: syscall WRITE (process 3) also reads its own private heap at 0x555570000000 -- marker byte 0x00 (' ')
milestone 31: syscall WRITE (process 3) -- hardware-recorded CS=0x1b (CPL=3) -- ptr=0x5555500038ff len=16 -- raw bytes >>>
 real exit code=
<<< end of write (16 bytes)
milestone 33: syscall WRITE (process 3) also reads its own private heap at 0x555570000000 -- marker byte 0x00 (' ')
milestone 31: syscall WRITE (process 3) -- hardware-recorded CS=0x1b (CPL=3) -- ptr=0x5555500034d5 len=1 -- raw bytes >>>
0
<<< end of write (1 bytes)
milestone 33: syscall WRITE (process 3) also reads its own private heap at 0x555570000000 -- marker byte 0x00 (' ')
milestone 31: syscall WRITE (process 3) -- hardware-recorded CS=0x1b (CPL=3) -- ptr=0x555550003c8c len=28 -- raw bytes >>>
 (expected exited=true code=
<<< end of write (28 bytes)
milestone 33: syscall WRITE (process 3) also reads its own private heap at 0x555570000000 -- marker byte 0x00 (' ')
milestone 31: syscall WRITE (process 3) -- hardware-recorded CS=0x1b (CPL=3) -- ptr=0x5555500034d5 len=1 -- raw bytes >>>
0
<<< end of write (1 bytes)
milestone 33: syscall WRITE (process 3) also reads its own private heap at 0x555570000000 -- marker byte 0x00 (' ')
milestone 31: syscall WRITE (process 3) -- hardware-recorded CS=0x1b (CPL=3) -- ptr=0x555550003ca8 len=2 -- raw bytes >>>
)

<<< end of write (2 bytes)
milestone 33: syscall WRITE (process 3) also reads its own private heap at 0x555570000000 -- marker byte 0x00 (' ')
milestone 31: syscall WRITE (process 3) -- hardware-recorded CS=0x1b (CPL=3) -- ptr=0x555550004271 len=52 -- raw bytes >>>
case18_real_elf_exec_if_else_false_branch_returns_0=
<<< end of write (52 bytes)
milestone 33: syscall WRITE (process 3) also reads its own private heap at 0x555570000000 -- marker byte 0x00 (' ')
milestone 31: syscall WRITE (process 3) -- hardware-recorded CS=0x1b (CPL=3) -- ptr=0x5555500034c0 len=4 -- raw bytes >>>
PASS
<<< end of write (4 bytes)
milestone 33: syscall WRITE (process 3) also reads its own private heap at 0x555570000000 -- marker byte 0x00 (' ')
milestone 31: syscall WRITE (process 3) -- hardware-recorded CS=0x1b (CPL=3) -- ptr=0x5555500034d4 len=1 -- raw bytes >>>
 
<<< end of write (1 bytes)
milestone 33: syscall WRITE (process 3) also reads its own private heap at 0x555570000000 -- marker byte 0x00 (' ')
milestone 31: syscall WRITE (process 3) -- hardware-recorded CS=0x1b (CPL=3) -- ptr=0x5555500035bc len=1 -- raw bytes >>>


<<< end of write (1 bytes)
milestone 33: syscall WRITE (process 3) also reads its own private heap at 0x555570000000 -- marker byte 0x00 (' ')
milestone 31: syscall WRITE (process 3) -- hardware-recorded CS=0x1b (CPL=3) -- ptr=0x5555500042a5 len=12 -- raw bytes >>>
OVERALL_M70=
<<< end of write (12 bytes)
milestone 33: syscall WRITE (process 3) also reads its own private heap at 0x555570000000 -- marker byte 0x00 (' ')
milestone 31: syscall WRITE (process 3) -- hardware-recorded CS=0x1b (CPL=3) -- ptr=0x5555500034c0 len=4 -- raw bytes >>>
PASS
<<< end of write (4 bytes)
milestone 33: syscall WRITE (process 3) also reads its own private heap at 0x555570000000 -- marker byte 0x00 (' ')
milestone 31: syscall WRITE (process 3) -- hardware-recorded CS=0x1b (CPL=3) -- ptr=0x5555500035bc len=1 -- raw bytes >>>


<<< end of write (1 bytes)
milestone 33: syscall WRITE (process 3) also reads its own private heap at 0x555570000000 -- marker byte 0x00 (' ')
milestone 31: syscall WRITE (process 3) -- hardware-recorded CS=0x1b (CPL=3) -- ptr=0x5555500042b1 len=67 -- raw bytes >>>
milestone 71: cc while-loops (real backward-jump codegen) starting

<<< end of write (67 bytes)
milestone 33: syscall WRITE (process 3) also reads its own private heap at 0x555570000000 -- marker byte 0x00 (' ')
milestone 33: syscall SBRK (process 3) -- hardware-recorded CS=0x1b (CPL=3) -- requested 3080 bytes, returning heap pointer 0x5555700120a0
milestone 33: syscall SBRK (process 3) -- hardware-recorded CS=0x1b (CPL=3) -- requested 56 bytes, returning heap pointer 0x555570012ca8
milestone 33: syscall SBRK (process 3) -- hardware-recorded CS=0x1b (CPL=3) -- requested 56 bytes, returning heap pointer 0x555570012ce0
milestone 33: syscall SBRK (process 3) -- hardware-recorded CS=0x1b (CPL=3) -- requested 64 bytes, returning heap pointer 0x555570012d18
milestone 33: syscall SBRK (process 3) -- hardware-recorded CS=0x1b (CPL=3) -- requested 56 bytes, returning heap pointer 0x555570012d58
milestone 33: syscall SBRK (process 3) -- hardware-recorded CS=0x1b (CPL=3) -- requested 64 bytes, returning heap pointer 0x555570012d90
milestone 33: syscall SBRK (process 3) -- hardware-recorded CS=0x1b (CPL=3) -- requested 56 bytes, returning heap pointer 0x555570012dd0
milestone 33: syscall SBRK (process 3) -- hardware-recorded CS=0x1b (CPL=3) -- requested 64 bytes, returning heap pointer 0x555570012e08
milestone 33: syscall SBRK (process 3) -- hardware-recorded CS=0x1b (CPL=3) -- requested 64 bytes, returning heap pointer 0x555570012e48
milestone 33: syscall SBRK (process 3) -- hardware-recorded CS=0x1b (CPL=3) -- requested 64 bytes, returning heap pointer 0x555570012e88
milestone 33: syscall SBRK (process 3) -- hardware-recorded CS=0x1b (CPL=3) -- requested 64 bytes, returning heap pointer 0x555570012ec8
milestone 33: syscall SBRK (process 3) -- hardware-recorded CS=0x1b (CPL=3) -- requested 64 bytes, returning heap pointer 0x555570012f08
milestone 33: syscall SBRK (process 3) -- hardware-recorded CS=0x1b (CPL=3) -- requested 64 bytes, returning heap pointer 0x555570012f48
milestone 33: syscall SBRK (process 3) -- hardware-recorded CS=0x1b (CPL=3) -- requested 56 bytes, returning heap pointer 0x555570012f88
milestone 33: syscall SBRK (process 3) -- hardware-recorded CS=0x1b (CPL=3) -- requested 64 bytes, returning heap pointer 0x555570012fc0
milestone 33: syscall SBRK (process 3) -- hardware-recorded CS=0x1b (CPL=3) -- requested 64 bytes, returning heap pointer 0x555570013000
milestone 57: demand-paged heap page 19 for process 3 (fault addr 0x555570013000) -- fresh zeroed physical frame 0x195000 mapped, resuming the faulting instruction
milestone 33: syscall SBRK (process 3) -- hardware-recorded CS=0x1b (CPL=3) -- requested 64 bytes, returning heap pointer 0x555570013040
milestone 33: syscall SBRK (process 3) -- hardware-recorded CS=0x1b (CPL=3) -- requested 56 bytes, returning heap pointer 0x555570013080
milestone 33: syscall SBRK (process 3) -- hardware-recorded CS=0x1b (CPL=3) -- requested 56 bytes, returning heap pointer 0x5555700130b8
milestone 33: syscall SBRK (process 3) -- hardware-recorded CS=0x1b (CPL=3) -- requested 64 bytes, returning heap pointer 0x5555700130f0
milestone 33: syscall SBRK (process 3) -- hardware-recorded CS=0x1b (CPL=3) -- requested 56 bytes, returning heap pointer 0x555570013130
milestone 33: syscall SBRK (process 3) -- hardware-recorded CS=0x1b (CPL=3) -- requested 56 bytes, returning heap pointer 0x555570013168
milestone 33: syscall SBRK (process 3) -- hardware-recorded CS=0x1b (CPL=3) -- requested 104 bytes, returning heap pointer 0x5555700131a0
milestone 33: syscall SBRK (process 3) -- hardware-recorded CS=0x1b (CPL=3) -- requested 1032 bytes, returning heap pointer 0x555570013208
milestone 31: syscall WRITE (process 3) -- hardware-recorded CS=0x1b (CPL=3) -- ptr=0x555550004340 len=39 -- raw bytes >>>
  case19 (sum 1..5 via while) returned=
<<< end of write (39 bytes)
milestone 33: syscall WRITE (process 3) also reads its own private heap at 0x555570000000 -- marker byte 0x00 (' ')
milestone 31: syscall WRITE (process 3) -- hardware-recorded CS=0x1b (CPL=3) -- ptr=0x555560000e97 len=1 -- raw bytes >>>
1
<<< end of write (1 bytes)
milestone 33: syscall WRITE (process 3) also reads its own private heap at 0x555570000000 -- marker byte 0x00 (' ')
milestone 31: syscall WRITE (process 3) -- hardware-recorded CS=0x1b (CPL=3) -- ptr=0x555560000e97 len=1 -- raw bytes >>>
5
<<< end of write (1 bytes)
milestone 33: syscall WRITE (process 3) also reads its own private heap at 0x555570000000 -- marker byte 0x00 (' ')
milestone 31: syscall WRITE (process 3) -- hardware-recorded CS=0x1b (CPL=3) -- ptr=0x555550004367 len=15 -- raw bytes >>>
 (expected 15)

<<< end of write (15 bytes)
milestone 33: syscall WRITE (process 3) also reads its own private heap at 0x555570000000 -- marker byte 0x00 (' ')
milestone 31: syscall WRITE (process 3) -- hardware-recorded CS=0x1b (CPL=3) -- ptr=0x555550004376 len=35 -- raw bytes >>>
case19_while_sum_1_to_5_returns_15=
<<< end of write (35 bytes)
milestone 33: syscall WRITE (process 3) also reads its own private heap at 0x555570000000 -- marker byte 0x00 (' ')
milestone 31: syscall WRITE (process 3) -- hardware-recorded CS=0x1b (CPL=3) -- ptr=0x5555500034c0 len=4 -- raw bytes >>>
PASS
<<< end of write (4 bytes)
milestone 33: syscall WRITE (process 3) also reads its own private heap at 0x555570000000 -- marker byte 0x00 (' ')
milestone 31: syscall WRITE (process 3) -- hardware-recorded CS=0x1b (CPL=3) -- ptr=0x5555500034d4 len=1 -- raw bytes >>>
 
<<< end of write (1 bytes)
milestone 33: syscall WRITE (process 3) also reads its own private heap at 0x555570000000 -- marker byte 0x00 (' ')
milestone 31: syscall WRITE (process 3) -- hardware-recorded CS=0x1b (CPL=3) -- ptr=0x5555500035bc len=1 -- raw bytes >>>


<<< end of write (1 bytes)
milestone 33: syscall WRITE (process 3) also reads its own private heap at 0x555570000000 -- marker byte 0x00 (' ')
milestone 33: syscall SBRK (process 3) -- hardware-recorded CS=0x1b (CPL=3) -- requested 3080 bytes, returning heap pointer 0x555570013610
milestone 33: syscall SBRK (process 3) -- hardware-recorded CS=0x1b (CPL=3) -- requested 56 bytes, returning heap pointer 0x555570014218
milestone 57: demand-paged heap page 20 for process 3 (fault addr 0x555570014218) -- fresh zeroed physical frame 0x171000 mapped, resuming the faulting instruction
milestone 33: syscall SBRK (process 3) -- hardware-recorded CS=0x1b (CPL=3) -- requested 56 bytes, returning heap pointer 0x555570014250
milestone 33: syscall SBRK (process 3) -- hardware-recorded CS=0x1b (CPL=3) -- requested 64 bytes, returning heap pointer 0x555570014288
milestone 33: syscall SBRK (process 3) -- hardware-recorded CS=0x1b (CPL=3) -- requested 56 bytes, returning heap pointer 0x5555700142c8
milestone 33: syscall SBRK (process 3) -- hardware-recorded CS=0x1b (CPL=3) -- requested 64 bytes, returning heap pointer 0x555570014300
milestone 33: syscall SBRK (process 3) -- hardware-recorded CS=0x1b (CPL=3) -- requested 56 bytes, returning heap pointer 0x555570014340
milestone 33: syscall SBRK (process 3) -- hardware-recorded CS=0x1b (CPL=3) -- requested 64 bytes, returning heap pointer 0x555570014378
milestone 33: syscall SBRK (process 3) -- hardware-recorded CS=0x1b (CPL=3) -- requested 64 bytes, returning heap pointer 0x5555700143b8
milestone 33: syscall SBRK (process 3) -- hardware-recorded CS=0x1b (CPL=3) -- requested 64 bytes, returning heap pointer 0x5555700143f8
milestone 33: syscall SBRK (process 3) -- hardware-recorded CS=0x1b (CPL=3) -- requested 64 bytes, returning heap pointer 0x555570014438
milestone 33: syscall SBRK (process 3) -- hardware-recorded CS=0x1b (CPL=3) -- requested 56 bytes, returning heap pointer 0x555570014478
milestone 33: syscall SBRK (process 3) -- hardware-recorded CS=0x1b (CPL=3) -- requested 64 bytes, returning heap pointer 0x5555700144b0
milestone 33: syscall SBRK (process 3) -- hardware-recorded CS=0x1b (CPL=3) -- requested 64 bytes, returning heap pointer 0x5555700144f0
milestone 33: syscall SBRK (process 3) -- hardware-recorded CS=0x1b (CPL=3) -- requested 64 bytes, returning heap pointer 0x555570014530
milestone 33: syscall SBRK (process 3) -- hardware-recorded CS=0x1b (CPL=3) -- requested 56 bytes, returning heap pointer 0x555570014570
milestone 33: syscall SBRK (process 3) -- hardware-recorded CS=0x1b (CPL=3) -- requested 56 bytes, returning heap pointer 0x5555700145a8
milestone 33: syscall SBRK (process 3) -- hardware-recorded CS=0x1b (CPL=3) -- requested 64 bytes, returning heap pointer 0x5555700145e0
milestone 33: syscall SBRK (process 3) -- hardware-recorded CS=0x1b (CPL=3) -- requested 56 bytes, returning heap pointer 0x555570014620
milestone 33: syscall SBRK (process 3) -- hardware-recorded CS=0x1b (CPL=3) -- requested 56 bytes, returning heap pointer 0x555570014658
milestone 33: syscall SBRK (process 3) -- hardware-recorded CS=0x1b (CPL=3) -- requested 104 bytes, returning heap pointer 0x555570014690
milestone 33: syscall SBRK (process 3) -- hardware-recorded CS=0x1b (CPL=3) -- requested 1032 bytes, returning heap pointer 0x5555700146f8
milestone 31: syscall WRITE (process 3) -- hardware-recorded CS=0x1b (CPL=3) -- ptr=0x5555500043e2 len=74 -- raw bytes >>>
  case20 (while condition false from the start, zero iterations) returned=
<<< end of write (74 bytes)
milestone 33: syscall WRITE (process 3) also reads its own private heap at 0x555570000000 -- marker byte 0x00 (' ')
milestone 31: syscall WRITE (process 3) -- hardware-recorded CS=0x1b (CPL=3) -- ptr=0x555560000e97 len=1 -- raw bytes >>>
9
<<< end of write (1 bytes)
milestone 33: syscall WRITE (process 3) also reads its own private heap at 0x555570000000 -- marker byte 0x00 (' ')
milestone 31: syscall WRITE (process 3) -- hardware-recorded CS=0x1b (CPL=3) -- ptr=0x555560000e97 len=1 -- raw bytes >>>
9
<<< end of write (1 bytes)
milestone 33: syscall WRITE (process 3) also reads its own private heap at 0x555570000000 -- marker byte 0x00 (' ')
milestone 31: syscall WRITE (process 3) -- hardware-recorded CS=0x1b (CPL=3) -- ptr=0x55555000442c len=26 -- raw bytes >>>
 (expected 99, unchanged)

<<< end of write (26 bytes)
milestone 33: syscall WRITE (process 3) also reads its own private heap at 0x555570000000 -- marker byte 0x00 (' ')
milestone 31: syscall WRITE (process 3) -- hardware-recorded CS=0x1b (CPL=3) -- ptr=0x555550004446 len=40 -- raw bytes >>>
case20_while_zero_iterations_returns_99=
<<< end of write (40 bytes)
milestone 33: syscall WRITE (process 3) also reads its own private heap at 0x555570000000 -- marker byte 0x00 (' ')
milestone 31: syscall WRITE (process 3) -- hardware-recorded CS=0x1b (CPL=3) -- ptr=0x5555500034c0 len=4 -- raw bytes >>>
PASS
<<< end of write (4 bytes)
milestone 33: syscall WRITE (process 3) also reads its own private heap at 0x555570000000 -- marker byte 0x00 (' ')
milestone 31: syscall WRITE (process 3) -- hardware-recorded CS=0x1b (CPL=3) -- ptr=0x5555500034d4 len=1 -- raw bytes >>>
 
<<< end of write (1 bytes)
milestone 33: syscall WRITE (process 3) also reads its own private heap at 0x555570000000 -- marker byte 0x00 (' ')
milestone 31: syscall WRITE (process 3) -- hardware-recorded CS=0x1b (CPL=3) -- ptr=0x5555500035bc len=1 -- raw bytes >>>


<<< end of write (1 bytes)
milestone 33: syscall WRITE (process 3) also reads its own private heap at 0x555570000000 -- marker byte 0x00 (' ')
milestone 33: syscall SBRK (process 3) -- hardware-recorded CS=0x1b (CPL=3) -- requested 3080 bytes, returning heap pointer 0x555570014b00
milestone 33: syscall SBRK (process 3) -- hardware-recorded CS=0x1b (CPL=3) -- requested 56 bytes, returning heap pointer 0x555570015708
milestone 57: demand-paged heap page 21 for process 3 (fault addr 0x555570015708) -- fresh zeroed physical frame 0x16f000 mapped, resuming the faulting instruction
milestone 33: syscall SBRK (process 3) -- hardware-recorded CS=0x1b (CPL=3) -- requested 56 bytes, returning heap pointer 0x555570015740
milestone 33: syscall SBRK (process 3) -- hardware-recorded CS=0x1b (CPL=3) -- requested 64 bytes, returning heap pointer 0x555570015778
milestone 33: syscall SBRK (process 3) -- hardware-recorded CS=0x1b (CPL=3) -- requested 56 bytes, returning heap pointer 0x5555700157b8
milestone 33: syscall SBRK (process 3) -- hardware-recorded CS=0x1b (CPL=3) -- requested 64 bytes, returning heap pointer 0x5555700157f0
milestone 33: syscall SBRK (process 3) -- hardware-recorded CS=0x1b (CPL=3) -- requested 56 bytes, returning heap pointer 0x555570015830
milestone 33: syscall SBRK (process 3) -- hardware-recorded CS=0x1b (CPL=3) -- requested 64 bytes, returning heap pointer 0x555570015868
milestone 33: syscall SBRK (process 3) -- hardware-recorded CS=0x1b (CPL=3) -- requested 64 bytes, returning heap pointer 0x5555700158a8
milestone 33: syscall SBRK (process 3) -- hardware-recorded CS=0x1b (CPL=3) -- requested 64 bytes, returning heap pointer 0x5555700158e8
milestone 33: syscall SBRK (process 3) -- hardware-recorded CS=0x1b (CPL=3) -- requested 64 bytes, returning heap pointer 0x555570015928
milestone 33: syscall SBRK (process 3) -- hardware-recorded CS=0x1b (CPL=3) -- requested 64 bytes, returning heap pointer 0x555570015968
milestone 33: syscall SBRK (process 3) -- hardware-recorded CS=0x1b (CPL=3) -- requested 64 bytes, returning heap pointer 0x5555700159a8
milestone 33: syscall SBRK (process 3) -- hardware-recorded CS=0x1b (CPL=3) -- requested 64 bytes, returning heap pointer 0x5555700159e8
milestone 33: syscall SBRK (process 3) -- hardware-recorded CS=0x1b (CPL=3) -- requested 64 bytes, returning heap pointer 0x555570015a28
milestone 33: syscall SBRK (process 3) -- hardware-recorded CS=0x1b (CPL=3) -- requested 64 bytes, returning heap pointer 0x555570015a68
milestone 33: syscall SBRK (process 3) -- hardware-recorded CS=0x1b (CPL=3) -- requested 56 bytes, returning heap pointer 0x555570015aa8
milestone 33: syscall SBRK (process 3) -- hardware-recorded CS=0x1b (CPL=3) -- requested 56 bytes, returning heap pointer 0x555570015ae0
milestone 33: syscall SBRK (process 3) -- hardware-recorded CS=0x1b (CPL=3) -- requested 64 bytes, returning heap pointer 0x555570015b18
milestone 33: syscall SBRK (process 3) -- hardware-recorded CS=0x1b (CPL=3) -- requested 64 bytes, returning heap pointer 0x555570015b58
milestone 33: syscall SBRK (process 3) -- hardware-recorded CS=0x1b (CPL=3) -- requested 64 bytes, returning heap pointer 0x555570015b98
milestone 33: syscall SBRK (process 3) -- hardware-recorded CS=0x1b (CPL=3) -- requested 56 bytes, returning heap pointer 0x555570015bd8
milestone 33: syscall SBRK (process 3) -- hardware-recorded CS=0x1b (CPL=3) -- requested 56 bytes, returning heap pointer 0x555570015c10
milestone 33: syscall SBRK (process 3) -- hardware-recorded CS=0x1b (CPL=3) -- requested 64 bytes, returning heap pointer 0x555570015c48
milestone 33: syscall SBRK (process 3) -- hardware-recorded CS=0x1b (CPL=3) -- requested 56 bytes, returning heap pointer 0x555570015c88
milestone 33: syscall SBRK (process 3) -- hardware-recorded CS=0x1b (CPL=3) -- requested 56 bytes, returning heap pointer 0x555570015cc0
milestone 33: syscall SBRK (process 3) -- hardware-recorded CS=0x1b (CPL=3) -- requested 104 bytes, returning heap pointer 0x555570015cf8
milestone 33: syscall SBRK (process 3) -- hardware-recorded CS=0x1b (CPL=3) -- requested 1032 bytes, returning heap pointer 0x555570015d60
milestone 31: syscall WRITE (process 3) -- hardware-recorded CS=0x1b (CPL=3) -- ptr=0x5555500044ce len=61 -- raw bytes >>>
  case21 (if nested inside while, counts i==3 only) returned=
<<< end of write (61 bytes)
milestone 33: syscall WRITE (process 3) also reads its own private heap at 0x555570000000 -- marker byte 0x00 (' ')
milestone 31: syscall WRITE (process 3) -- hardware-recorded CS=0x1b (CPL=3) -- ptr=0x555560000e97 len=1 -- raw bytes >>>
1
<<< end of write (1 bytes)
milestone 33: syscall WRITE (process 3) also reads its own private heap at 0x555570000000 -- marker byte 0x00 (' ')
milestone 31: syscall WRITE (process 3) -- hardware-recorded CS=0x1b (CPL=3) -- ptr=0x555550003ffd len=14 -- raw bytes >>>
 (expected 1)

<<< end of write (14 bytes)
milestone 33: syscall WRITE (process 3) also reads its own private heap at 0x555570000000 -- marker byte 0x00 (' ')
milestone 31: syscall WRITE (process 3) -- hardware-recorded CS=0x1b (CPL=3) -- ptr=0x55555000450b len=36 -- raw bytes >>>
case21_if_nested_in_while_returns_1=
<<< end of write (36 bytes)
milestone 33: syscall WRITE (process 3) also reads its own private heap at 0x555570000000 -- marker byte 0x00 (' ')
milestone 31: syscall WRITE (process 3) -- hardware-recorded CS=0x1b (CPL=3) -- ptr=0x5555500034c0 len=4 -- raw bytes >>>
PASS
<<< end of write (4 bytes)
milestone 33: syscall WRITE (process 3) also reads its own private heap at 0x555570000000 -- marker byte 0x00 (' ')
milestone 31: syscall WRITE (process 3) -- hardware-recorded CS=0x1b (CPL=3) -- ptr=0x5555500034d4 len=1 -- raw bytes >>>
 
<<< end of write (1 bytes)
milestone 33: syscall WRITE (process 3) also reads its own private heap at 0x555570000000 -- marker byte 0x00 (' ')
milestone 31: syscall WRITE (process 3) -- hardware-recorded CS=0x1b (CPL=3) -- ptr=0x5555500035bc len=1 -- raw bytes >>>


<<< end of write (1 bytes)
milestone 33: syscall WRITE (process 3) also reads its own private heap at 0x555570000000 -- marker byte 0x00 (' ')
milestone 33: syscall SBRK (process 3) -- hardware-recorded CS=0x1b (CPL=3) -- requested 3080 bytes, returning heap pointer 0x555570016168
milestone 57: demand-paged heap page 22 for process 3 (fault addr 0x555570016168) -- fresh zeroed physical frame 0x172000 mapped, resuming the faulting instruction
milestone 33: syscall SBRK (process 3) -- hardware-recorded CS=0x1b (CPL=3) -- requested 56 bytes, returning heap pointer 0x555570016d70
milestone 33: syscall SBRK (process 3) -- hardware-recorded CS=0x1b (CPL=3) -- requested 56 bytes, returning heap pointer 0x555570016da8
milestone 33: syscall SBRK (process 3) -- hardware-recorded CS=0x1b (CPL=3) -- requested 64 bytes, returning heap pointer 0x555570016de0
milestone 33: syscall SBRK (process 3) -- hardware-recorded CS=0x1b (CPL=3) -- requested 56 bytes, returning heap pointer 0x555570016e20
milestone 33: syscall SBRK (process 3) -- hardware-recorded CS=0x1b (CPL=3) -- requested 64 bytes, returning heap pointer 0x555570016e58
milestone 33: syscall SBRK (process 3) -- hardware-recorded CS=0x1b (CPL=3) -- requested 56 bytes, returning heap pointer 0x555570016e98
milestone 33: syscall SBRK (process 3) -- hardware-recorded CS=0x1b (CPL=3) -- requested 64 bytes, returning heap pointer 0x555570016ed0
milestone 33: syscall SBRK (process 3) -- hardware-recorded CS=0x1b (CPL=3) -- requested 64 bytes, returning heap pointer 0x555570016f10
milestone 33: syscall SBRK (process 3) -- hardware-recorded CS=0x1b (CPL=3) -- requested 64 bytes, returning heap pointer 0x555570016f50
milestone 33: syscall SBRK (process 3) -- hardware-recorded CS=0x1b (CPL=3) -- requested 64 bytes, returning heap pointer 0x555570016f90
milestone 33: syscall SBRK (process 3) -- hardware-recorded CS=0x1b (CPL=3) -- requested 64 bytes, returning heap pointer 0x555570016fd0
milestone 57: demand-paged heap page 23 for process 3 (fault addr 0x555570017008) -- fresh zeroed physical frame 0x193000 mapped, resuming the faulting instruction
milestone 33: syscall SBRK (process 3) -- hardware-recorded CS=0x1b (CPL=3) -- requested 64 bytes, returning heap pointer 0x555570017010
milestone 33: syscall SBRK (process 3) -- hardware-recorded CS=0x1b (CPL=3) -- requested 56 bytes, returning heap pointer 0x555570017050
milestone 33: syscall SBRK (process 3) -- hardware-recorded CS=0x1b (CPL=3) -- requested 64 bytes, returning heap pointer 0x555570017088
milestone 33: syscall SBRK (process 3) -- hardware-recorded CS=0x1b (CPL=3) -- requested 64 bytes, returning heap pointer 0x5555700170c8
milestone 33: syscall SBRK (process 3) -- hardware-recorded CS=0x1b (CPL=3) -- requested 64 bytes, returning heap pointer 0x555570017108
milestone 33: syscall SBRK (process 3) -- hardware-recorded CS=0x1b (CPL=3) -- requested 56 bytes, returning heap pointer 0x555570017148
milestone 33: syscall SBRK (process 3) -- hardware-recorded CS=0x1b (CPL=3) -- requested 56 bytes, returning heap pointer 0x555570017180
milestone 33: syscall SBRK (process 3) -- hardware-recorded CS=0x1b (CPL=3) -- requested 64 bytes, returning heap pointer 0x5555700171b8
milestone 33: syscall SBRK (process 3) -- hardware-recorded CS=0x1b (CPL=3) -- requested 56 bytes, returning heap pointer 0x5555700171f8
milestone 33: syscall SBRK (process 3) -- hardware-recorded CS=0x1b (CPL=3) -- requested 56 bytes, returning heap pointer 0x555570017230
milestone 33: syscall SBRK (process 3) -- hardware-recorded CS=0x1b (CPL=3) -- requested 104 bytes, returning heap pointer 0x555570017268
milestone 33: syscall SBRK (process 3) -- hardware-recorded CS=0x1b (CPL=3) -- requested 1032 bytes, returning heap pointer 0x5555700172d0
milestone 33: syscall SBRK (process 3) -- hardware-recorded CS=0x1b (CPL=3) -- requested 256 bytes, returning heap pointer 0x5555700176d8
milestone 35: syscall OPEN (process 3) -- hardware-recorded CS=0x1b (CPL=3) -- path='ccout1' -> fd 0
milestone 35: syscall FDWRITE (process 3) -- hardware-recorded CS=0x1b (CPL=3) -- fd=0 requested=248 accepted=248 bytes
milestone 35: syscall CLOSE (process 3) -- fd 0 was dirty, persisted 324 bytes to 'ccout1' on the real on-disk filesystem
milestone 35: syscall CLOSE (process 3) -- hardware-recorded CS=0x1b (CPL=3) -- fd=0 closed successfully
milestone 30: process forked-child -- user p4 index computed as 170 (code 0x555550000000, stack 0x555560000000)
milestone 30: process forked-child -- new pml4 0x196000 populated: 511 kernel-space entries shared, index 170 left private
milestone 30: process forked-child -- private code page mapped to frame 0x194000, private stack page mapped to frame 0x173000
milestone 57: process forked-child -- private heap RESERVED (not mapped): 64 pages at 0x555570000000..0x55557003ffff, 0 physical frames committed until a real page fault demand-pages one
milestone 34: process forked-child -- copied 4096 image bytes into private code frame 0x194000
milestone 37: fork() -- child's code frame 0x194000 holds a REAL byte-for-byte copy of the parent's code frame 0x143000 (independently verifiable: same virtual address USER_CODE_ADDR under either process's own CR3, genuinely different physical frames)
milestone 69: fork() -- child also got 8 extra code page(s) REALLY remapped+copied (real fix -- see extra_frames' own doc comment on Process for the bug this closes; a multi-page ELF-loaded parent's pages beyond page 0 used to be silently dropped by fork())
milestone 37: syscall FORK (process 3, 'elf-loaded') -- created child pid 14: pml4=0x196000 code_frame=0x194000 resume point rip=0x55555000193b rsp=0x555560000eb8
milestone 37: syscall FORK (process 3) -- hardware-recorded CS=0x1b (CPL=3) -- created child pid 14
milestone 37: wait() -- switching CR3 to forked child pid 14's own pml4 0x196000, resuming at rip=0x55555000193b rsp=0x555560000eb8 (its own fork()-time snapshot, rax forced to 0)
milestone 36: process exec'd -- ELF validated: e_entry=0x555550000078 falls inside a mapped segment, 1 PT_LOAD segment(s), 1 total page(s), all within private p4 index 170
milestone 36: process exec'd -- new pml4 0x19a000 populated: 511 kernel-space entries shared, index 170 left private
milestone 36: process exec'd -- mapped 1 PT_LOAD page(s): [(93824902758400, 1683456, 248, 5)]
milestone 36: process exec'd -- private stack page mapped to frame 0x19f000
milestone 57: process exec'd -- private heap RESERVED (not mapped): 64 pages at 0x555570000000..0x55557003ffff, 0 physical frames committed until a real page fault demand-pages one
milestone 54: reclaim_process_frames('forked-child') -- freed 40 physical frame(s) back to the allocator's free list
milestone 45: syscall EXEC (process 14) -- REAL teardown-and-rebuild complete: new pml4=0x19a000, new entry=0x555550000078 (real parsed e_entry), fd table/parent_pid/pgid preserved, CR3 switched
milestone 45: syscall EXEC (process 14) -- hardware-recorded CS=0x1b (CPL=3) -- REAL teardown-and-rebuild from 'ccout1' (324 real ELF bytes read from the on-disk filesystem), new address space, jumping directly into the real parsed entry 0x555550000078, never returning to the old one
milestone 30: syscall EXIT -- hardware-recorded CS=0x1b (CPL=3) -- discarding ring-3 context, resuming kernel context
milestone 37: wait() -- forked child pid 14 resumed in kernel context (its own exit() syscall ran; CR3 is currently the KERNEL's own, restored to the parent's by wait_for_child() next)
milestone 54: reclaim_process_frames('exec'd') -- freed 7 physical frame(s) back to the allocator's free list
milestone 43: syscall WAIT (process 3) -- child pid 14 ran to completion and was reaped (real exit code 15), CR3 restored to parent's own pml4 0x135000
milestone 43: syscall WAIT (process 3) -- hardware-recorded CS=0x1b (CPL=3) -- reaped child pid 14, exited normally with code 15
milestone 31: syscall WRITE (process 3) -- hardware-recorded CS=0x1b (CPL=3) -- ptr=0x555550003c41 len=70 -- raw bytes >>>
  real on-disk ELF written, real fork()+exec()+wait() -- child exited=
<<< end of write (70 bytes)
milestone 33: syscall WRITE (process 3) also reads its own private heap at 0x555570000000 -- marker byte 0x00 (' ')
milestone 31: syscall WRITE (process 3) -- hardware-recorded CS=0x1b (CPL=3) -- ptr=0x5555500034c4 len=4 -- raw bytes >>>
true
<<< end of write (4 bytes)
milestone 33: syscall WRITE (process 3) also reads its own private heap at 0x555570000000 -- marker byte 0x00 (' ')
milestone 31: syscall WRITE (process 3) -- hardware-recorded CS=0x1b (CPL=3) -- ptr=0x5555500038ff len=16 -- raw bytes >>>
 real exit code=
<<< end of write (16 bytes)
milestone 33: syscall WRITE (process 3) also reads its own private heap at 0x555570000000 -- marker byte 0x00 (' ')
milestone 31: syscall WRITE (process 3) -- hardware-recorded CS=0x1b (CPL=3) -- ptr=0x555560000e97 len=1 -- raw bytes >>>
1
<<< end of write (1 bytes)
milestone 33: syscall WRITE (process 3) also reads its own private heap at 0x555570000000 -- marker byte 0x00 (' ')
milestone 31: syscall WRITE (process 3) -- hardware-recorded CS=0x1b (CPL=3) -- ptr=0x555560000e97 len=1 -- raw bytes >>>
5
<<< end of write (1 bytes)
milestone 33: syscall WRITE (process 3) also reads its own private heap at 0x555570000000 -- marker byte 0x00 (' ')
milestone 31: syscall WRITE (process 3) -- hardware-recorded CS=0x1b (CPL=3) -- ptr=0x555550003c8c len=28 -- raw bytes >>>
 (expected exited=true code=
<<< end of write (28 bytes)
milestone 33: syscall WRITE (process 3) also reads its own private heap at 0x555570000000 -- marker byte 0x00 (' ')
milestone 31: syscall WRITE (process 3) -- hardware-recorded CS=0x1b (CPL=3) -- ptr=0x555560000e97 len=1 -- raw bytes >>>
1
<<< end of write (1 bytes)
milestone 33: syscall WRITE (process 3) also reads its own private heap at 0x555570000000 -- marker byte 0x00 (' ')
milestone 31: syscall WRITE (process 3) -- hardware-recorded CS=0x1b (CPL=3) -- ptr=0x555560000e97 len=1 -- raw bytes >>>
5
<<< end of write (1 bytes)
milestone 33: syscall WRITE (process 3) also reads its own private heap at 0x555570000000 -- marker byte 0x00 (' ')
milestone 31: syscall WRITE (process 3) -- hardware-recorded CS=0x1b (CPL=3) -- ptr=0x555550003ca8 len=2 -- raw bytes >>>
)

<<< end of write (2 bytes)
milestone 33: syscall WRITE (process 3) also reads its own private heap at 0x555570000000 -- marker byte 0x00 (' ')
milestone 31: syscall WRITE (process 3) -- hardware-recorded CS=0x1b (CPL=3) -- ptr=0x555550004556 len=49 -- raw bytes >>>
case22_real_elf_exec_while_sum_1_to_5_returns_15=
<<< end of write (49 bytes)
milestone 33: syscall WRITE (process 3) also reads its own private heap at 0x555570000000 -- marker byte 0x00 (' ')
milestone 31: syscall WRITE (process 3) -- hardware-recorded CS=0x1b (CPL=3) -- ptr=0x5555500034c0 len=4 -- raw bytes >>>
PASS
<<< end of write (4 bytes)
milestone 33: syscall WRITE (process 3) also reads its own private heap at 0x555570000000 -- marker byte 0x00 (' ')
milestone 31: syscall WRITE (process 3) -- hardware-recorded CS=0x1b (CPL=3) -- ptr=0x5555500034d4 len=1 -- raw bytes >>>
 
<<< end of write (1 bytes)
milestone 33: syscall WRITE (process 3) also reads its own private heap at 0x555570000000 -- marker byte 0x00 (' ')
milestone 31: syscall WRITE (process 3) -- hardware-recorded CS=0x1b (CPL=3) -- ptr=0x5555500035bc len=1 -- raw bytes >>>


<<< end of write (1 bytes)
milestone 33: syscall WRITE (process 3) also reads its own private heap at 0x555570000000 -- marker byte 0x00 (' ')
milestone 31: syscall WRITE (process 3) -- hardware-recorded CS=0x1b (CPL=3) -- ptr=0x555550004587 len=12 -- raw bytes >>>
OVERALL_M71=
<<< end of write (12 bytes)
milestone 33: syscall WRITE (process 3) also reads its own private heap at 0x555570000000 -- marker byte 0x00 (' ')
milestone 31: syscall WRITE (process 3) -- hardware-recorded CS=0x1b (CPL=3) -- ptr=0x5555500034c0 len=4 -- raw bytes >>>
PASS
<<< end of write (4 bytes)
milestone 33: syscall WRITE (process 3) also reads its own private heap at 0x555570000000 -- marker byte 0x00 (' ')
milestone 31: syscall WRITE (process 3) -- hardware-recorded CS=0x1b (CPL=3) -- ptr=0x555550003784 len=2 -- raw bytes >>>



<<< end of write (2 bytes)
milestone 33: syscall WRITE (process 3) also reads its own private heap at 0x555570000000 -- marker byte 0x00 (' ')
milestone 31: syscall WRITE (process 3) -- hardware-recorded CS=0x1b (CPL=3) -- ptr=0x555550004593 len=89 -- raw bytes >>>
milestone 72: cc function parameters and calls (real x86_64 calling convention) starting

<<< end of write (89 bytes)
milestone 33: syscall WRITE (process 3) also reads its own private heap at 0x555570000000 -- marker byte 0x00 (' ')
milestone 33: syscall SBRK (process 3) -- hardware-recorded CS=0x1b (CPL=3) -- requested 3080 bytes, returning heap pointer 0x5555700177d8
milestone 33: syscall SBRK (process 3) -- hardware-recorded CS=0x1b (CPL=3) -- requested 40 bytes, returning heap pointer 0x5555700183e0
milestone 57: demand-paged heap page 24 for process 3 (fault addr 0x5555700183e0) -- fresh zeroed physical frame 0x19f000 mapped, resuming the faulting instruction
milestone 33: syscall SBRK (process 3) -- hardware-recorded CS=0x1b (CPL=3) -- requested 64 bytes, returning heap pointer 0x555570018408
milestone 33: syscall SBRK (process 3) -- hardware-recorded CS=0x1b (CPL=3) -- requested 64 bytes, returning heap pointer 0x555570018448
milestone 33: syscall SBRK (process 3) -- hardware-recorded CS=0x1b (CPL=3) -- requested 64 bytes, returning heap pointer 0x555570018488
milestone 33: syscall SBRK (process 3) -- hardware-recorded CS=0x1b (CPL=3) -- requested 64 bytes, returning heap pointer 0x5555700184c8
milestone 33: syscall SBRK (process 3) -- hardware-recorded CS=0x1b (CPL=3) -- requested 64 bytes, returning heap pointer 0x555570018508
milestone 33: syscall SBRK (process 3) -- hardware-recorded CS=0x1b (CPL=3) -- requested 56 bytes, returning heap pointer 0x555570018548
milestone 33: syscall SBRK (process 3) -- hardware-recorded CS=0x1b (CPL=3) -- requested 56 bytes, returning heap pointer 0x555570018580
milestone 33: syscall SBRK (process 3) -- hardware-recorded CS=0x1b (CPL=3) -- requested 40 bytes, returning heap pointer 0x5555700185b8
milestone 33: syscall SBRK (process 3) -- hardware-recorded CS=0x1b (CPL=3) -- requested 64 bytes, returning heap pointer 0x5555700185e0
milestone 33: syscall SBRK (process 3) -- hardware-recorded CS=0x1b (CPL=3) -- requested 64 bytes, returning heap pointer 0x555570018620
milestone 33: syscall SBRK (process 3) -- hardware-recorded CS=0x1b (CPL=3) -- requested 64 bytes, returning heap pointer 0x555570018660
milestone 33: syscall SBRK (process 3) -- hardware-recorded CS=0x1b (CPL=3) -- requested 56 bytes, returning heap pointer 0x5555700186a0
milestone 33: syscall SBRK (process 3) -- hardware-recorded CS=0x1b (CPL=3) -- requested 56 bytes, returning heap pointer 0x5555700186d8
milestone 31: syscall WRITE (process 3) -- hardware-recorded CS=0x1b (CPL=3) -- ptr=0x55555000464a len=43 -- raw bytes >>>
case23_first_func_is_combine_with_2_params=
<<< end of write (43 bytes)
milestone 33: syscall WRITE (process 3) also reads its own private heap at 0x555570000000 -- marker byte 0x00 (' ')
milestone 31: syscall WRITE (process 3) -- hardware-recorded CS=0x1b (CPL=3) -- ptr=0x5555500034c0 len=4 -- raw bytes >>>
PASS
<<< end of write (4 bytes)
milestone 33: syscall WRITE (process 3) also reads its own private heap at 0x555570000000 -- marker byte 0x00 (' ')
milestone 31: syscall WRITE (process 3) -- hardware-recorded CS=0x1b (CPL=3) -- ptr=0x5555500034d4 len=1 -- raw bytes >>>
 
<<< end of write (1 bytes)
milestone 33: syscall WRITE (process 3) also reads its own private heap at 0x555570000000 -- marker byte 0x00 (' ')
milestone 31: syscall WRITE (process 3) -- hardware-recorded CS=0x1b (CPL=3) -- ptr=0x5555500046ab len=55 -- raw bytes >>>
case23_second_func_is_main_with_0_params_and_ends_list=
<<< end of write (55 bytes)
milestone 33: syscall WRITE (process 3) also reads its own private heap at 0x555570000000 -- marker byte 0x00 (' ')
milestone 31: syscall WRITE (process 3) -- hardware-recorded CS=0x1b (CPL=3) -- ptr=0x5555500034c0 len=4 -- raw bytes >>>
PASS
<<< end of write (4 bytes)
milestone 33: syscall WRITE (process 3) also reads its own private heap at 0x555570000000 -- marker byte 0x00 (' ')
milestone 31: syscall WRITE (process 3) -- hardware-recorded CS=0x1b (CPL=3) -- ptr=0x5555500034d4 len=1 -- raw bytes >>>
 
<<< end of write (1 bytes)
milestone 33: syscall WRITE (process 3) also reads its own private heap at 0x555570000000 -- marker byte 0x00 (' ')
milestone 31: syscall WRITE (process 3) -- hardware-recorded CS=0x1b (CPL=3) -- ptr=0x555550004732 len=31 -- raw bytes >>>
case23_multifunction_ast_shape=
<<< end of write (31 bytes)
milestone 33: syscall WRITE (process 3) also reads its own private heap at 0x555570000000 -- marker byte 0x00 (' ')
milestone 31: syscall WRITE (process 3) -- hardware-recorded CS=0x1b (CPL=3) -- ptr=0x5555500034c0 len=4 -- raw bytes >>>
PASS
<<< end of write (4 bytes)
milestone 33: syscall WRITE (process 3) also reads its own private heap at 0x555570000000 -- marker byte 0x00 (' ')
milestone 31: syscall WRITE (process 3) -- hardware-recorded CS=0x1b (CPL=3) -- ptr=0x5555500034d4 len=1 -- raw bytes >>>
 
<<< end of write (1 bytes)
milestone 33: syscall WRITE (process 3) also reads its own private heap at 0x555570000000 -- marker byte 0x00 (' ')
milestone 31: syscall WRITE (process 3) -- hardware-recorded CS=0x1b (CPL=3) -- ptr=0x5555500035bc len=1 -- raw bytes >>>


<<< end of write (1 bytes)
milestone 33: syscall WRITE (process 3) also reads its own private heap at 0x555570000000 -- marker byte 0x00 (' ')
milestone 33: syscall SBRK (process 3) -- hardware-recorded CS=0x1b (CPL=3) -- requested 3080 bytes, returning heap pointer 0x555570018710
milestone 33: syscall SBRK (process 3) -- hardware-recorded CS=0x1b (CPL=3) -- requested 40 bytes, returning heap pointer 0x555570019318
milestone 57: demand-paged heap page 25 for process 3 (fault addr 0x555570019318) -- fresh zeroed physical frame 0x19b000 mapped, resuming the faulting instruction
milestone 33: syscall SBRK (process 3) -- hardware-recorded CS=0x1b (CPL=3) -- requested 64 bytes, returning heap pointer 0x555570019340
milestone 33: syscall SBRK (process 3) -- hardware-recorded CS=0x1b (CPL=3) -- requested 64 bytes, returning heap pointer 0x555570019380
milestone 33: syscall SBRK (process 3) -- hardware-recorded CS=0x1b (CPL=3) -- requested 64 bytes, returning heap pointer 0x5555700193c0
milestone 33: syscall SBRK (process 3) -- hardware-recorded CS=0x1b (CPL=3) -- requested 64 bytes, returning heap pointer 0x555570019400
milestone 33: syscall SBRK (process 3) -- hardware-recorded CS=0x1b (CPL=3) -- requested 64 bytes, returning heap pointer 0x555570019440
milestone 33: syscall SBRK (process 3) -- hardware-recorded CS=0x1b (CPL=3) -- requested 56 bytes, returning heap pointer 0x555570019480
milestone 33: syscall SBRK (process 3) -- hardware-recorded CS=0x1b (CPL=3) -- requested 56 bytes, returning heap pointer 0x5555700194b8
milestone 33: syscall SBRK (process 3) -- hardware-recorded CS=0x1b (CPL=3) -- requested 40 bytes, returning heap pointer 0x5555700194f0
milestone 33: syscall SBRK (process 3) -- hardware-recorded CS=0x1b (CPL=3) -- requested 64 bytes, returning heap pointer 0x555570019518
milestone 33: syscall SBRK (process 3) -- hardware-recorded CS=0x1b (CPL=3) -- requested 64 bytes, returning heap pointer 0x555570019558
milestone 33: syscall SBRK (process 3) -- hardware-recorded CS=0x1b (CPL=3) -- requested 64 bytes, returning heap pointer 0x555570019598
milestone 33: syscall SBRK (process 3) -- hardware-recorded CS=0x1b (CPL=3) -- requested 56 bytes, returning heap pointer 0x5555700195d8
milestone 33: syscall SBRK (process 3) -- hardware-recorded CS=0x1b (CPL=3) -- requested 56 bytes, returning heap pointer 0x555570019610
milestone 33: syscall SBRK (process 3) -- hardware-recorded CS=0x1b (CPL=3) -- requested 104 bytes, returning heap pointer 0x555570019648
milestone 33: syscall SBRK (process 3) -- hardware-recorded CS=0x1b (CPL=3) -- requested 136 bytes, returning heap pointer 0x5555700196b0
milestone 33: syscall SBRK (process 3) -- hardware-recorded CS=0x1b (CPL=3) -- requested 16 bytes, returning heap pointer 0x555570019738
milestone 33: syscall SBRK (process 3) -- hardware-recorded CS=0x1b (CPL=3) -- requested 2056 bytes, returning heap pointer 0x555570019748
milestone 33: syscall SBRK (process 3) -- hardware-recorded CS=0x1b (CPL=3) -- requested 104 bytes, returning heap pointer 0x555570019f50
milestone 33: syscall SBRK (process 3) -- hardware-recorded CS=0x1b (CPL=3) -- requested 104 bytes, returning heap pointer 0x555570019fb8
milestone 31: syscall WRITE (process 3) -- hardware-recorded CS=0x1b (CPL=3) -- ptr=0x555550004751 len=61 -- raw bytes >>>
  case24 (combine(7,5) = 7*10+5, real 2-param call) returned=
<<< end of write (61 bytes)
milestone 33: syscall WRITE (process 3) also reads its own private heap at 0x555570000000 -- marker byte 0x00 (' ')
milestone 31: syscall WRITE (process 3) -- hardware-recorded CS=0x1b (CPL=3) -- ptr=0x555560000e97 len=1 -- raw bytes >>>
7
<<< end of write (1 bytes)
milestone 33: syscall WRITE (process 3) also reads its own private heap at 0x555570000000 -- marker byte 0x00 (' ')
milestone 31: syscall WRITE (process 3) -- hardware-recorded CS=0x1b (CPL=3) -- ptr=0x555560000e97 len=1 -- raw bytes >>>
5
<<< end of write (1 bytes)
milestone 33: syscall WRITE (process 3) also reads its own private heap at 0x555570000000 -- marker byte 0x00 (' ')
milestone 31: syscall WRITE (process 3) -- hardware-recorded CS=0x1b (CPL=3) -- ptr=0x55555000478e len=15 -- raw bytes >>>
 (expected 75)

<<< end of write (15 bytes)
milestone 33: syscall WRITE (process 3) also reads its own private heap at 0x555570000000 -- marker byte 0x00 (' ')
milestone 31: syscall WRITE (process 3) -- hardware-recorded CS=0x1b (CPL=3) -- ptr=0x55555000479d len=33 -- raw bytes >>>
case24_two_param_call_returns_75=
<<< end of write (33 bytes)
milestone 33: syscall WRITE (process 3) also reads its own private heap at 0x555570000000 -- marker byte 0x00 (' ')
milestone 31: syscall WRITE (process 3) -- hardware-recorded CS=0x1b (CPL=3) -- ptr=0x5555500034c0 len=4 -- raw bytes >>>
PASS
<<< end of write (4 bytes)
milestone 33: syscall WRITE (process 3) also reads its own private heap at 0x555570000000 -- marker byte 0x00 (' ')
milestone 31: syscall WRITE (process 3) -- hardware-recorded CS=0x1b (CPL=3) -- ptr=0x5555500034d4 len=1 -- raw bytes >>>
 
<<< end of write (1 bytes)
milestone 33: syscall WRITE (process 3) also reads its own private heap at 0x555570000000 -- marker byte 0x00 (' ')
milestone 31: syscall WRITE (process 3) -- hardware-recorded CS=0x1b (CPL=3) -- ptr=0x5555500035bc len=1 -- raw bytes >>>


<<< end of write (1 bytes)
milestone 33: syscall WRITE (process 3) also reads its own private heap at 0x555570000000 -- marker byte 0x00 (' ')
milestone 33: syscall SBRK (process 3) -- hardware-recorded CS=0x1b (CPL=3) -- requested 3080 bytes, returning heap pointer 0x55557001a020
milestone 57: demand-paged heap page 26 for process 3 (fault addr 0x55557001a020) -- fresh zeroed physical frame 0x19a000 mapped, resuming the faulting instruction
milestone 33: syscall SBRK (process 3) -- hardware-recorded CS=0x1b (CPL=3) -- requested 40 bytes, returning heap pointer 0x55557001ac28
milestone 33: syscall SBRK (process 3) -- hardware-recorded CS=0x1b (CPL=3) -- requested 64 bytes, returning heap pointer 0x55557001ac50
milestone 33: syscall SBRK (process 3) -- hardware-recorded CS=0x1b (CPL=3) -- requested 64 bytes, returning heap pointer 0x55557001ac90
milestone 33: syscall SBRK (process 3) -- hardware-recorded CS=0x1b (CPL=3) -- requested 64 bytes, returning heap pointer 0x55557001acd0
milestone 33: syscall SBRK (process 3) -- hardware-recorded CS=0x1b (CPL=3) -- requested 64 bytes, returning heap pointer 0x55557001ad10
milestone 33: syscall SBRK (process 3) -- hardware-recorded CS=0x1b (CPL=3) -- requested 64 bytes, returning heap pointer 0x55557001ad50
milestone 33: syscall SBRK (process 3) -- hardware-recorded CS=0x1b (CPL=3) -- requested 64 bytes, returning heap pointer 0x55557001ad90
milestone 33: syscall SBRK (process 3) -- hardware-recorded CS=0x1b (CPL=3) -- requested 64 bytes, returning heap pointer 0x55557001add0
milestone 33: syscall SBRK (process 3) -- hardware-recorded CS=0x1b (CPL=3) -- requested 64 bytes, returning heap pointer 0x55557001ae10
milestone 33: syscall SBRK (process 3) -- hardware-recorded CS=0x1b (CPL=3) -- requested 64 bytes, returning heap pointer 0x55557001ae50
milestone 33: syscall SBRK (process 3) -- hardware-recorded CS=0x1b (CPL=3) -- requested 56 bytes, returning heap pointer 0x55557001ae90
milestone 33: syscall SBRK (process 3) -- hardware-recorded CS=0x1b (CPL=3) -- requested 56 bytes, returning heap pointer 0x55557001aec8
milestone 33: syscall SBRK (process 3) -- hardware-recorded CS=0x1b (CPL=3) -- requested 40 bytes, returning heap pointer 0x55557001af00
milestone 33: syscall SBRK (process 3) -- hardware-recorded CS=0x1b (CPL=3) -- requested 64 bytes, returning heap pointer 0x55557001af28
milestone 33: syscall SBRK (process 3) -- hardware-recorded CS=0x1b (CPL=3) -- requested 64 bytes, returning heap pointer 0x55557001af68
milestone 33: syscall SBRK (process 3) -- hardware-recorded CS=0x1b (CPL=3) -- requested 64 bytes, returning heap pointer 0x55557001afa8
milestone 33: syscall SBRK (process 3) -- hardware-recorded CS=0x1b (CPL=3) -- requested 64 bytes, returning heap pointer 0x55557001afe8
milestone 57: demand-paged heap page 27 for process 3 (fault addr 0x55557001b000) -- fresh zeroed physical frame 0x19c000 mapped, resuming the faulting instruction
milestone 33: syscall SBRK (process 3) -- hardware-recorded CS=0x1b (CPL=3) -- requested 56 bytes, returning heap pointer 0x55557001b028
milestone 33: syscall SBRK (process 3) -- hardware-recorded CS=0x1b (CPL=3) -- requested 56 bytes, returning heap pointer 0x55557001b060
milestone 33: syscall SBRK (process 3) -- hardware-recorded CS=0x1b (CPL=3) -- requested 104 bytes, returning heap pointer 0x55557001b098
milestone 33: syscall SBRK (process 3) -- hardware-recorded CS=0x1b (CPL=3) -- requested 136 bytes, returning heap pointer 0x55557001b100
milestone 33: syscall SBRK (process 3) -- hardware-recorded CS=0x1b (CPL=3) -- requested 16 bytes, returning heap pointer 0x55557001b188
milestone 33: syscall SBRK (process 3) -- hardware-recorded CS=0x1b (CPL=3) -- requested 2056 bytes, returning heap pointer 0x55557001b198
milestone 33: syscall SBRK (process 3) -- hardware-recorded CS=0x1b (CPL=3) -- requested 104 bytes, returning heap pointer 0x55557001b9a0
milestone 33: syscall SBRK (process 3) -- hardware-recorded CS=0x1b (CPL=3) -- requested 104 bytes, returning heap pointer 0x55557001ba08
milestone 31: syscall WRITE (process 3) -- hardware-recorded CS=0x1b (CPL=3) -- ptr=0x55555000481f len=50 -- raw bytes >>>
  case25 (mix(1,2,3), real 3-param call) returned=
<<< end of write (50 bytes)
milestone 33: syscall WRITE (process 3) also reads its own private heap at 0x555570000000 -- marker byte 0x00 (' ')
milestone 31: syscall WRITE (process 3) -- hardware-recorded CS=0x1b (CPL=3) -- ptr=0x555560000e97 len=1 -- raw bytes >>>
1
<<< end of write (1 bytes)
milestone 33: syscall WRITE (process 3) also reads its own private heap at 0x555570000000 -- marker byte 0x00 (' ')
milestone 31: syscall WRITE (process 3) -- hardware-recorded CS=0x1b (CPL=3) -- ptr=0x555560000e97 len=1 -- raw bytes >>>
2
<<< end of write (1 bytes)
milestone 33: syscall WRITE (process 3) also reads its own private heap at 0x555570000000 -- marker byte 0x00 (' ')
milestone 31: syscall WRITE (process 3) -- hardware-recorded CS=0x1b (CPL=3) -- ptr=0x555560000e97 len=1 -- raw bytes >>>
3
<<< end of write (1 bytes)
milestone 33: syscall WRITE (process 3) also reads its own private heap at 0x555570000000 -- marker byte 0x00 (' ')
milestone 31: syscall WRITE (process 3) -- hardware-recorded CS=0x1b (CPL=3) -- ptr=0x5555500038ef len=16 -- raw bytes >>>
 (expected 123)

<<< end of write (16 bytes)
milestone 33: syscall WRITE (process 3) also reads its own private heap at 0x555570000000 -- marker byte 0x00 (' ')
milestone 31: syscall WRITE (process 3) -- hardware-recorded CS=0x1b (CPL=3) -- ptr=0x555550004851 len=36 -- raw bytes >>>
case25_three_param_call_returns_123=
<<< end of write (36 bytes)
milestone 33: syscall WRITE (process 3) also reads its own private heap at 0x555570000000 -- marker byte 0x00 (' ')
milestone 31: syscall WRITE (process 3) -- hardware-recorded CS=0x1b (CPL=3) -- ptr=0x5555500034c0 len=4 -- raw bytes >>>
PASS
<<< end of write (4 bytes)
milestone 33: syscall WRITE (process 3) also reads its own private heap at 0x555570000000 -- marker byte 0x00 (' ')
milestone 31: syscall WRITE (process 3) -- hardware-recorded CS=0x1b (CPL=3) -- ptr=0x5555500034d4 len=1 -- raw bytes >>>
 
<<< end of write (1 bytes)
milestone 33: syscall WRITE (process 3) also reads its own private heap at 0x555570000000 -- marker byte 0x00 (' ')
milestone 31: syscall WRITE (process 3) -- hardware-recorded CS=0x1b (CPL=3) -- ptr=0x5555500035bc len=1 -- raw bytes >>>


<<< end of write (1 bytes)
milestone 33: syscall WRITE (process 3) also reads its own private heap at 0x555570000000 -- marker byte 0x00 (' ')
milestone 33: syscall SBRK (process 3) -- hardware-recorded CS=0x1b (CPL=3) -- requested 3080 bytes, returning heap pointer 0x55557001ba70
milestone 33: syscall SBRK (process 3) -- hardware-recorded CS=0x1b (CPL=3) -- requested 40 bytes, returning heap pointer 0x55557001c678
milestone 57: demand-paged heap page 28 for process 3 (fault addr 0x55557001c678) -- fresh zeroed physical frame 0x19d000 mapped, resuming the faulting instruction
milestone 33: syscall SBRK (process 3) -- hardware-recorded CS=0x1b (CPL=3) -- requested 64 bytes, returning heap pointer 0x55557001c6a0
milestone 33: syscall SBRK (process 3) -- hardware-recorded CS=0x1b (CPL=3) -- requested 64 bytes, returning heap pointer 0x55557001c6e0
milestone 33: syscall SBRK (process 3) -- hardware-recorded CS=0x1b (CPL=3) -- requested 64 bytes, returning heap pointer 0x55557001c720
milestone 33: syscall SBRK (process 3) -- hardware-recorded CS=0x1b (CPL=3) -- requested 64 bytes, returning heap pointer 0x55557001c760
milestone 33: syscall SBRK (process 3) -- hardware-recorded CS=0x1b (CPL=3) -- requested 64 bytes, returning heap pointer 0x55557001c7a0
milestone 33: syscall SBRK (process 3) -- hardware-recorded CS=0x1b (CPL=3) -- requested 64 bytes, returning heap pointer 0x55557001c7e0
milestone 33: syscall SBRK (process 3) -- hardware-recorded CS=0x1b (CPL=3) -- requested 64 bytes, returning heap pointer 0x55557001c820
milestone 33: syscall SBRK (process 3) -- hardware-recorded CS=0x1b (CPL=3) -- requested 64 bytes, returning heap pointer 0x55557001c860
milestone 33: syscall SBRK (process 3) -- hardware-recorded CS=0x1b (CPL=3) -- requested 64 bytes, returning heap pointer 0x55557001c8a0
milestone 33: syscall SBRK (process 3) -- hardware-recorded CS=0x1b (CPL=3) -- requested 64 bytes, returning heap pointer 0x55557001c8e0
milestone 33: syscall SBRK (process 3) -- hardware-recorded CS=0x1b (CPL=3) -- requested 64 bytes, returning heap pointer 0x55557001c920
milestone 33: syscall SBRK (process 3) -- hardware-recorded CS=0x1b (CPL=3) -- requested 64 bytes, returning heap pointer 0x55557001c960
milestone 33: syscall SBRK (process 3) -- hardware-recorded CS=0x1b (CPL=3) -- requested 64 bytes, returning heap pointer 0x55557001c9a0
milestone 33: syscall SBRK (process 3) -- hardware-recorded CS=0x1b (CPL=3) -- requested 56 bytes, returning heap pointer 0x55557001c9e0
milestone 33: syscall SBRK (process 3) -- hardware-recorded CS=0x1b (CPL=3) -- requested 56 bytes, returning heap pointer 0x55557001ca18
milestone 33: syscall SBRK (process 3) -- hardware-recorded CS=0x1b (CPL=3) -- requested 40 bytes, returning heap pointer 0x55557001ca50
milestone 33: syscall SBRK (process 3) -- hardware-recorded CS=0x1b (CPL=3) -- requested 64 bytes, returning heap pointer 0x55557001ca78
milestone 33: syscall SBRK (process 3) -- hardware-recorded CS=0x1b (CPL=3) -- requested 64 bytes, returning heap pointer 0x55557001cab8
milestone 33: syscall SBRK (process 3) -- hardware-recorded CS=0x1b (CPL=3) -- requested 64 bytes, returning heap pointer 0x55557001caf8
milestone 33: syscall SBRK (process 3) -- hardware-recorded CS=0x1b (CPL=3) -- requested 64 bytes, returning heap pointer 0x55557001cb38
milestone 33: syscall SBRK (process 3) -- hardware-recorded CS=0x1b (CPL=3) -- requested 64 bytes, returning heap pointer 0x55557001cb78
milestone 33: syscall SBRK (process 3) -- hardware-recorded CS=0x1b (CPL=3) -- requested 56 bytes, returning heap pointer 0x55557001cbb8
milestone 33: syscall SBRK (process 3) -- hardware-recorded CS=0x1b (CPL=3) -- requested 56 bytes, returning heap pointer 0x55557001cbf0
milestone 33: syscall SBRK (process 3) -- hardware-recorded CS=0x1b (CPL=3) -- requested 104 bytes, returning heap pointer 0x55557001cc28
milestone 33: syscall SBRK (process 3) -- hardware-recorded CS=0x1b (CPL=3) -- requested 136 bytes, returning heap pointer 0x55557001cc90
milestone 33: syscall SBRK (process 3) -- hardware-recorded CS=0x1b (CPL=3) -- requested 16 bytes, returning heap pointer 0x55557001cd18
milestone 33: syscall SBRK (process 3) -- hardware-recorded CS=0x1b (CPL=3) -- requested 2056 bytes, returning heap pointer 0x55557001cd28
milestone 33: syscall SBRK (process 3) -- hardware-recorded CS=0x1b (CPL=3) -- requested 104 bytes, returning heap pointer 0x55557001d530
milestone 57: demand-paged heap page 29 for process 3 (fault addr 0x55557001d530) -- fresh zeroed physical frame 0x1a0000 mapped, resuming the faulting instruction
milestone 33: syscall SBRK (process 3) -- hardware-recorded CS=0x1b (CPL=3) -- requested 104 bytes, returning heap pointer 0x55557001d598
milestone 31: syscall WRITE (process 3) -- hardware-recorded CS=0x1b (CPL=3) -- ptr=0x5555500048ed len=53 -- raw bytes >>>
  case26 (mix4(1,2,3,4), real 4-param call) returned=
<<< end of write (53 bytes)
milestone 33: syscall WRITE (process 3) also reads its own private heap at 0x555570000000 -- marker byte 0x00 (' ')
milestone 31: syscall WRITE (process 3) -- hardware-recorded CS=0x1b (CPL=3) -- ptr=0x555560000e97 len=1 -- raw bytes >>>
1
<<< end of write (1 bytes)
milestone 33: syscall WRITE (process 3) also reads its own private heap at 0x555570000000 -- marker byte 0x00 (' ')
milestone 31: syscall WRITE (process 3) -- hardware-recorded CS=0x1b (CPL=3) -- ptr=0x555560000e97 len=1 -- raw bytes >>>
2
<<< end of write (1 bytes)
milestone 33: syscall WRITE (process 3) also reads its own private heap at 0x555570000000 -- marker byte 0x00 (' ')
milestone 31: syscall WRITE (process 3) -- hardware-recorded CS=0x1b (CPL=3) -- ptr=0x555560000e97 len=1 -- raw bytes >>>
3
<<< end of write (1 bytes)
milestone 33: syscall WRITE (process 3) also reads its own private heap at 0x555570000000 -- marker byte 0x00 (' ')
milestone 31: syscall WRITE (process 3) -- hardware-recorded CS=0x1b (CPL=3) -- ptr=0x555560000e97 len=1 -- raw bytes >>>
4
<<< end of write (1 bytes)
milestone 33: syscall WRITE (process 3) also reads its own private heap at 0x555570000000 -- marker byte 0x00 (' ')
milestone 31: syscall WRITE (process 3) -- hardware-recorded CS=0x1b (CPL=3) -- ptr=0x555550004922 len=17 -- raw bytes >>>
 (expected 1234)

<<< end of write (17 bytes)
milestone 33: syscall WRITE (process 3) also reads its own private heap at 0x555570000000 -- marker byte 0x00 (' ')
milestone 31: syscall WRITE (process 3) -- hardware-recorded CS=0x1b (CPL=3) -- ptr=0x555550004933 len=36 -- raw bytes >>>
case26_four_param_call_returns_1234=
<<< end of write (36 bytes)
milestone 33: syscall WRITE (process 3) also reads its own private heap at 0x555570000000 -- marker byte 0x00 (' ')
milestone 31: syscall WRITE (process 3) -- hardware-recorded CS=0x1b (CPL=3) -- ptr=0x5555500034c0 len=4 -- raw bytes >>>
PASS
<<< end of write (4 bytes)
milestone 33: syscall WRITE (process 3) also reads its own private heap at 0x555570000000 -- marker byte 0x00 (' ')
milestone 31: syscall WRITE (process 3) -- hardware-recorded CS=0x1b (CPL=3) -- ptr=0x5555500034d4 len=1 -- raw bytes >>>
 
<<< end of write (1 bytes)
milestone 33: syscall WRITE (process 3) also reads its own private heap at 0x555570000000 -- marker byte 0x00 (' ')
milestone 31: syscall WRITE (process 3) -- hardware-recorded CS=0x1b (CPL=3) -- ptr=0x5555500035bc len=1 -- raw bytes >>>


<<< end of write (1 bytes)
milestone 33: syscall WRITE (process 3) also reads its own private heap at 0x555570000000 -- marker byte 0x00 (' ')
milestone 33: syscall SBRK (process 3) -- hardware-recorded CS=0x1b (CPL=3) -- requested 3080 bytes, returning heap pointer 0x55557001d600
milestone 33: syscall SBRK (process 3) -- hardware-recorded CS=0x1b (CPL=3) -- requested 40 bytes, returning heap pointer 0x55557001e208
milestone 57: demand-paged heap page 30 for process 3 (fault addr 0x55557001e208) -- fresh zeroed physical frame 0x19e000 mapped, resuming the faulting instruction
milestone 33: syscall SBRK (process 3) -- hardware-recorded CS=0x1b (CPL=3) -- requested 64 bytes, returning heap pointer 0x55557001e230
milestone 33: syscall SBRK (process 3) -- hardware-recorded CS=0x1b (CPL=3) -- requested 64 bytes, returning heap pointer 0x55557001e270
milestone 33: syscall SBRK (process 3) -- hardware-recorded CS=0x1b (CPL=3) -- requested 64 bytes, returning heap pointer 0x55557001e2b0
milestone 33: syscall SBRK (process 3) -- hardware-recorded CS=0x1b (CPL=3) -- requested 56 bytes, returning heap pointer 0x55557001e2f0
milestone 33: syscall SBRK (process 3) -- hardware-recorded CS=0x1b (CPL=3) -- requested 56 bytes, returning heap pointer 0x55557001e328
milestone 33: syscall SBRK (process 3) -- hardware-recorded CS=0x1b (CPL=3) -- requested 56 bytes, returning heap pointer 0x55557001e360
milestone 33: syscall SBRK (process 3) -- hardware-recorded CS=0x1b (CPL=3) -- requested 64 bytes, returning heap pointer 0x55557001e398
milestone 33: syscall SBRK (process 3) -- hardware-recorded CS=0x1b (CPL=3) -- requested 56 bytes, returning heap pointer 0x55557001e3d8
milestone 33: syscall SBRK (process 3) -- hardware-recorded CS=0x1b (CPL=3) -- requested 40 bytes, returning heap pointer 0x55557001e410
milestone 33: syscall SBRK (process 3) -- hardware-recorded CS=0x1b (CPL=3) -- requested 64 bytes, returning heap pointer 0x55557001e438
milestone 33: syscall SBRK (process 3) -- hardware-recorded CS=0x1b (CPL=3) -- requested 40 bytes, returning heap pointer 0x55557001e478
milestone 33: syscall SBRK (process 3) -- hardware-recorded CS=0x1b (CPL=3) -- requested 64 bytes, returning heap pointer 0x55557001e4a0
milestone 33: syscall SBRK (process 3) -- hardware-recorded CS=0x1b (CPL=3) -- requested 64 bytes, returning heap pointer 0x55557001e4e0
milestone 33: syscall SBRK (process 3) -- hardware-recorded CS=0x1b (CPL=3) -- requested 64 bytes, returning heap pointer 0x55557001e520
milestone 33: syscall SBRK (process 3) -- hardware-recorded CS=0x1b (CPL=3) -- requested 64 bytes, returning heap pointer 0x55557001e560
milestone 33: syscall SBRK (process 3) -- hardware-recorded CS=0x1b (CPL=3) -- requested 56 bytes, returning heap pointer 0x55557001e5a0
milestone 33: syscall SBRK (process 3) -- hardware-recorded CS=0x1b (CPL=3) -- requested 56 bytes, returning heap pointer 0x55557001e5d8
milestone 33: syscall SBRK (process 3) -- hardware-recorded CS=0x1b (CPL=3) -- requested 104 bytes, returning heap pointer 0x55557001e610
milestone 33: syscall SBRK (process 3) -- hardware-recorded CS=0x1b (CPL=3) -- requested 136 bytes, returning heap pointer 0x55557001e678
milestone 33: syscall SBRK (process 3) -- hardware-recorded CS=0x1b (CPL=3) -- requested 16 bytes, returning heap pointer 0x55557001e700
milestone 33: syscall SBRK (process 3) -- hardware-recorded CS=0x1b (CPL=3) -- requested 2056 bytes, returning heap pointer 0x55557001e710
milestone 33: syscall SBRK (process 3) -- hardware-recorded CS=0x1b (CPL=3) -- requested 104 bytes, returning heap pointer 0x55557001ef18
milestone 33: syscall SBRK (process 3) -- hardware-recorded CS=0x1b (CPL=3) -- requested 104 bytes, returning heap pointer 0x55557001ef80
milestone 31: syscall WRITE (process 3) -- hardware-recorded CS=0x1b (CPL=3) -- ptr=0x5555500049b5 len=71 -- raw bytes >>>
  case27 (add(x, add(1,2)) with x=5, nested call as argument) returned=
<<< end of write (71 bytes)
milestone 33: syscall WRITE (process 3) also reads its own private heap at 0x555570000000 -- marker byte 0x00 (' ')
milestone 31: syscall WRITE (process 3) -- hardware-recorded CS=0x1b (CPL=3) -- ptr=0x555560000e97 len=1 -- raw bytes >>>
8
<<< end of write (1 bytes)
milestone 33: syscall WRITE (process 3) also reads its own private heap at 0x555570000000 -- marker byte 0x00 (' ')
milestone 31: syscall WRITE (process 3) -- hardware-recorded CS=0x1b (CPL=3) -- ptr=0x5555500049fc len=14 -- raw bytes >>>
 (expected 8)

<<< end of write (14 bytes)
milestone 33: syscall WRITE (process 3) also reads its own private heap at 0x555570000000 -- marker byte 0x00 (' ')
milestone 31: syscall WRITE (process 3) -- hardware-recorded CS=0x1b (CPL=3) -- ptr=0x555550004a0a len=41 -- raw bytes >>>
case27_nested_call_as_argument_returns_8=
<<< end of write (41 bytes)
milestone 33: syscall WRITE (process 3) also reads its own private heap at 0x555570000000 -- marker byte 0x00 (' ')
milestone 31: syscall WRITE (process 3) -- hardware-recorded CS=0x1b (CPL=3) -- ptr=0x5555500034c0 len=4 -- raw bytes >>>
PASS
<<< end of write (4 bytes)
milestone 33: syscall WRITE (process 3) also reads its own private heap at 0x555570000000 -- marker byte 0x00 (' ')
milestone 31: syscall WRITE (process 3) -- hardware-recorded CS=0x1b (CPL=3) -- ptr=0x5555500034d4 len=1 -- raw bytes >>>
 
<<< end of write (1 bytes)
milestone 33: syscall WRITE (process 3) also reads its own private heap at 0x555570000000 -- marker byte 0x00 (' ')
milestone 31: syscall WRITE (process 3) -- hardware-recorded CS=0x1b (CPL=3) -- ptr=0x5555500035bc len=1 -- raw bytes >>>


<<< end of write (1 bytes)
milestone 33: syscall WRITE (process 3) also reads its own private heap at 0x555570000000 -- marker byte 0x00 (' ')
milestone 33: syscall SBRK (process 3) -- hardware-recorded CS=0x1b (CPL=3) -- requested 3080 bytes, returning heap pointer 0x55557001efe8
milestone 57: demand-paged heap page 31 for process 3 (fault addr 0x55557001f000) -- fresh zeroed physical frame 0x199000 mapped, resuming the faulting instruction
milestone 33: syscall SBRK (process 3) -- hardware-recorded CS=0x1b (CPL=3) -- requested 40 bytes, returning heap pointer 0x55557001fbf0
milestone 33: syscall SBRK (process 3) -- hardware-recorded CS=0x1b (CPL=3) -- requested 64 bytes, returning heap pointer 0x55557001fc18
milestone 33: syscall SBRK (process 3) -- hardware-recorded CS=0x1b (CPL=3) -- requested 64 bytes, returning heap pointer 0x55557001fc58
milestone 33: syscall SBRK (process 3) -- hardware-recorded CS=0x1b (CPL=3) -- requested 64 bytes, returning heap pointer 0x55557001fc98
milestone 33: syscall SBRK (process 3) -- hardware-recorded CS=0x1b (CPL=3) -- requested 64 bytes, returning heap pointer 0x55557001fcd8
milestone 33: syscall SBRK (process 3) -- hardware-recorded CS=0x1b (CPL=3) -- requested 64 bytes, returning heap pointer 0x55557001fd18
milestone 33: syscall SBRK (process 3) -- hardware-recorded CS=0x1b (CPL=3) -- requested 56 bytes, returning heap pointer 0x55557001fd58
milestone 33: syscall SBRK (process 3) -- hardware-recorded CS=0x1b (CPL=3) -- requested 56 bytes, returning heap pointer 0x55557001fd90
milestone 33: syscall SBRK (process 3) -- hardware-recorded CS=0x1b (CPL=3) -- requested 40 bytes, returning heap pointer 0x55557001fdc8
milestone 33: syscall SBRK (process 3) -- hardware-recorded CS=0x1b (CPL=3) -- requested 64 bytes, returning heap pointer 0x55557001fdf0
milestone 33: syscall SBRK (process 3) -- hardware-recorded CS=0x1b (CPL=3) -- requested 64 bytes, returning heap pointer 0x55557001fe30
milestone 33: syscall SBRK (process 3) -- hardware-recorded CS=0x1b (CPL=3) -- requested 64 bytes, returning heap pointer 0x55557001fe70
milestone 33: syscall SBRK (process 3) -- hardware-recorded CS=0x1b (CPL=3) -- requested 56 bytes, returning heap pointer 0x55557001feb0
milestone 33: syscall SBRK (process 3) -- hardware-recorded CS=0x1b (CPL=3) -- requested 56 bytes, returning heap pointer 0x55557001fee8
milestone 33: syscall SBRK (process 3) -- hardware-recorded CS=0x1b (CPL=3) -- requested 104 bytes, returning heap pointer 0x55557001ff20
milestone 33: syscall SBRK (process 3) -- hardware-recorded CS=0x1b (CPL=3) -- requested 136 bytes, returning heap pointer 0x55557001ff88
milestone 33: syscall SBRK (process 3) -- hardware-recorded CS=0x1b (CPL=3) -- requested 16 bytes, returning heap pointer 0x555570020010
milestone 57: demand-paged heap page 32 for process 3 (fault addr 0x555570020010) -- fresh zeroed physical frame 0x198000 mapped, resuming the faulting instruction
milestone 33: syscall SBRK (process 3) -- hardware-recorded CS=0x1b (CPL=3) -- requested 2056 bytes, returning heap pointer 0x555570020020
milestone 33: syscall SBRK (process 3) -- hardware-recorded CS=0x1b (CPL=3) -- requested 104 bytes, returning heap pointer 0x555570020828
milestone 33: syscall SBRK (process 3) -- hardware-recorded CS=0x1b (CPL=3) -- requested 104 bytes, returning heap pointer 0x555570020890
milestone 33: syscall SBRK (process 3) -- hardware-recorded CS=0x1b (CPL=3) -- requested 224 bytes, returning heap pointer 0x5555700208f8
milestone 35: syscall OPEN (process 3) -- hardware-recorded CS=0x1b (CPL=3) -- path='ccout1' -> fd 0
milestone 35: syscall FDWRITE (process 3) -- hardware-recorded CS=0x1b (CPL=3) -- fd=0 requested=213 accepted=213 bytes
milestone 35: syscall CLOSE (process 3) -- fd 0 was dirty, persisted 324 bytes to 'ccout1' on the real on-disk filesystem
milestone 35: syscall CLOSE (process 3) -- hardware-recorded CS=0x1b (CPL=3) -- fd=0 closed successfully
milestone 30: process forked-child -- user p4 index computed as 170 (code 0x555550000000, stack 0x555560000000)
milestone 30: process forked-child -- new pml4 0x197000 populated: 511 kernel-space entries shared, index 170 left private
milestone 30: process forked-child -- private code page mapped to frame 0x18b000, private stack page mapped to frame 0x18a000
milestone 57: process forked-child -- private heap RESERVED (not mapped): 64 pages at 0x555570000000..0x55557003ffff, 0 physical frames committed until a real page fault demand-pages one
milestone 34: process forked-child -- copied 4096 image bytes into private code frame 0x18b000
milestone 37: fork() -- child's code frame 0x18b000 holds a REAL byte-for-byte copy of the parent's code frame 0x143000 (independently verifiable: same virtual address USER_CODE_ADDR under either process's own CR3, genuinely different physical frames)
milestone 69: fork() -- child also got 8 extra code page(s) REALLY remapped+copied (real fix -- see extra_frames' own doc comment on Process for the bug this closes; a multi-page ELF-loaded parent's pages beyond page 0 used to be silently dropped by fork())
milestone 37: syscall FORK (process 3, 'elf-loaded') -- created child pid 14: pml4=0x197000 code_frame=0x18b000 resume point rip=0x555550001eef rsp=0x555560000eb8
milestone 37: syscall FORK (process 3) -- hardware-recorded CS=0x1b (CPL=3) -- created child pid 14
milestone 37: wait() -- switching CR3 to forked child pid 14's own pml4 0x197000, resuming at rip=0x555550001eef rsp=0x555560000eb8 (its own fork()-time snapshot, rax forced to 0)
milestone 36: process exec'd -- ELF validated: e_entry=0x5555500000aa falls inside a mapped segment, 1 PT_LOAD segment(s), 1 total page(s), all within private p4 index 170
milestone 36: process exec'd -- new pml4 0x1ac000 populated: 511 kernel-space entries shared, index 170 left private
milestone 36: process exec'd -- mapped 1 PT_LOAD page(s): [(93824902758400, 1757184, 213, 5)]
milestone 36: process exec'd -- private stack page mapped to frame 0x1b1000
milestone 57: process exec'd -- private heap RESERVED (not mapped): 64 pages at 0x555570000000..0x55557003ffff, 0 physical frames committed until a real page fault demand-pages one
milestone 54: reclaim_process_frames('forked-child') -- freed 49 physical frame(s) back to the allocator's free list
milestone 45: syscall EXEC (process 14) -- REAL teardown-and-rebuild complete: new pml4=0x1ac000, new entry=0x5555500000aa (real parsed e_entry), fd table/parent_pid/pgid preserved, CR3 switched
milestone 45: syscall EXEC (process 14) -- hardware-recorded CS=0x1b (CPL=3) -- REAL teardown-and-rebuild from 'ccout1' (324 real ELF bytes read from the on-disk filesystem), new address space, jumping directly into the real parsed entry 0x5555500000aa, never returning to the old one
milestone 30: syscall EXIT -- hardware-recorded CS=0x1b (CPL=3) -- discarding ring-3 context, resuming kernel context
milestone 37: wait() -- forked child pid 14 resumed in kernel context (its own exit() syscall ran; CR3 is currently the KERNEL's own, restored to the parent's by wait_for_child() next)
milestone 54: reclaim_process_frames('exec'd') -- freed 7 physical frame(s) back to the allocator's free list
milestone 43: syscall WAIT (process 3) -- child pid 14 ran to completion and was reaped (real exit code 75), CR3 restored to parent's own pml4 0x135000
milestone 43: syscall WAIT (process 3) -- hardware-recorded CS=0x1b (CPL=3) -- reaped child pid 14, exited normally with code 75
milestone 31: syscall WRITE (process 3) -- hardware-recorded CS=0x1b (CPL=3) -- ptr=0x555550003c41 len=70 -- raw bytes >>>
  real on-disk ELF written, real fork()+exec()+wait() -- child exited=
<<< end of write (70 bytes)
milestone 33: syscall WRITE (process 3) also reads its own private heap at 0x555570000000 -- marker byte 0x00 (' ')
milestone 31: syscall WRITE (process 3) -- hardware-recorded CS=0x1b (CPL=3) -- ptr=0x5555500034c4 len=4 -- raw bytes >>>
true
<<< end of write (4 bytes)
milestone 33: syscall WRITE (process 3) also reads its own private heap at 0x555570000000 -- marker byte 0x00 (' ')
milestone 31: syscall WRITE (process 3) -- hardware-recorded CS=0x1b (CPL=3) -- ptr=0x5555500038ff len=16 -- raw bytes >>>
 real exit code=
<<< end of write (16 bytes)
milestone 33: syscall WRITE (process 3) also reads its own private heap at 0x555570000000 -- marker byte 0x00 (' ')
milestone 31: syscall WRITE (process 3) -- hardware-recorded CS=0x1b (CPL=3) -- ptr=0x555560000e97 len=1 -- raw bytes >>>
7
<<< end of write (1 bytes)
milestone 33: syscall WRITE (process 3) also reads its own private heap at 0x555570000000 -- marker byte 0x00 (' ')
milestone 31: syscall WRITE (process 3) -- hardware-recorded CS=0x1b (CPL=3) -- ptr=0x555560000e97 len=1 -- raw bytes >>>
5
<<< end of write (1 bytes)
milestone 33: syscall WRITE (process 3) also reads its own private heap at 0x555570000000 -- marker byte 0x00 (' ')
milestone 31: syscall WRITE (process 3) -- hardware-recorded CS=0x1b (CPL=3) -- ptr=0x555550003c8c len=28 -- raw bytes >>>
 (expected exited=true code=
<<< end of write (28 bytes)
milestone 33: syscall WRITE (process 3) also reads its own private heap at 0x555570000000 -- marker byte 0x00 (' ')
milestone 31: syscall WRITE (process 3) -- hardware-recorded CS=0x1b (CPL=3) -- ptr=0x555560000e97 len=1 -- raw bytes >>>
7
<<< end of write (1 bytes)
milestone 33: syscall WRITE (process 3) also reads its own private heap at 0x555570000000 -- marker byte 0x00 (' ')
milestone 31: syscall WRITE (process 3) -- hardware-recorded CS=0x1b (CPL=3) -- ptr=0x555560000e97 len=1 -- raw bytes >>>
5
<<< end of write (1 bytes)
milestone 33: syscall WRITE (process 3) also reads its own private heap at 0x555570000000 -- marker byte 0x00 (' ')
milestone 31: syscall WRITE (process 3) -- hardware-recorded CS=0x1b (CPL=3) -- ptr=0x555550003ca8 len=2 -- raw bytes >>>
)

<<< end of write (2 bytes)
milestone 33: syscall WRITE (process 3) also reads its own private heap at 0x555570000000 -- marker byte 0x00 (' ')
milestone 31: syscall WRITE (process 3) -- hardware-recorded CS=0x1b (CPL=3) -- ptr=0x555550004a62 len=47 -- raw bytes >>>
case28_real_elf_exec_two_param_call_returns_75=
<<< end of write (47 bytes)
milestone 33: syscall WRITE (process 3) also reads its own private heap at 0x555570000000 -- marker byte 0x00 (' ')
milestone 31: syscall WRITE (process 3) -- hardware-recorded CS=0x1b (CPL=3) -- ptr=0x5555500034c0 len=4 -- raw bytes >>>
PASS
<<< end of write (4 bytes)
milestone 33: syscall WRITE (process 3) also reads its own private heap at 0x555570000000 -- marker byte 0x00 (' ')
milestone 31: syscall WRITE (process 3) -- hardware-recorded CS=0x1b (CPL=3) -- ptr=0x5555500034d4 len=1 -- raw bytes >>>
 
<<< end of write (1 bytes)
milestone 33: syscall WRITE (process 3) also reads its own private heap at 0x555570000000 -- marker byte 0x00 (' ')
milestone 31: syscall WRITE (process 3) -- hardware-recorded CS=0x1b (CPL=3) -- ptr=0x5555500035bc len=1 -- raw bytes >>>


<<< end of write (1 bytes)
milestone 33: syscall WRITE (process 3) also reads its own private heap at 0x555570000000 -- marker byte 0x00 (' ')
milestone 33: syscall SBRK (process 3) -- hardware-recorded CS=0x1b (CPL=3) -- requested 3080 bytes, returning heap pointer 0x5555700209d8
milestone 33: syscall SBRK (process 3) -- hardware-recorded CS=0x1b (CPL=3) -- requested 40 bytes, returning heap pointer 0x5555700215e0
milestone 57: demand-paged heap page 33 for process 3 (fault addr 0x5555700215e0) -- fresh zeroed physical frame 0x1b1000 mapped, resuming the faulting instruction
milestone 33: syscall SBRK (process 3) -- hardware-recorded CS=0x1b (CPL=3) -- requested 64 bytes, returning heap pointer 0x555570021608
milestone 33: syscall SBRK (process 3) -- hardware-recorded CS=0x1b (CPL=3) -- requested 64 bytes, returning heap pointer 0x555570021648
milestone 33: syscall SBRK (process 3) -- hardware-recorded CS=0x1b (CPL=3) -- requested 64 bytes, returning heap pointer 0x555570021688
milestone 33: syscall SBRK (process 3) -- hardware-recorded CS=0x1b (CPL=3) -- requested 56 bytes, returning heap pointer 0x5555700216c8
milestone 33: syscall SBRK (process 3) -- hardware-recorded CS=0x1b (CPL=3) -- requested 56 bytes, returning heap pointer 0x555570021700
milestone 33: syscall SBRK (process 3) -- hardware-recorded CS=0x1b (CPL=3) -- requested 104 bytes, returning heap pointer 0x555570021738
milestone 33: syscall SBRK (process 3) -- hardware-recorded CS=0x1b (CPL=3) -- requested 136 bytes, returning heap pointer 0x5555700217a0
milestone 33: syscall SBRK (process 3) -- hardware-recorded CS=0x1b (CPL=3) -- requested 16 bytes, returning heap pointer 0x555570021828
milestone 33: syscall SBRK (process 3) -- hardware-recorded CS=0x1b (CPL=3) -- requested 2056 bytes, returning heap pointer 0x555570021838
milestone 33: syscall SBRK (process 3) -- hardware-recorded CS=0x1b (CPL=3) -- requested 104 bytes, returning heap pointer 0x555570022040
milestone 57: demand-paged heap page 34 for process 3 (fault addr 0x555570022040) -- fresh zeroed physical frame 0x1ad000 mapped, resuming the faulting instruction
milestone 31: syscall WRITE (process 3) -- hardware-recorded CS=0x1b (CPL=3) -- ptr=0x555550004a91 len=66 -- raw bytes >>>
  case29 real codegen error -- undeclared function at byte offset=
<<< end of write (66 bytes)
milestone 33: syscall WRITE (process 3) also reads its own private heap at 0x555570000000 -- marker byte 0x00 (' ')
milestone 31: syscall WRITE (process 3) -- hardware-recorded CS=0x1b (CPL=3) -- ptr=0x555560000e97 len=1 -- raw bytes >>>
2
<<< end of write (1 bytes)
milestone 33: syscall WRITE (process 3) also reads its own private heap at 0x555570000000 -- marker byte 0x00 (' ')
milestone 31: syscall WRITE (process 3) -- hardware-recorded CS=0x1b (CPL=3) -- ptr=0x555560000e97 len=1 -- raw bytes >>>
0
<<< end of write (1 bytes)
milestone 33: syscall WRITE (process 3) also reads its own private heap at 0x555570000000 -- marker byte 0x00 (' ')
milestone 31: syscall WRITE (process 3) -- hardware-recorded CS=0x1b (CPL=3) -- ptr=0x5555500035bc len=1 -- raw bytes >>>


<<< end of write (1 bytes)
milestone 33: syscall WRITE (process 3) also reads its own private heap at 0x555570000000 -- marker byte 0x00 (' ')
milestone 31: syscall WRITE (process 3) -- hardware-recorded CS=0x1b (CPL=3) -- ptr=0x555550004b6f len=45 -- raw bytes >>>
case29_undeclared_function_error_at_offset20=
<<< end of write (45 bytes)
milestone 33: syscall WRITE (process 3) also reads its own private heap at 0x555570000000 -- marker byte 0x00 (' ')
milestone 31: syscall WRITE (process 3) -- hardware-recorded CS=0x1b (CPL=3) -- ptr=0x5555500034c0 len=4 -- raw bytes >>>
PASS
<<< end of write (4 bytes)
milestone 33: syscall WRITE (process 3) also reads its own private heap at 0x555570000000 -- marker byte 0x00 (' ')
milestone 31: syscall WRITE (process 3) -- hardware-recorded CS=0x1b (CPL=3) -- ptr=0x5555500034d4 len=1 -- raw bytes >>>
 
<<< end of write (1 bytes)
milestone 33: syscall WRITE (process 3) also reads its own private heap at 0x555570000000 -- marker byte 0x00 (' ')
milestone 31: syscall WRITE (process 3) -- hardware-recorded CS=0x1b (CPL=3) -- ptr=0x5555500035bc len=1 -- raw bytes >>>


<<< end of write (1 bytes)
milestone 33: syscall WRITE (process 3) also reads its own private heap at 0x555570000000 -- marker byte 0x00 (' ')
milestone 31: syscall WRITE (process 3) -- hardware-recorded CS=0x1b (CPL=3) -- ptr=0x555550004b9c len=12 -- raw bytes >>>
OVERALL_M72=
<<< end of write (12 bytes)
milestone 33: syscall WRITE (process 3) also reads its own private heap at 0x555570000000 -- marker byte 0x00 (' ')
milestone 31: syscall WRITE (process 3) -- hardware-recorded CS=0x1b (CPL=3) -- ptr=0x5555500034c0 len=4 -- raw bytes >>>
PASS
<<< end of write (4 bytes)
milestone 33: syscall WRITE (process 3) also reads its own private heap at 0x555570000000 -- marker byte 0x00 (' ')
milestone 31: syscall WRITE (process 3) -- hardware-recorded CS=0x1b (CPL=3) -- ptr=0x5555500035bc len=1 -- raw bytes >>>


<<< end of write (1 bytes)
milestone 33: syscall WRITE (process 3) also reads its own private heap at 0x555570000000 -- marker byte 0x00 (' ')
milestone 31: syscall WRITE (process 3) -- hardware-recorded CS=0x1b (CPL=3) -- ptr=0x5555500035bc len=1 -- raw bytes >>>


<<< end of write (1 bytes)
milestone 33: syscall WRITE (process 3) also reads its own private heap at 0x555570000000 -- marker byte 0x00 (' ')
milestone 31: syscall WRITE (process 3) -- hardware-recorded CS=0x1b (CPL=3) -- ptr=0x555550004ba8 len=61 -- raw bytes >>>
milestone 73: cc direct self-recursion verification starting

<<< end of write (61 bytes)
milestone 33: syscall WRITE (process 3) also reads its own private heap at 0x555570000000 -- marker byte 0x00 (' ')
milestone 33: syscall SBRK (process 3) -- hardware-recorded CS=0x1b (CPL=3) -- requested 3080 bytes, returning heap pointer 0x5555700220a8
milestone 33: syscall SBRK (process 3) -- hardware-recorded CS=0x1b (CPL=3) -- requested 40 bytes, returning heap pointer 0x555570022cb0
milestone 33: syscall SBRK (process 3) -- hardware-recorded CS=0x1b (CPL=3) -- requested 64 bytes, returning heap pointer 0x555570022cd8
milestone 33: syscall SBRK (process 3) -- hardware-recorded CS=0x1b (CPL=3) -- requested 64 bytes, returning heap pointer 0x555570022d18
milestone 33: syscall SBRK (process 3) -- hardware-recorded CS=0x1b (CPL=3) -- requested 64 bytes, returning heap pointer 0x555570022d58
milestone 33: syscall SBRK (process 3) -- hardware-recorded CS=0x1b (CPL=3) -- requested 64 bytes, returning heap pointer 0x555570022d98
milestone 33: syscall SBRK (process 3) -- hardware-recorded CS=0x1b (CPL=3) -- requested 56 bytes, returning heap pointer 0x555570022dd8
milestone 33: syscall SBRK (process 3) -- hardware-recorded CS=0x1b (CPL=3) -- requested 64 bytes, returning heap pointer 0x555570022e10
milestone 33: syscall SBRK (process 3) -- hardware-recorded CS=0x1b (CPL=3) -- requested 40 bytes, returning heap pointer 0x555570022e50
milestone 33: syscall SBRK (process 3) -- hardware-recorded CS=0x1b (CPL=3) -- requested 64 bytes, returning heap pointer 0x555570022e78
milestone 33: syscall SBRK (process 3) -- hardware-recorded CS=0x1b (CPL=3) -- requested 64 bytes, returning heap pointer 0x555570022eb8
milestone 33: syscall SBRK (process 3) -- hardware-recorded CS=0x1b (CPL=3) -- requested 64 bytes, returning heap pointer 0x555570022ef8
milestone 33: syscall SBRK (process 3) -- hardware-recorded CS=0x1b (CPL=3) -- requested 64 bytes, returning heap pointer 0x555570022f38
milestone 33: syscall SBRK (process 3) -- hardware-recorded CS=0x1b (CPL=3) -- requested 64 bytes, returning heap pointer 0x555570022f78
milestone 33: syscall SBRK (process 3) -- hardware-recorded CS=0x1b (CPL=3) -- requested 56 bytes, returning heap pointer 0x555570022fb8
milestone 33: syscall SBRK (process 3) -- hardware-recorded CS=0x1b (CPL=3) -- requested 56 bytes, returning heap pointer 0x555570022ff0
milestone 57: demand-paged heap page 35 for process 3 (fault addr 0x555570023000) -- fresh zeroed physical frame 0x1ac000 mapped, resuming the faulting instruction
milestone 33: syscall SBRK (process 3) -- hardware-recorded CS=0x1b (CPL=3) -- requested 56 bytes, returning heap pointer 0x555570023028
milestone 33: syscall SBRK (process 3) -- hardware-recorded CS=0x1b (CPL=3) -- requested 40 bytes, returning heap pointer 0x555570023060
milestone 33: syscall SBRK (process 3) -- hardware-recorded CS=0x1b (CPL=3) -- requested 64 bytes, returning heap pointer 0x555570023088
milestone 33: syscall SBRK (process 3) -- hardware-recorded CS=0x1b (CPL=3) -- requested 64 bytes, returning heap pointer 0x5555700230c8
milestone 33: syscall SBRK (process 3) -- hardware-recorded CS=0x1b (CPL=3) -- requested 56 bytes, returning heap pointer 0x555570023108
milestone 33: syscall SBRK (process 3) -- hardware-recorded CS=0x1b (CPL=3) -- requested 56 bytes, returning heap pointer 0x555570023140
milestone 33: syscall SBRK (process 3) -- hardware-recorded CS=0x1b (CPL=3) -- requested 104 bytes, returning heap pointer 0x555570023178
milestone 33: syscall SBRK (process 3) -- hardware-recorded CS=0x1b (CPL=3) -- requested 136 bytes, returning heap pointer 0x5555700231e0
milestone 33: syscall SBRK (process 3) -- hardware-recorded CS=0x1b (CPL=3) -- requested 16 bytes, returning heap pointer 0x555570023268
milestone 33: syscall SBRK (process 3) -- hardware-recorded CS=0x1b (CPL=3) -- requested 2056 bytes, returning heap pointer 0x555570023278
milestone 33: syscall SBRK (process 3) -- hardware-recorded CS=0x1b (CPL=3) -- requested 104 bytes, returning heap pointer 0x555570023a80
milestone 33: syscall SBRK (process 3) -- hardware-recorded CS=0x1b (CPL=3) -- requested 104 bytes, returning heap pointer 0x555570023ae8
milestone 31: syscall WRITE (process 3) -- hardware-recorded CS=0x1b (CPL=3) -- ptr=0x555550004c59 len=70 -- raw bytes >>>
  case30 (sum_to(10) = 10+9+...+0, real self-recursive call) returned=
<<< end of write (70 bytes)
milestone 33: syscall WRITE (process 3) also reads its own private heap at 0x555570000000 -- marker byte 0x00 (' ')
milestone 31: syscall WRITE (process 3) -- hardware-recorded CS=0x1b (CPL=3) -- ptr=0x555560000e97 len=1 -- raw bytes >>>
5
<<< end of write (1 bytes)
milestone 33: syscall WRITE (process 3) also reads its own private heap at 0x555570000000 -- marker byte 0x00 (' ')
milestone 31: syscall WRITE (process 3) -- hardware-recorded CS=0x1b (CPL=3) -- ptr=0x555560000e97 len=1 -- raw bytes >>>
5
<<< end of write (1 bytes)
milestone 33: syscall WRITE (process 3) also reads its own private heap at 0x555570000000 -- marker byte 0x00 (' ')
milestone 31: syscall WRITE (process 3) -- hardware-recorded CS=0x1b (CPL=3) -- ptr=0x555550004c9f len=15 -- raw bytes >>>
 (expected 55)

<<< end of write (15 bytes)
milestone 33: syscall WRITE (process 3) also reads its own private heap at 0x555570000000 -- marker byte 0x00 (' ')
milestone 31: syscall WRITE (process 3) -- hardware-recorded CS=0x1b (CPL=3) -- ptr=0x555550004cae len=37 -- raw bytes >>>
case30_self_recursive_sum_returns_55=
<<< end of write (37 bytes)
milestone 33: syscall WRITE (process 3) also reads its own private heap at 0x555570000000 -- marker byte 0x00 (' ')
milestone 31: syscall WRITE (process 3) -- hardware-recorded CS=0x1b (CPL=3) -- ptr=0x5555500034c0 len=4 -- raw bytes >>>
PASS
<<< end of write (4 bytes)
milestone 33: syscall WRITE (process 3) also reads its own private heap at 0x555570000000 -- marker byte 0x00 (' ')
milestone 31: syscall WRITE (process 3) -- hardware-recorded CS=0x1b (CPL=3) -- ptr=0x5555500034d4 len=1 -- raw bytes >>>
 
<<< end of write (1 bytes)
milestone 33: syscall WRITE (process 3) also reads its own private heap at 0x555570000000 -- marker byte 0x00 (' ')
milestone 31: syscall WRITE (process 3) -- hardware-recorded CS=0x1b (CPL=3) -- ptr=0x5555500035bc len=1 -- raw bytes >>>


<<< end of write (1 bytes)
milestone 33: syscall WRITE (process 3) also reads its own private heap at 0x555570000000 -- marker byte 0x00 (' ')
milestone 33: syscall SBRK (process 3) -- hardware-recorded CS=0x1b (CPL=3) -- requested 3080 bytes, returning heap pointer 0x555570023b50
milestone 33: syscall SBRK (process 3) -- hardware-recorded CS=0x1b (CPL=3) -- requested 40 bytes, returning heap pointer 0x555570024758
milestone 57: demand-paged heap page 36 for process 3 (fault addr 0x555570024758) -- fresh zeroed physical frame 0x1ae000 mapped, resuming the faulting instruction
milestone 33: syscall SBRK (process 3) -- hardware-recorded CS=0x1b (CPL=3) -- requested 64 bytes, returning heap pointer 0x555570024780
milestone 33: syscall SBRK (process 3) -- hardware-recorded CS=0x1b (CPL=3) -- requested 64 bytes, returning heap pointer 0x5555700247c0
milestone 33: syscall SBRK (process 3) -- hardware-recorded CS=0x1b (CPL=3) -- requested 64 bytes, returning heap pointer 0x555570024800
milestone 33: syscall SBRK (process 3) -- hardware-recorded CS=0x1b (CPL=3) -- requested 64 bytes, returning heap pointer 0x555570024840
milestone 33: syscall SBRK (process 3) -- hardware-recorded CS=0x1b (CPL=3) -- requested 56 bytes, returning heap pointer 0x555570024880
milestone 33: syscall SBRK (process 3) -- hardware-recorded CS=0x1b (CPL=3) -- requested 64 bytes, returning heap pointer 0x5555700248b8
milestone 33: syscall SBRK (process 3) -- hardware-recorded CS=0x1b (CPL=3) -- requested 40 bytes, returning heap pointer 0x5555700248f8
milestone 33: syscall SBRK (process 3) -- hardware-recorded CS=0x1b (CPL=3) -- requested 64 bytes, returning heap pointer 0x555570024920
milestone 33: syscall SBRK (process 3) -- hardware-recorded CS=0x1b (CPL=3) -- requested 64 bytes, returning heap pointer 0x555570024960
milestone 33: syscall SBRK (process 3) -- hardware-recorded CS=0x1b (CPL=3) -- requested 64 bytes, returning heap pointer 0x5555700249a0
milestone 33: syscall SBRK (process 3) -- hardware-recorded CS=0x1b (CPL=3) -- requested 64 bytes, returning heap pointer 0x5555700249e0
milestone 33: syscall SBRK (process 3) -- hardware-recorded CS=0x1b (CPL=3) -- requested 64 bytes, returning heap pointer 0x555570024a20
milestone 33: syscall SBRK (process 3) -- hardware-recorded CS=0x1b (CPL=3) -- requested 56 bytes, returning heap pointer 0x555570024a60
milestone 33: syscall SBRK (process 3) -- hardware-recorded CS=0x1b (CPL=3) -- requested 56 bytes, returning heap pointer 0x555570024a98
milestone 33: syscall SBRK (process 3) -- hardware-recorded CS=0x1b (CPL=3) -- requested 56 bytes, returning heap pointer 0x555570024ad0
milestone 33: syscall SBRK (process 3) -- hardware-recorded CS=0x1b (CPL=3) -- requested 40 bytes, returning heap pointer 0x555570024b08
milestone 33: syscall SBRK (process 3) -- hardware-recorded CS=0x1b (CPL=3) -- requested 64 bytes, returning heap pointer 0x555570024b30
milestone 33: syscall SBRK (process 3) -- hardware-recorded CS=0x1b (CPL=3) -- requested 64 bytes, returning heap pointer 0x555570024b70
milestone 33: syscall SBRK (process 3) -- hardware-recorded CS=0x1b (CPL=3) -- requested 56 bytes, returning heap pointer 0x555570024bb0
milestone 33: syscall SBRK (process 3) -- hardware-recorded CS=0x1b (CPL=3) -- requested 56 bytes, returning heap pointer 0x555570024be8
milestone 33: syscall SBRK (process 3) -- hardware-recorded CS=0x1b (CPL=3) -- requested 104 bytes, returning heap pointer 0x555570024c20
milestone 33: syscall SBRK (process 3) -- hardware-recorded CS=0x1b (CPL=3) -- requested 136 bytes, returning heap pointer 0x555570024c88
milestone 33: syscall SBRK (process 3) -- hardware-recorded CS=0x1b (CPL=3) -- requested 16 bytes, returning heap pointer 0x555570024d10
milestone 33: syscall SBRK (process 3) -- hardware-recorded CS=0x1b (CPL=3) -- requested 2056 bytes, returning heap pointer 0x555570024d20
milestone 33: syscall SBRK (process 3) -- hardware-recorded CS=0x1b (CPL=3) -- requested 104 bytes, returning heap pointer 0x555570025528
milestone 57: demand-paged heap page 37 for process 3 (fault addr 0x555570025528) -- fresh zeroed physical frame 0x1af000 mapped, resuming the faulting instruction
milestone 33: syscall SBRK (process 3) -- hardware-recorded CS=0x1b (CPL=3) -- requested 104 bytes, returning heap pointer 0x555570025590
milestone 33: syscall SBRK (process 3) -- hardware-recorded CS=0x1b (CPL=3) -- requested 264 bytes, returning heap pointer 0x5555700255f8
milestone 35: syscall OPEN (process 3) -- hardware-recorded CS=0x1b (CPL=3) -- path='ccout1' -> fd 0
milestone 35: syscall FDWRITE (process 3) -- hardware-recorded CS=0x1b (CPL=3) -- fd=0 requested=253 accepted=253 bytes
milestone 35: syscall CLOSE (process 3) -- fd 0 was dirty, persisted 324 bytes to 'ccout1' on the real on-disk filesystem
milestone 35: syscall CLOSE (process 3) -- hardware-recorded CS=0x1b (CPL=3) -- fd=0 closed successfully
milestone 30: process forked-child -- user p4 index computed as 170 (code 0x555550000000, stack 0x555560000000)
milestone 30: process forked-child -- new pml4 0x1b2000 populated: 511 kernel-space entries shared, index 170 left private
milestone 30: process forked-child -- private code page mapped to frame 0x1b0000, private stack page mapped to frame 0x1ab000
milestone 57: process forked-child -- private heap RESERVED (not mapped): 64 pages at 0x555570000000..0x55557003ffff, 0 physical frames committed until a real page fault demand-pages one
milestone 34: process forked-child -- copied 4096 image bytes into private code frame 0x1b0000
milestone 37: fork() -- child's code frame 0x1b0000 holds a REAL byte-for-byte copy of the parent's code frame 0x143000 (independently verifiable: same virtual address USER_CODE_ADDR under either process's own CR3, genuinely different physical frames)
milestone 69: fork() -- child also got 8 extra code page(s) REALLY remapped+copied (real fix -- see extra_frames' own doc comment on Process for the bug this closes; a multi-page ELF-loaded parent's pages beyond page 0 used to be silently dropped by fork())
milestone 37: syscall FORK (process 3, 'elf-loaded') -- created child pid 14: pml4=0x1b2000 code_frame=0x1b0000 resume point rip=0x555550002410 rsp=0x555560000eb8
milestone 37: syscall FORK (process 3) -- hardware-recorded CS=0x1b (CPL=3) -- created child pid 14
milestone 37: wait() -- switching CR3 to forked child pid 14's own pml4 0x1b2000, resuming at rip=0x555550002410 rsp=0x555560000eb8 (its own fork()-time snapshot, rax forced to 0)
milestone 36: process exec'd -- ELF validated: e_entry=0x5555500000d9 falls inside a mapped segment, 1 PT_LOAD segment(s), 1 total page(s), all within private p4 index 170
milestone 36: process exec'd -- new pml4 0x1b6000 populated: 511 kernel-space entries shared, index 170 left private
milestone 36: process exec'd -- mapped 1 PT_LOAD page(s): [(93824902758400, 1798144, 253, 5)]
milestone 36: process exec'd -- private stack page mapped to frame 0x1bb000
milestone 57: process exec'd -- private heap RESERVED (not mapped): 64 pages at 0x555570000000..0x55557003ffff, 0 physical frames committed until a real page fault demand-pages one
milestone 54: reclaim_process_frames('forked-child') -- freed 54 physical frame(s) back to the allocator's free list
milestone 45: syscall EXEC (process 14) -- REAL teardown-and-rebuild complete: new pml4=0x1b6000, new entry=0x5555500000d9 (real parsed e_entry), fd table/parent_pid/pgid preserved, CR3 switched
milestone 45: syscall EXEC (process 14) -- hardware-recorded CS=0x1b (CPL=3) -- REAL teardown-and-rebuild from 'ccout1' (324 real ELF bytes read from the on-disk filesystem), new address space, jumping directly into the real parsed entry 0x5555500000d9, never returning to the old one
milestone 30: syscall EXIT -- hardware-recorded CS=0x1b (CPL=3) -- discarding ring-3 context, resuming kernel context
milestone 37: wait() -- forked child pid 14 resumed in kernel context (its own exit() syscall ran; CR3 is currently the KERNEL's own, restored to the parent's by wait_for_child() next)
milestone 54: reclaim_process_frames('exec'd') -- freed 7 physical frame(s) back to the allocator's free list
milestone 43: syscall WAIT (process 3) -- child pid 14 ran to completion and was reaped (real exit code 120), CR3 restored to parent's own pml4 0x135000
milestone 43: syscall WAIT (process 3) -- hardware-recorded CS=0x1b (CPL=3) -- reaped child pid 14, exited normally with code 120
milestone 31: syscall WRITE (process 3) -- hardware-recorded CS=0x1b (CPL=3) -- ptr=0x555550003c41 len=70 -- raw bytes >>>
  real on-disk ELF written, real fork()+exec()+wait() -- child exited=
<<< end of write (70 bytes)
milestone 33: syscall WRITE (process 3) also reads its own private heap at 0x555570000000 -- marker byte 0x00 (' ')
milestone 31: syscall WRITE (process 3) -- hardware-recorded CS=0x1b (CPL=3) -- ptr=0x5555500034c4 len=4 -- raw bytes >>>
true
<<< end of write (4 bytes)
milestone 33: syscall WRITE (process 3) also reads its own private heap at 0x555570000000 -- marker byte 0x00 (' ')
milestone 31: syscall WRITE (process 3) -- hardware-recorded CS=0x1b (CPL=3) -- ptr=0x5555500038ff len=16 -- raw bytes >>>
 real exit code=
<<< end of write (16 bytes)
milestone 33: syscall WRITE (process 3) also reads its own private heap at 0x555570000000 -- marker byte 0x00 (' ')
milestone 31: syscall WRITE (process 3) -- hardware-recorded CS=0x1b (CPL=3) -- ptr=0x555560000e97 len=1 -- raw bytes >>>
1
<<< end of write (1 bytes)
milestone 33: syscall WRITE (process 3) also reads its own private heap at 0x555570000000 -- marker byte 0x00 (' ')
milestone 31: syscall WRITE (process 3) -- hardware-recorded CS=0x1b (CPL=3) -- ptr=0x555560000e97 len=1 -- raw bytes >>>
2
<<< end of write (1 bytes)
milestone 33: syscall WRITE (process 3) also reads its own private heap at 0x555570000000 -- marker byte 0x00 (' ')
milestone 31: syscall WRITE (process 3) -- hardware-recorded CS=0x1b (CPL=3) -- ptr=0x555560000e97 len=1 -- raw bytes >>>
0
<<< end of write (1 bytes)
milestone 33: syscall WRITE (process 3) also reads its own private heap at 0x555570000000 -- marker byte 0x00 (' ')
milestone 31: syscall WRITE (process 3) -- hardware-recorded CS=0x1b (CPL=3) -- ptr=0x555550003c8c len=28 -- raw bytes >>>
 (expected exited=true code=
<<< end of write (28 bytes)
milestone 33: syscall WRITE (process 3) also reads its own private heap at 0x555570000000 -- marker byte 0x00 (' ')
milestone 31: syscall WRITE (process 3) -- hardware-recorded CS=0x1b (CPL=3) -- ptr=0x555560000e97 len=1 -- raw bytes >>>
1
<<< end of write (1 bytes)
milestone 33: syscall WRITE (process 3) also reads its own private heap at 0x555570000000 -- marker byte 0x00 (' ')
milestone 31: syscall WRITE (process 3) -- hardware-recorded CS=0x1b (CPL=3) -- ptr=0x555560000e97 len=1 -- raw bytes >>>
2
<<< end of write (1 bytes)
milestone 33: syscall WRITE (process 3) also reads its own private heap at 0x555570000000 -- marker byte 0x00 (' ')
milestone 31: syscall WRITE (process 3) -- hardware-recorded CS=0x1b (CPL=3) -- ptr=0x555560000e97 len=1 -- raw bytes >>>
0
<<< end of write (1 bytes)
milestone 33: syscall WRITE (process 3) also reads its own private heap at 0x555570000000 -- marker byte 0x00 (' ')
milestone 31: syscall WRITE (process 3) -- hardware-recorded CS=0x1b (CPL=3) -- ptr=0x555550003ca8 len=2 -- raw bytes >>>
)

<<< end of write (2 bytes)
milestone 33: syscall WRITE (process 3) also reads its own private heap at 0x555570000000 -- marker byte 0x00 (' ')
milestone 31: syscall WRITE (process 3) -- hardware-recorded CS=0x1b (CPL=3) -- ptr=0x555550004d6f len=58 -- raw bytes >>>
case31_real_elf_exec_self_recursive_factorial_returns_120=
<<< end of write (58 bytes)
milestone 33: syscall WRITE (process 3) also reads its own private heap at 0x555570000000 -- marker byte 0x00 (' ')
milestone 31: syscall WRITE (process 3) -- hardware-recorded CS=0x1b (CPL=3) -- ptr=0x5555500034c0 len=4 -- raw bytes >>>
PASS
<<< end of write (4 bytes)
milestone 33: syscall WRITE (process 3) also reads its own private heap at 0x555570000000 -- marker byte 0x00 (' ')
milestone 31: syscall WRITE (process 3) -- hardware-recorded CS=0x1b (CPL=3) -- ptr=0x5555500034d4 len=1 -- raw bytes >>>
 
<<< end of write (1 bytes)
milestone 33: syscall WRITE (process 3) also reads its own private heap at 0x555570000000 -- marker byte 0x00 (' ')
milestone 31: syscall WRITE (process 3) -- hardware-recorded CS=0x1b (CPL=3) -- ptr=0x5555500035bc len=1 -- raw bytes >>>


<<< end of write (1 bytes)
milestone 33: syscall WRITE (process 3) also reads its own private heap at 0x555570000000 -- marker byte 0x00 (' ')
milestone 31: syscall WRITE (process 3) -- hardware-recorded CS=0x1b (CPL=3) -- ptr=0x555550004da9 len=12 -- raw bytes >>>
OVERALL_M73=
<<< end of write (12 bytes)
milestone 33: syscall WRITE (process 3) also reads its own private heap at 0x555570000000 -- marker byte 0x00 (' ')
milestone 31: syscall WRITE (process 3) -- hardware-recorded CS=0x1b (CPL=3) -- ptr=0x5555500034c0 len=4 -- raw bytes >>>
PASS
<<< end of write (4 bytes)
milestone 33: syscall WRITE (process 3) also reads its own private heap at 0x555570000000 -- marker byte 0x00 (' ')
milestone 31: syscall WRITE (process 3) -- hardware-recorded CS=0x1b (CPL=3) -- ptr=0x5555500035bc len=1 -- raw bytes >>>


<<< end of write (1 bytes)
milestone 33: syscall WRITE (process 3) also reads its own private heap at 0x555570000000 -- marker byte 0x00 (' ')
milestone 31: syscall WRITE (process 3) -- hardware-recorded CS=0x1b (CPL=3) -- ptr=0x5555500035bc len=1 -- raw bytes >>>


<<< end of write (1 bytes)
milestone 33: syscall WRITE (process 3) also reads its own private heap at 0x555570000000 -- marker byte 0x00 (' ')
milestone 31: syscall WRITE (process 3) -- hardware-recorded CS=0x1b (CPL=3) -- ptr=0x555550004db5 len=73 -- raw bytes >>>
milestone 74: cc forward-call and mutual-recursion verification starting

<<< end of write (73 bytes)
milestone 33: syscall WRITE (process 3) also reads its own private heap at 0x555570000000 -- marker byte 0x00 (' ')
milestone 33: syscall SBRK (process 3) -- hardware-recorded CS=0x1b (CPL=3) -- requested 3080 bytes, returning heap pointer 0x555570025700
milestone 33: syscall SBRK (process 3) -- hardware-recorded CS=0x1b (CPL=3) -- requested 40 bytes, returning heap pointer 0x555570026308
milestone 57: demand-paged heap page 38 for process 3 (fault addr 0x555570026308) -- fresh zeroed physical frame 0x1bb000 mapped, resuming the faulting instruction
milestone 33: syscall SBRK (process 3) -- hardware-recorded CS=0x1b (CPL=3) -- requested 64 bytes, returning heap pointer 0x555570026330
milestone 33: syscall SBRK (process 3) -- hardware-recorded CS=0x1b (CPL=3) -- requested 64 bytes, returning heap pointer 0x555570026370
milestone 33: syscall SBRK (process 3) -- hardware-recorded CS=0x1b (CPL=3) -- requested 56 bytes, returning heap pointer 0x5555700263b0
milestone 33: syscall SBRK (process 3) -- hardware-recorded CS=0x1b (CPL=3) -- requested 56 bytes, returning heap pointer 0x5555700263e8
milestone 33: syscall SBRK (process 3) -- hardware-recorded CS=0x1b (CPL=3) -- requested 40 bytes, returning heap pointer 0x555570026420
milestone 33: syscall SBRK (process 3) -- hardware-recorded CS=0x1b (CPL=3) -- requested 64 bytes, returning heap pointer 0x555570026448
milestone 33: syscall SBRK (process 3) -- hardware-recorded CS=0x1b (CPL=3) -- requested 64 bytes, returning heap pointer 0x555570026488
milestone 33: syscall SBRK (process 3) -- hardware-recorded CS=0x1b (CPL=3) -- requested 64 bytes, returning heap pointer 0x5555700264c8
milestone 33: syscall SBRK (process 3) -- hardware-recorded CS=0x1b (CPL=3) -- requested 56 bytes, returning heap pointer 0x555570026508
milestone 33: syscall SBRK (process 3) -- hardware-recorded CS=0x1b (CPL=3) -- requested 56 bytes, returning heap pointer 0x555570026540
milestone 33: syscall SBRK (process 3) -- hardware-recorded CS=0x1b (CPL=3) -- requested 104 bytes, returning heap pointer 0x555570026578
milestone 33: syscall SBRK (process 3) -- hardware-recorded CS=0x1b (CPL=3) -- requested 136 bytes, returning heap pointer 0x5555700265e0
milestone 33: syscall SBRK (process 3) -- hardware-recorded CS=0x1b (CPL=3) -- requested 16 bytes, returning heap pointer 0x555570026668
milestone 33: syscall SBRK (process 3) -- hardware-recorded CS=0x1b (CPL=3) -- requested 2056 bytes, returning heap pointer 0x555570026678
milestone 33: syscall SBRK (process 3) -- hardware-recorded CS=0x1b (CPL=3) -- requested 104 bytes, returning heap pointer 0x555570026e80
milestone 33: syscall SBRK (process 3) -- hardware-recorded CS=0x1b (CPL=3) -- requested 104 bytes, returning heap pointer 0x555570026ee8
milestone 31: syscall WRITE (process 3) -- hardware-recorded CS=0x1b (CPL=3) -- ptr=0x555550004e3f len=75 -- raw bytes >>>
  case32 (main calls add5, defined AFTER it -- real forward call) returned=
<<< end of write (75 bytes)
milestone 33: syscall WRITE (process 3) also reads its own private heap at 0x555570000000 -- marker byte 0x00 (' ')
milestone 31: syscall WRITE (process 3) -- hardware-recorded CS=0x1b (CPL=3) -- ptr=0x555560000e97 len=1 -- raw bytes >>>
1
<<< end of write (1 bytes)
milestone 33: syscall WRITE (process 3) also reads its own private heap at 0x555570000000 -- marker byte 0x00 (' ')
milestone 31: syscall WRITE (process 3) -- hardware-recorded CS=0x1b (CPL=3) -- ptr=0x555560000e97 len=1 -- raw bytes >>>
5
<<< end of write (1 bytes)
milestone 33: syscall WRITE (process 3) also reads its own private heap at 0x555570000000 -- marker byte 0x00 (' ')
milestone 31: syscall WRITE (process 3) -- hardware-recorded CS=0x1b (CPL=3) -- ptr=0x555550004367 len=15 -- raw bytes >>>
 (expected 15)

<<< end of write (15 bytes)
milestone 33: syscall WRITE (process 3) also reads its own private heap at 0x555570000000 -- marker byte 0x00 (' ')
milestone 31: syscall WRITE (process 3) -- hardware-recorded CS=0x1b (CPL=3) -- ptr=0x555550004e8a len=36 -- raw bytes >>>
case32_forward_call_add5_returns_15=
<<< end of write (36 bytes)
milestone 33: syscall WRITE (process 3) also reads its own private heap at 0x555570000000 -- marker byte 0x00 (' ')
milestone 31: syscall WRITE (process 3) -- hardware-recorded CS=0x1b (CPL=3) -- ptr=0x5555500034c0 len=4 -- raw bytes >>>
PASS
<<< end of write (4 bytes)
milestone 33: syscall WRITE (process 3) also reads its own private heap at 0x555570000000 -- marker byte 0x00 (' ')
milestone 31: syscall WRITE (process 3) -- hardware-recorded CS=0x1b (CPL=3) -- ptr=0x5555500034d4 len=1 -- raw bytes >>>
 
<<< end of write (1 bytes)
milestone 33: syscall WRITE (process 3) also reads its own private heap at 0x555570000000 -- marker byte 0x00 (' ')
milestone 31: syscall WRITE (process 3) -- hardware-recorded CS=0x1b (CPL=3) -- ptr=0x5555500035bc len=1 -- raw bytes >>>


<<< end of write (1 bytes)
milestone 33: syscall WRITE (process 3) also reads its own private heap at 0x555570000000 -- marker byte 0x00 (' ')
milestone 33: syscall SBRK (process 3) -- hardware-recorded CS=0x1b (CPL=3) -- requested 3080 bytes, returning heap pointer 0x555570026f50
milestone 57: demand-paged heap page 39 for process 3 (fault addr 0x555570027000) -- fresh zeroed physical frame 0x1b7000 mapped, resuming the faulting instruction
milestone 33: syscall SBRK (process 3) -- hardware-recorded CS=0x1b (CPL=3) -- requested 40 bytes, returning heap pointer 0x555570027b58
milestone 33: syscall SBRK (process 3) -- hardware-recorded CS=0x1b (CPL=3) -- requested 64 bytes, returning heap pointer 0x555570027b80
milestone 33: syscall SBRK (process 3) -- hardware-recorded CS=0x1b (CPL=3) -- requested 64 bytes, returning heap pointer 0x555570027bc0
milestone 33: syscall SBRK (process 3) -- hardware-recorded CS=0x1b (CPL=3) -- requested 64 bytes, returning heap pointer 0x555570027c00
milestone 33: syscall SBRK (process 3) -- hardware-recorded CS=0x1b (CPL=3) -- requested 64 bytes, returning heap pointer 0x555570027c40
milestone 33: syscall SBRK (process 3) -- hardware-recorded CS=0x1b (CPL=3) -- requested 56 bytes, returning heap pointer 0x555570027c80
milestone 33: syscall SBRK (process 3) -- hardware-recorded CS=0x1b (CPL=3) -- requested 40 bytes, returning heap pointer 0x555570027cb8
milestone 33: syscall SBRK (process 3) -- hardware-recorded CS=0x1b (CPL=3) -- requested 64 bytes, returning heap pointer 0x555570027ce0
milestone 33: syscall SBRK (process 3) -- hardware-recorded CS=0x1b (CPL=3) -- requested 64 bytes, returning heap pointer 0x555570027d20
milestone 33: syscall SBRK (process 3) -- hardware-recorded CS=0x1b (CPL=3) -- requested 64 bytes, returning heap pointer 0x555570027d60
milestone 33: syscall SBRK (process 3) -- hardware-recorded CS=0x1b (CPL=3) -- requested 64 bytes, returning heap pointer 0x555570027da0
milestone 33: syscall SBRK (process 3) -- hardware-recorded CS=0x1b (CPL=3) -- requested 56 bytes, returning heap pointer 0x555570027de0
milestone 33: syscall SBRK (process 3) -- hardware-recorded CS=0x1b (CPL=3) -- requested 56 bytes, returning heap pointer 0x555570027e18
milestone 33: syscall SBRK (process 3) -- hardware-recorded CS=0x1b (CPL=3) -- requested 56 bytes, returning heap pointer 0x555570027e50
milestone 33: syscall SBRK (process 3) -- hardware-recorded CS=0x1b (CPL=3) -- requested 40 bytes, returning heap pointer 0x555570027e88
milestone 33: syscall SBRK (process 3) -- hardware-recorded CS=0x1b (CPL=3) -- requested 64 bytes, returning heap pointer 0x555570027eb0
milestone 33: syscall SBRK (process 3) -- hardware-recorded CS=0x1b (CPL=3) -- requested 64 bytes, returning heap pointer 0x555570027ef0
milestone 33: syscall SBRK (process 3) -- hardware-recorded CS=0x1b (CPL=3) -- requested 64 bytes, returning heap pointer 0x555570027f30
milestone 33: syscall SBRK (process 3) -- hardware-recorded CS=0x1b (CPL=3) -- requested 64 bytes, returning heap pointer 0x555570027f70
milestone 33: syscall SBRK (process 3) -- hardware-recorded CS=0x1b (CPL=3) -- requested 56 bytes, returning heap pointer 0x555570027fb0
milestone 33: syscall SBRK (process 3) -- hardware-recorded CS=0x1b (CPL=3) -- requested 40 bytes, returning heap pointer 0x555570027fe8
milestone 33: syscall SBRK (process 3) -- hardware-recorded CS=0x1b (CPL=3) -- requested 64 bytes, returning heap pointer 0x555570028010
milestone 57: demand-paged heap page 40 for process 3 (fault addr 0x555570028010) -- fresh zeroed physical frame 0x1b6000 mapped, resuming the faulting instruction
milestone 33: syscall SBRK (process 3) -- hardware-recorded CS=0x1b (CPL=3) -- requested 64 bytes, returning heap pointer 0x555570028050
milestone 33: syscall SBRK (process 3) -- hardware-recorded CS=0x1b (CPL=3) -- requested 64 bytes, returning heap pointer 0x555570028090
milestone 33: syscall SBRK (process 3) -- hardware-recorded CS=0x1b (CPL=3) -- requested 64 bytes, returning heap pointer 0x5555700280d0
milestone 33: syscall SBRK (process 3) -- hardware-recorded CS=0x1b (CPL=3) -- requested 56 bytes, returning heap pointer 0x555570028110
milestone 33: syscall SBRK (process 3) -- hardware-recorded CS=0x1b (CPL=3) -- requested 56 bytes, returning heap pointer 0x555570028148
milestone 33: syscall SBRK (process 3) -- hardware-recorded CS=0x1b (CPL=3) -- requested 56 bytes, returning heap pointer 0x555570028180
milestone 33: syscall SBRK (process 3) -- hardware-recorded CS=0x1b (CPL=3) -- requested 40 bytes, returning heap pointer 0x5555700281b8
milestone 33: syscall SBRK (process 3) -- hardware-recorded CS=0x1b (CPL=3) -- requested 64 bytes, returning heap pointer 0x5555700281e0
milestone 33: syscall SBRK (process 3) -- hardware-recorded CS=0x1b (CPL=3) -- requested 64 bytes, returning heap pointer 0x555570028220
milestone 33: syscall SBRK (process 3) -- hardware-recorded CS=0x1b (CPL=3) -- requested 56 bytes, returning heap pointer 0x555570028260
milestone 33: syscall SBRK (process 3) -- hardware-recorded CS=0x1b (CPL=3) -- requested 56 bytes, returning heap pointer 0x555570028298
milestone 33: syscall SBRK (process 3) -- hardware-recorded CS=0x1b (CPL=3) -- requested 104 bytes, returning heap pointer 0x5555700282d0
milestone 33: syscall SBRK (process 3) -- hardware-recorded CS=0x1b (CPL=3) -- requested 136 bytes, returning heap pointer 0x555570028338
milestone 33: syscall SBRK (process 3) -- hardware-recorded CS=0x1b (CPL=3) -- requested 16 bytes, returning heap pointer 0x5555700283c0
milestone 33: syscall SBRK (process 3) -- hardware-recorded CS=0x1b (CPL=3) -- requested 2056 bytes, returning heap pointer 0x5555700283d0
milestone 33: syscall SBRK (process 3) -- hardware-recorded CS=0x1b (CPL=3) -- requested 104 bytes, returning heap pointer 0x555570028bd8
milestone 33: syscall SBRK (process 3) -- hardware-recorded CS=0x1b (CPL=3) -- requested 104 bytes, returning heap pointer 0x555570028c40
milestone 33: syscall SBRK (process 3) -- hardware-recorded CS=0x1b (CPL=3) -- requested 104 bytes, returning heap pointer 0x555570028ca8
milestone 33: syscall SBRK (process 3) -- hardware-recorded CS=0x1b (CPL=3) -- requested 336 bytes, returning heap pointer 0x555570028d10
milestone 35: syscall OPEN (process 3) -- hardware-recorded CS=0x1b (CPL=3) -- path='ccout1' -> fd 0
milestone 35: syscall FDWRITE (process 3) -- hardware-recorded CS=0x1b (CPL=3) -- fd=0 requested=324 accepted=324 bytes
milestone 35: syscall CLOSE (process 3) -- fd 0 was dirty, persisted 324 bytes to 'ccout1' on the real on-disk filesystem
milestone 35: syscall CLOSE (process 3) -- hardware-recorded CS=0x1b (CPL=3) -- fd=0 closed successfully
milestone 30: process forked-child -- user p4 index computed as 170 (code 0x555550000000, stack 0x555560000000)
milestone 30: process forked-child -- new pml4 0x1b8000 populated: 511 kernel-space entries shared, index 170 left private
milestone 30: process forked-child -- private code page mapped to frame 0x1b9000, private stack page mapped to frame 0x1bc000
milestone 57: process forked-child -- private heap RESERVED (not mapped): 64 pages at 0x555570000000..0x55557003ffff, 0 physical frames committed until a real page fault demand-pages one
milestone 34: process forked-child -- copied 4096 image bytes into private code frame 0x1b9000
milestone 37: fork() -- child's code frame 0x1b9000 holds a REAL byte-for-byte copy of the parent's code frame 0x143000 (independently verifiable: same virtual address USER_CODE_ADDR under either process's own CR3, genuinely different physical frames)
milestone 69: fork() -- child also got 8 extra code page(s) REALLY remapped+copied (real fix -- see extra_frames' own doc comment on Process for the bug this closes; a multi-page ELF-loaded parent's pages beyond page 0 used to be silently dropped by fork())
milestone 37: syscall FORK (process 3, 'elf-loaded') -- created child pid 14: pml4=0x1b8000 code_frame=0x1b9000 resume point rip=0x5555500027e2 rsp=0x555560000eb8
milestone 37: syscall FORK (process 3) -- hardware-recorded CS=0x1b (CPL=3) -- created child pid 14
milestone 37: wait() -- switching CR3 to forked child pid 14's own pml4 0x1b8000, resuming at rip=0x5555500027e2 rsp=0x555560000eb8 (its own fork()-time snapshot, rax forced to 0)
milestone 36: process exec'd -- ELF validated: e_entry=0x555550000120 falls inside a mapped segment, 1 PT_LOAD segment(s), 1 total page(s), all within private p4 index 170
milestone 36: process exec'd -- new pml4 0x1a8000 populated: 511 kernel-space entries shared, index 170 left private
milestone 36: process exec'd -- mapped 1 PT_LOAD page(s): [(93824902758400, 1822720, 324, 5)]
milestone 36: process exec'd -- private stack page mapped to frame 0x1c1000
milestone 57: process exec'd -- private heap RESERVED (not mapped): 64 pages at 0x555570000000..0x55557003ffff, 0 physical frames committed until a real page fault demand-pages one
milestone 54: reclaim_process_frames('forked-child') -- freed 57 physical frame(s) back to the allocator's free list
milestone 45: syscall EXEC (process 14) -- REAL teardown-and-rebuild complete: new pml4=0x1a8000, new entry=0x555550000120 (real parsed e_entry), fd table/parent_pid/pgid preserved, CR3 switched
milestone 45: syscall EXEC (process 14) -- hardware-recorded CS=0x1b (CPL=3) -- REAL teardown-and-rebuild from 'ccout1' (324 real ELF bytes read from the on-disk filesystem), new address space, jumping directly into the real parsed entry 0x555550000120, never returning to the old one
milestone 30: syscall EXIT -- hardware-recorded CS=0x1b (CPL=3) -- discarding ring-3 context, resuming kernel context
milestone 37: wait() -- forked child pid 14 resumed in kernel context (its own exit() syscall ran; CR3 is currently the KERNEL's own, restored to the parent's by wait_for_child() next)
milestone 54: reclaim_process_frames('exec'd') -- freed 7 physical frame(s) back to the allocator's free list
milestone 43: syscall WAIT (process 3) -- child pid 14 ran to completion and was reaped (real exit code 1), CR3 restored to parent's own pml4 0x135000
milestone 43: syscall WAIT (process 3) -- hardware-recorded CS=0x1b (CPL=3) -- reaped child pid 14, exited normally with code 1
milestone 31: syscall WRITE (process 3) -- hardware-recorded CS=0x1b (CPL=3) -- ptr=0x555550003c41 len=70 -- raw bytes >>>
  real on-disk ELF written, real fork()+exec()+wait() -- child exited=
<<< end of write (70 bytes)
milestone 33: syscall WRITE (process 3) also reads its own private heap at 0x555570000000 -- marker byte 0x00 (' ')
milestone 31: syscall WRITE (process 3) -- hardware-recorded CS=0x1b (CPL=3) -- ptr=0x5555500034c4 len=4 -- raw bytes >>>
true
<<< end of write (4 bytes)
milestone 33: syscall WRITE (process 3) also reads its own private heap at 0x555570000000 -- marker byte 0x00 (' ')
milestone 31: syscall WRITE (process 3) -- hardware-recorded CS=0x1b (CPL=3) -- ptr=0x5555500038ff len=16 -- raw bytes >>>
 real exit code=
<<< end of write (16 bytes)
milestone 33: syscall WRITE (process 3) also reads its own private heap at 0x555570000000 -- marker byte 0x00 (' ')
milestone 31: syscall WRITE (process 3) -- hardware-recorded CS=0x1b (CPL=3) -- ptr=0x555560000e97 len=1 -- raw bytes >>>
1
<<< end of write (1 bytes)
milestone 33: syscall WRITE (process 3) also reads its own private heap at 0x555570000000 -- marker byte 0x00 (' ')
milestone 31: syscall WRITE (process 3) -- hardware-recorded CS=0x1b (CPL=3) -- ptr=0x555550003c8c len=28 -- raw bytes >>>
 (expected exited=true code=
<<< end of write (28 bytes)
milestone 33: syscall WRITE (process 3) also reads its own private heap at 0x555570000000 -- marker byte 0x00 (' ')
milestone 31: syscall WRITE (process 3) -- hardware-recorded CS=0x1b (CPL=3) -- ptr=0x555560000e97 len=1 -- raw bytes >>>
1
<<< end of write (1 bytes)
milestone 33: syscall WRITE (process 3) also reads its own private heap at 0x555570000000 -- marker byte 0x00 (' ')
milestone 31: syscall WRITE (process 3) -- hardware-recorded CS=0x1b (CPL=3) -- ptr=0x555550003ca8 len=2 -- raw bytes >>>
)

<<< end of write (2 bytes)
milestone 33: syscall WRITE (process 3) also reads its own private heap at 0x555570000000 -- marker byte 0x00 (' ')
milestone 31: syscall WRITE (process 3) -- hardware-recorded CS=0x1b (CPL=3) -- ptr=0x555550004f9f len=59 -- raw bytes >>>
case33_real_elf_exec_mutual_recursion_is_even_10_returns_1=
<<< end of write (59 bytes)
milestone 33: syscall WRITE (process 3) also reads its own private heap at 0x555570000000 -- marker byte 0x00 (' ')
milestone 31: syscall WRITE (process 3) -- hardware-recorded CS=0x1b (CPL=3) -- ptr=0x5555500034c0 len=4 -- raw bytes >>>
PASS
<<< end of write (4 bytes)
milestone 33: syscall WRITE (process 3) also reads its own private heap at 0x555570000000 -- marker byte 0x00 (' ')
milestone 31: syscall WRITE (process 3) -- hardware-recorded CS=0x1b (CPL=3) -- ptr=0x5555500034d4 len=1 -- raw bytes >>>
 
<<< end of write (1 bytes)
milestone 33: syscall WRITE (process 3) also reads its own private heap at 0x555570000000 -- marker byte 0x00 (' ')
milestone 31: syscall WRITE (process 3) -- hardware-recorded CS=0x1b (CPL=3) -- ptr=0x5555500035bc len=1 -- raw bytes >>>


<<< end of write (1 bytes)
milestone 33: syscall WRITE (process 3) also reads its own private heap at 0x555570000000 -- marker byte 0x00 (' ')
milestone 31: syscall WRITE (process 3) -- hardware-recorded CS=0x1b (CPL=3) -- ptr=0x555550004fda len=12 -- raw bytes >>>
OVERALL_M74=
<<< end of write (12 bytes)
milestone 33: syscall WRITE (process 3) also reads its own private heap at 0x555570000000 -- marker byte 0x00 (' ')
milestone 31: syscall WRITE (process 3) -- hardware-recorded CS=0x1b (CPL=3) -- ptr=0x5555500034c0 len=4 -- raw bytes >>>
PASS
<<< end of write (4 bytes)
milestone 33: syscall WRITE (process 3) also reads its own private heap at 0x555570000000 -- marker byte 0x00 (' ')
milestone 31: syscall WRITE (process 3) -- hardware-recorded CS=0x1b (CPL=3) -- ptr=0x5555500035bc len=1 -- raw bytes >>>


<<< end of write (1 bytes)
milestone 33: syscall WRITE (process 3) also reads its own private heap at 0x555570000000 -- marker byte 0x00 (' ')
milestone 31: syscall WRITE (process 3) -- hardware-recorded CS=0x1b (CPL=3) -- ptr=0x5555500035bc len=1 -- raw bytes >>>


<<< end of write (1 bytes)
milestone 33: syscall WRITE (process 3) also reads its own private heap at 0x555570000000 -- marker byte 0x00 (' ')
milestone 31: syscall WRITE (process 3) -- hardware-recorded CS=0x1b (CPL=3) -- ptr=0x555550004fe6 len=66 -- raw bytes >>>
milestone 75: cc real stack-overflow safety verification starting

<<< end of write (66 bytes)
milestone 33: syscall WRITE (process 3) also reads its own private heap at 0x555570000000 -- marker byte 0x00 (' ')
milestone 33: syscall SBRK (process 3) -- hardware-recorded CS=0x1b (CPL=3) -- requested 3080 bytes, returning heap pointer 0x555570028e60
milestone 57: demand-paged heap page 41 for process 3 (fault addr 0x555570029000) -- fresh zeroed physical frame 0x1c1000 mapped, resuming the faulting instruction
milestone 33: syscall SBRK (process 3) -- hardware-recorded CS=0x1b (CPL=3) -- requested 40 bytes, returning heap pointer 0x555570029a68
milestone 33: syscall SBRK (process 3) -- hardware-recorded CS=0x1b (CPL=3) -- requested 40 bytes, returning heap pointer 0x555570029a90
milestone 33: syscall SBRK (process 3) -- hardware-recorded CS=0x1b (CPL=3) -- requested 64 bytes, returning heap pointer 0x555570029ab8
milestone 33: syscall SBRK (process 3) -- hardware-recorded CS=0x1b (CPL=3) -- requested 64 bytes, returning heap pointer 0x555570029af8
milestone 33: syscall SBRK (process 3) -- hardware-recorded CS=0x1b (CPL=3) -- requested 64 bytes, returning heap pointer 0x555570029b38
milestone 33: syscall SBRK (process 3) -- hardware-recorded CS=0x1b (CPL=3) -- requested 64 bytes, returning heap pointer 0x555570029b78
milestone 33: syscall SBRK (process 3) -- hardware-recorded CS=0x1b (CPL=3) -- requested 56 bytes, returning heap pointer 0x555570029bb8
milestone 33: syscall SBRK (process 3) -- hardware-recorded CS=0x1b (CPL=3) -- requested 56 bytes, returning heap pointer 0x555570029bf0
milestone 33: syscall SBRK (process 3) -- hardware-recorded CS=0x1b (CPL=3) -- requested 40 bytes, returning heap pointer 0x555570029c28
milestone 33: syscall SBRK (process 3) -- hardware-recorded CS=0x1b (CPL=3) -- requested 64 bytes, returning heap pointer 0x555570029c50
milestone 33: syscall SBRK (process 3) -- hardware-recorded CS=0x1b (CPL=3) -- requested 64 bytes, returning heap pointer 0x555570029c90
milestone 33: syscall SBRK (process 3) -- hardware-recorded CS=0x1b (CPL=3) -- requested 56 bytes, returning heap pointer 0x555570029cd0
milestone 33: syscall SBRK (process 3) -- hardware-recorded CS=0x1b (CPL=3) -- requested 56 bytes, returning heap pointer 0x555570029d08
milestone 33: syscall SBRK (process 3) -- hardware-recorded CS=0x1b (CPL=3) -- requested 104 bytes, returning heap pointer 0x555570029d40
milestone 33: syscall SBRK (process 3) -- hardware-recorded CS=0x1b (CPL=3) -- requested 136 bytes, returning heap pointer 0x555570029da8
milestone 33: syscall SBRK (process 3) -- hardware-recorded CS=0x1b (CPL=3) -- requested 16 bytes, returning heap pointer 0x555570029e30
milestone 33: syscall SBRK (process 3) -- hardware-recorded CS=0x1b (CPL=3) -- requested 2056 bytes, returning heap pointer 0x555570029e40
milestone 33: syscall SBRK (process 3) -- hardware-recorded CS=0x1b (CPL=3) -- requested 104 bytes, returning heap pointer 0x55557002a648
milestone 57: demand-paged heap page 42 for process 3 (fault addr 0x55557002a648) -- fresh zeroed physical frame 0x1bd000 mapped, resuming the faulting instruction
milestone 33: syscall SBRK (process 3) -- hardware-recorded CS=0x1b (CPL=3) -- requested 104 bytes, returning heap pointer 0x55557002a6b0
milestone 33: syscall SBRK (process 3) -- hardware-recorded CS=0x1b (CPL=3) -- requested 208 bytes, returning heap pointer 0x55557002a718
milestone 35: syscall OPEN (process 3) -- hardware-recorded CS=0x1b (CPL=3) -- path='ccout1' -> fd 0
milestone 35: syscall FDWRITE (process 3) -- hardware-recorded CS=0x1b (CPL=3) -- fd=0 requested=196 accepted=196 bytes
milestone 35: syscall CLOSE (process 3) -- fd 0 was dirty, persisted 324 bytes to 'ccout1' on the real on-disk filesystem
milestone 35: syscall CLOSE (process 3) -- hardware-recorded CS=0x1b (CPL=3) -- fd=0 closed successfully
milestone 30: process forked-child -- user p4 index computed as 170 (code 0x555550000000, stack 0x555560000000)
milestone 30: process forked-child -- new pml4 0x1a8000 populated: 511 kernel-space entries shared, index 170 left private
milestone 30: process forked-child -- private code page mapped to frame 0x1be000, private stack page mapped to frame 0x1bf000
milestone 57: process forked-child -- private heap RESERVED (not mapped): 64 pages at 0x555570000000..0x55557003ffff, 0 physical frames committed until a real page fault demand-pages one
milestone 34: process forked-child -- copied 4096 image bytes into private code frame 0x1be000
milestone 37: fork() -- child's code frame 0x1be000 holds a REAL byte-for-byte copy of the parent's code frame 0x143000 (independently verifiable: same virtual address USER_CODE_ADDR under either process's own CR3, genuinely different physical frames)
milestone 69: fork() -- child also got 8 extra code page(s) REALLY remapped+copied (real fix -- see extra_frames' own doc comment on Process for the bug this closes; a multi-page ELF-loaded parent's pages beyond page 0 used to be silently dropped by fork())
milestone 37: syscall FORK (process 3, 'elf-loaded') -- created child pid 14: pml4=0x1a8000 code_frame=0x1be000 resume point rip=0x555550002a39 rsp=0x555560000eb8
milestone 37: syscall FORK (process 3) -- hardware-recorded CS=0x1b (CPL=3) -- created child pid 14
milestone 37: wait() -- switching CR3 to forked child pid 14's own pml4 0x1a8000, resuming at rip=0x555550002a39 rsp=0x555560000eb8 (its own fork()-time snapshot, rax forced to 0)
milestone 36: process exec'd -- ELF validated: e_entry=0x5555500000a0 falls inside a mapped segment, 1 PT_LOAD segment(s), 1 total page(s), all within private p4 index 170
milestone 36: process exec'd -- new pml4 0x18c000 populated: 511 kernel-space entries shared, index 170 left private
milestone 36: process exec'd -- mapped 1 PT_LOAD page(s): [(93824902758400, 1781760, 196, 5)]
milestone 36: process exec'd -- private stack page mapped to frame 0x1c5000
milestone 57: process exec'd -- private heap RESERVED (not mapped): 64 pages at 0x555570000000..0x55557003ffff, 0 physical frames committed until a real page fault demand-pages one
milestone 54: reclaim_process_frames('forked-child') -- freed 59 physical frame(s) back to the allocator's free list
milestone 45: syscall EXEC (process 14) -- REAL teardown-and-rebuild complete: new pml4=0x18c000, new entry=0x5555500000a0 (real parsed e_entry), fd table/parent_pid/pgid preserved, CR3 switched
milestone 45: syscall EXEC (process 14) -- hardware-recorded CS=0x1b (CPL=3) -- REAL teardown-and-rebuild from 'ccout1' (324 real ELF bytes read from the on-disk filesystem), new address space, jumping directly into the real parsed entry 0x5555500000a0, never returning to the old one
milestone 75: STACK OVERFLOW -- process 14 ran off the bottom of its own single 4096-byte stack page (fault address Ok(VirtAddr(0x55555ffffff0)), 16 bytes below USER_STACK_ADDR 0x555560000000 -- inside this kernel's real, deliberately-unmapped guard gap below the stack, not a wild-pointer SIGSEGV) -- terminating this process, kernel continues
milestone 37: wait() -- forked child pid 14 resumed in kernel context (its own exit() syscall ran; CR3 is currently the KERNEL's own, restored to the parent's by wait_for_child() next)
milestone 54: reclaim_process_frames('exec'd') -- freed 7 physical frame(s) back to the allocator's free list
milestone 53: syscall WAIT (process 3) -- child pid 14 was signal-terminated (real hardware fault, not its own exit()) and was reaped, CR3 restored to parent's own pml4 0x135000
milestone 53: syscall WAIT (process 3) -- hardware-recorded CS=0x1b (CPL=3) -- child pid 14 was signal-terminated (real hardware fault) after actually running
milestone 31: syscall WRITE (process 3) -- hardware-recorded CS=0x1b (CPL=3) -- ptr=0x555550005135 len=107 -- raw bytes >>>
  real on-disk ELF written, real fork()+exec()+wait() -- unconditional unbounded recursion -- child exited=
<<< end of write (107 bytes)
milestone 33: syscall WRITE (process 3) also reads its own private heap at 0x555570000000 -- marker byte 0x00 (' ')
milestone 31: syscall WRITE (process 3) -- hardware-recorded CS=0x1b (CPL=3) -- ptr=0x555550003c87 len=5 -- raw bytes >>>
false
<<< end of write (5 bytes)
milestone 33: syscall WRITE (process 3) also reads its own private heap at 0x555570000000 -- marker byte 0x00 (' ')
milestone 31: syscall WRITE (process 3) -- hardware-recorded CS=0x1b (CPL=3) -- ptr=0x5555500051a0 len=10 -- raw bytes >>>
 signaled=
<<< end of write (10 bytes)
milestone 33: syscall WRITE (process 3) also reads its own private heap at 0x555570000000 -- marker byte 0x00 (' ')
milestone 31: syscall WRITE (process 3) -- hardware-recorded CS=0x1b (CPL=3) -- ptr=0x5555500034c4 len=4 -- raw bytes >>>
true
<<< end of write (4 bytes)
milestone 33: syscall WRITE (process 3) also reads its own private heap at 0x555570000000 -- marker byte 0x00 (' ')
milestone 31: syscall WRITE (process 3) -- hardware-recorded CS=0x1b (CPL=3) -- ptr=0x5555500051aa len=111 -- raw bytes >>>
 (expected exited=false signaled=true -- caught by this kernel's real stack-overflow guard, not a silent exit)

<<< end of write (111 bytes)
milestone 33: syscall WRITE (process 3) also reads its own private heap at 0x555570000000 -- marker byte 0x00 (' ')
milestone 31: syscall WRITE (process 3) -- hardware-recorded CS=0x1b (CPL=3) -- ptr=0x555550005284 len=60 -- raw bytes >>>
case34_unbounded_recursion_stack_overflow_signals_not_exits=
<<< end of write (60 bytes)
milestone 33: syscall WRITE (process 3) also reads its own private heap at 0x555570000000 -- marker byte 0x00 (' ')
milestone 31: syscall WRITE (process 3) -- hardware-recorded CS=0x1b (CPL=3) -- ptr=0x5555500034c0 len=4 -- raw bytes >>>
PASS
<<< end of write (4 bytes)
milestone 33: syscall WRITE (process 3) also reads its own private heap at 0x555570000000 -- marker byte 0x00 (' ')
milestone 31: syscall WRITE (process 3) -- hardware-recorded CS=0x1b (CPL=3) -- ptr=0x5555500034d4 len=1 -- raw bytes >>>
 
<<< end of write (1 bytes)
milestone 33: syscall WRITE (process 3) also reads its own private heap at 0x555570000000 -- marker byte 0x00 (' ')
milestone 31: syscall WRITE (process 3) -- hardware-recorded CS=0x1b (CPL=3) -- ptr=0x5555500035bc len=1 -- raw bytes >>>


<<< end of write (1 bytes)
milestone 33: syscall WRITE (process 3) also reads its own private heap at 0x555570000000 -- marker byte 0x00 (' ')
milestone 31: syscall WRITE (process 3) -- hardware-recorded CS=0x1b (CPL=3) -- ptr=0x5555500052c0 len=12 -- raw bytes >>>
OVERALL_M75=
<<< end of write (12 bytes)
milestone 33: syscall WRITE (process 3) also reads its own private heap at 0x555570000000 -- marker byte 0x00 (' ')
milestone 31: syscall WRITE (process 3) -- hardware-recorded CS=0x1b (CPL=3) -- ptr=0x5555500034c0 len=4 -- raw bytes >>>
PASS
<<< end of write (4 bytes)
milestone 33: syscall WRITE (process 3) also reads its own private heap at 0x555570000000 -- marker byte 0x00 (' ')
milestone 31: syscall WRITE (process 3) -- hardware-recorded CS=0x1b (CPL=3) -- ptr=0x5555500035bc len=1 -- raw bytes >>>


<<< end of write (1 bytes)
milestone 33: syscall WRITE (process 3) also reads its own private heap at 0x555570000000 -- marker byte 0x00 (' ')
milestone 31: syscall WRITE (process 3) -- hardware-recorded CS=0x1b (CPL=3) -- ptr=0x5555500035bc len=1 -- raw bytes >>>


<<< end of write (1 bytes)
milestone 33: syscall WRITE (process 3) also reads its own private heap at 0x555570000000 -- marker byte 0x00 (' ')
milestone 31: syscall WRITE (process 3) -- hardware-recorded CS=0x1b (CPL=3) -- ptr=0x5555500052cc len=75 -- raw bytes >>>
milestone 76: cc unary-minus and short-circuit &&/|| verification starting

<<< end of write (75 bytes)
milestone 33: syscall WRITE (process 3) also reads its own private heap at 0x555570000000 -- marker byte 0x00 (' ')
milestone 33: syscall SBRK (process 3) -- hardware-recorded CS=0x1b (CPL=3) -- requested 3080 bytes, returning heap pointer 0x55557002a7e8
milestone 33: syscall SBRK (process 3) -- hardware-recorded CS=0x1b (CPL=3) -- requested 56 bytes, returning heap pointer 0x55557002b3f0
milestone 57: demand-paged heap page 43 for process 3 (fault addr 0x55557002b3f0) -- fresh zeroed physical frame 0x1c5000 mapped, resuming the faulting instruction
milestone 33: syscall SBRK (process 3) -- hardware-recorded CS=0x1b (CPL=3) -- requested 64 bytes, returning heap pointer 0x55557002b428
milestone 33: syscall SBRK (process 3) -- hardware-recorded CS=0x1b (CPL=3) -- requested 64 bytes, returning heap pointer 0x55557002b468
milestone 33: syscall SBRK (process 3) -- hardware-recorded CS=0x1b (CPL=3) -- requested 56 bytes, returning heap pointer 0x55557002b4a8
milestone 33: syscall SBRK (process 3) -- hardware-recorded CS=0x1b (CPL=3) -- requested 56 bytes, returning heap pointer 0x55557002b4e0
milestone 33: syscall SBRK (process 3) -- hardware-recorded CS=0x1b (CPL=3) -- requested 64 bytes, returning heap pointer 0x55557002b518
milestone 33: syscall SBRK (process 3) -- hardware-recorded CS=0x1b (CPL=3) -- requested 64 bytes, returning heap pointer 0x55557002b558
milestone 33: syscall SBRK (process 3) -- hardware-recorded CS=0x1b (CPL=3) -- requested 64 bytes, returning heap pointer 0x55557002b598
milestone 33: syscall SBRK (process 3) -- hardware-recorded CS=0x1b (CPL=3) -- requested 64 bytes, returning heap pointer 0x55557002b5d8
milestone 33: syscall SBRK (process 3) -- hardware-recorded CS=0x1b (CPL=3) -- requested 64 bytes, returning heap pointer 0x55557002b618
milestone 33: syscall SBRK (process 3) -- hardware-recorded CS=0x1b (CPL=3) -- requested 64 bytes, returning heap pointer 0x55557002b658
milestone 33: syscall SBRK (process 3) -- hardware-recorded CS=0x1b (CPL=3) -- requested 64 bytes, returning heap pointer 0x55557002b698
milestone 33: syscall SBRK (process 3) -- hardware-recorded CS=0x1b (CPL=3) -- requested 64 bytes, returning heap pointer 0x55557002b6d8
milestone 33: syscall SBRK (process 3) -- hardware-recorded CS=0x1b (CPL=3) -- requested 64 bytes, returning heap pointer 0x55557002b718
milestone 33: syscall SBRK (process 3) -- hardware-recorded CS=0x1b (CPL=3) -- requested 56 bytes, returning heap pointer 0x55557002b758
milestone 33: syscall SBRK (process 3) -- hardware-recorded CS=0x1b (CPL=3) -- requested 64 bytes, returning heap pointer 0x55557002b790
milestone 33: syscall SBRK (process 3) -- hardware-recorded CS=0x1b (CPL=3) -- requested 56 bytes, returning heap pointer 0x55557002b7d0
milestone 33: syscall SBRK (process 3) -- hardware-recorded CS=0x1b (CPL=3) -- requested 56 bytes, returning heap pointer 0x55557002b808
milestone 33: syscall SBRK (process 3) -- hardware-recorded CS=0x1b (CPL=3) -- requested 64 bytes, returning heap pointer 0x55557002b840
milestone 33: syscall SBRK (process 3) -- hardware-recorded CS=0x1b (CPL=3) -- requested 64 bytes, returning heap pointer 0x55557002b880
milestone 33: syscall SBRK (process 3) -- hardware-recorded CS=0x1b (CPL=3) -- requested 64 bytes, returning heap pointer 0x55557002b8c0
milestone 33: syscall SBRK (process 3) -- hardware-recorded CS=0x1b (CPL=3) -- requested 64 bytes, returning heap pointer 0x55557002b900
milestone 33: syscall SBRK (process 3) -- hardware-recorded CS=0x1b (CPL=3) -- requested 56 bytes, returning heap pointer 0x55557002b940
milestone 33: syscall SBRK (process 3) -- hardware-recorded CS=0x1b (CPL=3) -- requested 56 bytes, returning heap pointer 0x55557002b978
milestone 33: syscall SBRK (process 3) -- hardware-recorded CS=0x1b (CPL=3) -- requested 104 bytes, returning heap pointer 0x55557002b9b0
milestone 33: syscall SBRK (process 3) -- hardware-recorded CS=0x1b (CPL=3) -- requested 136 bytes, returning heap pointer 0x55557002ba18
milestone 33: syscall SBRK (process 3) -- hardware-recorded CS=0x1b (CPL=3) -- requested 16 bytes, returning heap pointer 0x55557002baa0
milestone 33: syscall SBRK (process 3) -- hardware-recorded CS=0x1b (CPL=3) -- requested 2056 bytes, returning heap pointer 0x55557002bab0
milestone 33: syscall SBRK (process 3) -- hardware-recorded CS=0x1b (CPL=3) -- requested 104 bytes, returning heap pointer 0x55557002c2b8
milestone 57: demand-paged heap page 44 for process 3 (fault addr 0x55557002c2b8) -- fresh zeroed physical frame 0x1b3000 mapped, resuming the faulting instruction
milestone 31: syscall WRITE (process 3) -- hardware-recorded CS=0x1b (CPL=3) -- ptr=0x55555000537b len=62 -- raw bytes >>>
  case35 (unary minus + && + comparison, in-process) returned=
<<< end of write (62 bytes)
milestone 33: syscall WRITE (process 3) also reads its own private heap at 0x555570000000 -- marker byte 0x00 (' ')
milestone 31: syscall WRITE (process 3) -- hardware-recorded CS=0x1b (CPL=3) -- ptr=0x555560000e97 len=1 -- raw bytes >>>
4
<<< end of write (1 bytes)
milestone 33: syscall WRITE (process 3) also reads its own private heap at 0x555570000000 -- marker byte 0x00 (' ')
milestone 31: syscall WRITE (process 3) -- hardware-recorded CS=0x1b (CPL=3) -- ptr=0x5555500053b9 len=14 -- raw bytes >>>
 (expected 4)

<<< end of write (14 bytes)
milestone 33: syscall WRITE (process 3) also reads its own private heap at 0x555570000000 -- marker byte 0x00 (' ')
milestone 31: syscall WRITE (process 3) -- hardware-recorded CS=0x1b (CPL=3) -- ptr=0x5555500053c7 len=45 -- raw bytes >>>
case35_unary_minus_and_logical_and_returns_4=
<<< end of write (45 bytes)
milestone 33: syscall WRITE (process 3) also reads its own private heap at 0x555570000000 -- marker byte 0x00 (' ')
milestone 31: syscall WRITE (process 3) -- hardware-recorded CS=0x1b (CPL=3) -- ptr=0x5555500034c0 len=4 -- raw bytes >>>
PASS
<<< end of write (4 bytes)
milestone 33: syscall WRITE (process 3) also reads its own private heap at 0x555570000000 -- marker byte 0x00 (' ')
milestone 31: syscall WRITE (process 3) -- hardware-recorded CS=0x1b (CPL=3) -- ptr=0x5555500034d4 len=1 -- raw bytes >>>
 
<<< end of write (1 bytes)
milestone 33: syscall WRITE (process 3) also reads its own private heap at 0x555570000000 -- marker byte 0x00 (' ')
milestone 31: syscall WRITE (process 3) -- hardware-recorded CS=0x1b (CPL=3) -- ptr=0x5555500035bc len=1 -- raw bytes >>>


<<< end of write (1 bytes)
milestone 33: syscall WRITE (process 3) also reads its own private heap at 0x555570000000 -- marker byte 0x00 (' ')
milestone 33: syscall SBRK (process 3) -- hardware-recorded CS=0x1b (CPL=3) -- requested 3080 bytes, returning heap pointer 0x55557002c320
milestone 33: syscall SBRK (process 3) -- hardware-recorded CS=0x1b (CPL=3) -- requested 40 bytes, returning heap pointer 0x55557002cf28
milestone 33: syscall SBRK (process 3) -- hardware-recorded CS=0x1b (CPL=3) -- requested 64 bytes, returning heap pointer 0x55557002cf50
milestone 33: syscall SBRK (process 3) -- hardware-recorded CS=0x1b (CPL=3) -- requested 64 bytes, returning heap pointer 0x55557002cf90
milestone 33: syscall SBRK (process 3) -- hardware-recorded CS=0x1b (CPL=3) -- requested 64 bytes, returning heap pointer 0x55557002cfd0
milestone 57: demand-paged heap page 45 for process 3 (fault addr 0x55557002d000) -- fresh zeroed physical frame 0x18c000 mapped, resuming the faulting instruction
milestone 33: syscall SBRK (process 3) -- hardware-recorded CS=0x1b (CPL=3) -- requested 64 bytes, returning heap pointer 0x55557002d010
milestone 33: syscall SBRK (process 3) -- hardware-recorded CS=0x1b (CPL=3) -- requested 64 bytes, returning heap pointer 0x55557002d050
milestone 33: syscall SBRK (process 3) -- hardware-recorded CS=0x1b (CPL=3) -- requested 64 bytes, returning heap pointer 0x55557002d090
milestone 33: syscall SBRK (process 3) -- hardware-recorded CS=0x1b (CPL=3) -- requested 64 bytes, returning heap pointer 0x55557002d0d0
milestone 33: syscall SBRK (process 3) -- hardware-recorded CS=0x1b (CPL=3) -- requested 64 bytes, returning heap pointer 0x55557002d110
milestone 33: syscall SBRK (process 3) -- hardware-recorded CS=0x1b (CPL=3) -- requested 56 bytes, returning heap pointer 0x55557002d150
milestone 33: syscall SBRK (process 3) -- hardware-recorded CS=0x1b (CPL=3) -- requested 64 bytes, returning heap pointer 0x55557002d188
milestone 33: syscall SBRK (process 3) -- hardware-recorded CS=0x1b (CPL=3) -- requested 56 bytes, returning heap pointer 0x55557002d1c8
milestone 33: syscall SBRK (process 3) -- hardware-recorded CS=0x1b (CPL=3) -- requested 56 bytes, returning heap pointer 0x55557002d200
milestone 33: syscall SBRK (process 3) -- hardware-recorded CS=0x1b (CPL=3) -- requested 56 bytes, returning heap pointer 0x55557002d238
milestone 33: syscall SBRK (process 3) -- hardware-recorded CS=0x1b (CPL=3) -- requested 40 bytes, returning heap pointer 0x55557002d270
milestone 33: syscall SBRK (process 3) -- hardware-recorded CS=0x1b (CPL=3) -- requested 64 bytes, returning heap pointer 0x55557002d298
milestone 33: syscall SBRK (process 3) -- hardware-recorded CS=0x1b (CPL=3) -- requested 64 bytes, returning heap pointer 0x55557002d2d8
milestone 33: syscall SBRK (process 3) -- hardware-recorded CS=0x1b (CPL=3) -- requested 64 bytes, returning heap pointer 0x55557002d318
milestone 33: syscall SBRK (process 3) -- hardware-recorded CS=0x1b (CPL=3) -- requested 40 bytes, returning heap pointer 0x55557002d358
milestone 33: syscall SBRK (process 3) -- hardware-recorded CS=0x1b (CPL=3) -- requested 64 bytes, returning heap pointer 0x55557002d380
milestone 33: syscall SBRK (process 3) -- hardware-recorded CS=0x1b (CPL=3) -- requested 64 bytes, returning heap pointer 0x55557002d3c0
milestone 33: syscall SBRK (process 3) -- hardware-recorded CS=0x1b (CPL=3) -- requested 64 bytes, returning heap pointer 0x55557002d400
milestone 33: syscall SBRK (process 3) -- hardware-recorded CS=0x1b (CPL=3) -- requested 40 bytes, returning heap pointer 0x55557002d440
milestone 33: syscall SBRK (process 3) -- hardware-recorded CS=0x1b (CPL=3) -- requested 64 bytes, returning heap pointer 0x55557002d468
milestone 33: syscall SBRK (process 3) -- hardware-recorded CS=0x1b (CPL=3) -- requested 64 bytes, returning heap pointer 0x55557002d4a8
milestone 33: syscall SBRK (process 3) -- hardware-recorded CS=0x1b (CPL=3) -- requested 64 bytes, returning heap pointer 0x55557002d4e8
milestone 33: syscall SBRK (process 3) -- hardware-recorded CS=0x1b (CPL=3) -- requested 56 bytes, returning heap pointer 0x55557002d528
milestone 33: syscall SBRK (process 3) -- hardware-recorded CS=0x1b (CPL=3) -- requested 56 bytes, returning heap pointer 0x55557002d560
milestone 33: syscall SBRK (process 3) -- hardware-recorded CS=0x1b (CPL=3) -- requested 104 bytes, returning heap pointer 0x55557002d598
milestone 33: syscall SBRK (process 3) -- hardware-recorded CS=0x1b (CPL=3) -- requested 136 bytes, returning heap pointer 0x55557002d600
milestone 33: syscall SBRK (process 3) -- hardware-recorded CS=0x1b (CPL=3) -- requested 16 bytes, returning heap pointer 0x55557002d688
milestone 33: syscall SBRK (process 3) -- hardware-recorded CS=0x1b (CPL=3) -- requested 2056 bytes, returning heap pointer 0x55557002d698
milestone 33: syscall SBRK (process 3) -- hardware-recorded CS=0x1b (CPL=3) -- requested 104 bytes, returning heap pointer 0x55557002dea0
milestone 33: syscall SBRK (process 3) -- hardware-recorded CS=0x1b (CPL=3) -- requested 104 bytes, returning heap pointer 0x55557002df08
milestone 33: syscall SBRK (process 3) -- hardware-recorded CS=0x1b (CPL=3) -- requested 328 bytes, returning heap pointer 0x55557002df70
milestone 57: demand-paged heap page 46 for process 3 (fault addr 0x55557002e000) -- fresh zeroed physical frame 0x1b4000 mapped, resuming the faulting instruction
milestone 35: syscall OPEN (process 3) -- hardware-recorded CS=0x1b (CPL=3) -- path='ccout1' -> fd 0
milestone 35: syscall FDWRITE (process 3) -- hardware-recorded CS=0x1b (CPL=3) -- fd=0 requested=315 accepted=315 bytes
milestone 35: syscall CLOSE (process 3) -- fd 0 was dirty, persisted 324 bytes to 'ccout1' on the real on-disk filesystem
milestone 35: syscall CLOSE (process 3) -- hardware-recorded CS=0x1b (CPL=3) -- fd=0 closed successfully
milestone 30: process forked-child -- user p4 index computed as 170 (code 0x555550000000, stack 0x555560000000)
milestone 30: process forked-child -- new pml4 0x1c3000 populated: 511 kernel-space entries shared, index 170 left private
milestone 30: process forked-child -- private code page mapped to frame 0x1c6000, private stack page mapped to frame 0x1c4000
milestone 57: process forked-child -- private heap RESERVED (not mapped): 64 pages at 0x555570000000..0x55557003ffff, 0 physical frames committed until a real page fault demand-pages one
milestone 34: process forked-child -- copied 4096 image bytes into private code frame 0x1c6000
milestone 37: fork() -- child's code frame 0x1c6000 holds a REAL byte-for-byte copy of the parent's code frame 0x143000 (independently verifiable: same virtual address USER_CODE_ADDR under either process's own CR3, genuinely different physical frames)
milestone 69: fork() -- child also got 8 extra code page(s) REALLY remapped+copied (real fix -- see extra_frames' own doc comment on Process for the bug this closes; a multi-page ELF-loaded parent's pages beyond page 0 used to be silently dropped by fork())
milestone 37: syscall FORK (process 3, 'elf-loaded') -- created child pid 14: pml4=0x1c3000 code_frame=0x1c6000 resume point rip=0x555550002d2d rsp=0x555560000eb8
milestone 37: syscall FORK (process 3) -- hardware-recorded CS=0x1b (CPL=3) -- created child pid 14
milestone 37: wait() -- switching CR3 to forked child pid 14's own pml4 0x1c3000, resuming at rip=0x555550002d2d rsp=0x555560000eb8 (its own fork()-time snapshot, rax forced to 0)
milestone 36: process exec'd -- ELF validated: e_entry=0x5555500000ec falls inside a mapped segment, 1 PT_LOAD segment(s), 1 total page(s), all within private p4 index 170
milestone 36: process exec'd -- new pml4 0x1c8000 populated: 511 kernel-space entries shared, index 170 left private
milestone 36: process exec'd -- mapped 1 PT_LOAD page(s): [(93824902758400, 1871872, 315, 5)]
milestone 36: process exec'd -- private stack page mapped to frame 0x1cd000
milestone 57: process exec'd -- private heap RESERVED (not mapped): 64 pages at 0x555570000000..0x55557003ffff, 0 physical frames committed until a real page fault demand-pages one
milestone 54: reclaim_process_frames('forked-child') -- freed 63 physical frame(s) back to the allocator's free list
milestone 45: syscall EXEC (process 14) -- REAL teardown-and-rebuild complete: new pml4=0x1c8000, new entry=0x5555500000ec (real parsed e_entry), fd table/parent_pid/pgid preserved, CR3 switched
milestone 45: syscall EXEC (process 14) -- hardware-recorded CS=0x1b (CPL=3) -- REAL teardown-and-rebuild from 'ccout1' (324 real ELF bytes read from the on-disk filesystem), new address space, jumping directly into the real parsed entry 0x5555500000ec, never returning to the old one
milestone 30: syscall EXIT -- hardware-recorded CS=0x1b (CPL=3) -- discarding ring-3 context, resuming kernel context
milestone 37: wait() -- forked child pid 14 resumed in kernel context (its own exit() syscall ran; CR3 is currently the KERNEL's own, restored to the parent's by wait_for_child() next)
milestone 54: reclaim_process_frames('exec'd') -- freed 7 physical frame(s) back to the allocator's free list
milestone 43: syscall WAIT (process 3) -- child pid 14 ran to completion and was reaped (real exit code 1), CR3 restored to parent's own pml4 0x135000
milestone 43: syscall WAIT (process 3) -- hardware-recorded CS=0x1b (CPL=3) -- reaped child pid 14, exited normally with code 1
milestone 31: syscall WRITE (process 3) -- hardware-recorded CS=0x1b (CPL=3) -- ptr=0x555550003c41 len=70 -- raw bytes >>>
  real on-disk ELF written, real fork()+exec()+wait() -- child exited=
<<< end of write (70 bytes)
milestone 33: syscall WRITE (process 3) also reads its own private heap at 0x555570000000 -- marker byte 0x00 (' ')
milestone 31: syscall WRITE (process 3) -- hardware-recorded CS=0x1b (CPL=3) -- ptr=0x5555500034c4 len=4 -- raw bytes >>>
true
<<< end of write (4 bytes)
milestone 33: syscall WRITE (process 3) also reads its own private heap at 0x555570000000 -- marker byte 0x00 (' ')
milestone 31: syscall WRITE (process 3) -- hardware-recorded CS=0x1b (CPL=3) -- ptr=0x5555500038ff len=16 -- raw bytes >>>
 real exit code=
<<< end of write (16 bytes)
milestone 33: syscall WRITE (process 3) also reads its own private heap at 0x555570000000 -- marker byte 0x00 (' ')
milestone 31: syscall WRITE (process 3) -- hardware-recorded CS=0x1b (CPL=3) -- ptr=0x555560000e97 len=1 -- raw bytes >>>
1
<<< end of write (1 bytes)
milestone 33: syscall WRITE (process 3) also reads its own private heap at 0x555570000000 -- marker byte 0x00 (' ')
milestone 31: syscall WRITE (process 3) -- hardware-recorded CS=0x1b (CPL=3) -- ptr=0x555550003c8c len=28 -- raw bytes >>>
 (expected exited=true code=
<<< end of write (28 bytes)
milestone 33: syscall WRITE (process 3) also reads its own private heap at 0x555570000000 -- marker byte 0x00 (' ')
milestone 31: syscall WRITE (process 3) -- hardware-recorded CS=0x1b (CPL=3) -- ptr=0x555560000e97 len=1 -- raw bytes >>>
1
<<< end of write (1 bytes)
milestone 33: syscall WRITE (process 3) also reads its own private heap at 0x555570000000 -- marker byte 0x00 (' ')
milestone 31: syscall WRITE (process 3) -- hardware-recorded CS=0x1b (CPL=3) -- ptr=0x555550003ca8 len=2 -- raw bytes >>>
)

<<< end of write (2 bytes)
milestone 33: syscall WRITE (process 3) also reads its own private heap at 0x555570000000 -- marker byte 0x00 (' ')
milestone 31: syscall WRITE (process 3) -- hardware-recorded CS=0x1b (CPL=3) -- ptr=0x5555500054b4 len=55 -- raw bytes >>>
case36_real_elf_exec_logical_or_shortcircuit_returns_1=
<<< end of write (55 bytes)
milestone 33: syscall WRITE (process 3) also reads its own private heap at 0x555570000000 -- marker byte 0x00 (' ')
milestone 31: syscall WRITE (process 3) -- hardware-recorded CS=0x1b (CPL=3) -- ptr=0x5555500034c0 len=4 -- raw bytes >>>
PASS
<<< end of write (4 bytes)
milestone 33: syscall WRITE (process 3) also reads its own private heap at 0x555570000000 -- marker byte 0x00 (' ')
milestone 31: syscall WRITE (process 3) -- hardware-recorded CS=0x1b (CPL=3) -- ptr=0x5555500034d4 len=1 -- raw bytes >>>
 
<<< end of write (1 bytes)
milestone 33: syscall WRITE (process 3) also reads its own private heap at 0x555570000000 -- marker byte 0x00 (' ')
milestone 31: syscall WRITE (process 3) -- hardware-recorded CS=0x1b (CPL=3) -- ptr=0x5555500035bc len=1 -- raw bytes >>>


<<< end of write (1 bytes)
milestone 33: syscall WRITE (process 3) also reads its own private heap at 0x555570000000 -- marker byte 0x00 (' ')
milestone 31: syscall WRITE (process 3) -- hardware-recorded CS=0x1b (CPL=3) -- ptr=0x5555500054eb len=12 -- raw bytes >>>
OVERALL_M76=
<<< end of write (12 bytes)
milestone 33: syscall WRITE (process 3) also reads its own private heap at 0x555570000000 -- marker byte 0x00 (' ')
milestone 31: syscall WRITE (process 3) -- hardware-recorded CS=0x1b (CPL=3) -- ptr=0x5555500034c0 len=4 -- raw bytes >>>
PASS
<<< end of write (4 bytes)
milestone 33: syscall WRITE (process 3) also reads its own private heap at 0x555570000000 -- marker byte 0x00 (' ')
milestone 31: syscall WRITE (process 3) -- hardware-recorded CS=0x1b (CPL=3) -- ptr=0x5555500035bc len=1 -- raw bytes >>>


<<< end of write (1 bytes)
milestone 33: syscall WRITE (process 3) also reads its own private heap at 0x555570000000 -- marker byte 0x00 (' ')
milestone 31: syscall WRITE (process 3) -- hardware-recorded CS=0x1b (CPL=3) -- ptr=0x5555500035bc len=1 -- raw bytes >>>


<<< end of write (1 bytes)
milestone 33: syscall WRITE (process 3) also reads its own private heap at 0x555570000000 -- marker byte 0x00 (' ')
milestone 33: syscall SBRK (process 3) -- hardware-recorded CS=0x1b (CPL=3) -- requested 3080 bytes, returning heap pointer 0x55557002e0b8
milestone 33: syscall SBRK (process 3) -- hardware-recorded CS=0x1b (CPL=3) -- requested 56 bytes, returning heap pointer 0x55557002ecc0
milestone 33: syscall SBRK (process 3) -- hardware-recorded CS=0x1b (CPL=3) -- requested 64 bytes, returning heap pointer 0x55557002ecf8
milestone 33: syscall SBRK (process 3) -- hardware-recorded CS=0x1b (CPL=3) -- requested 56 bytes, returning heap pointer 0x55557002ed38
milestone 33: syscall SBRK (process 3) -- hardware-recorded CS=0x1b (CPL=3) -- requested 56 bytes, returning heap pointer 0x55557002ed70
milestone 33: syscall SBRK (process 3) -- hardware-recorded CS=0x1b (CPL=3) -- requested 64 bytes, returning heap pointer 0x55557002eda8
milestone 33: syscall SBRK (process 3) -- hardware-recorded CS=0x1b (CPL=3) -- requested 56 bytes, returning heap pointer 0x55557002ede8
milestone 33: syscall SBRK (process 3) -- hardware-recorded CS=0x1b (CPL=3) -- requested 56 bytes, returning heap pointer 0x55557002ee20
milestone 33: syscall SBRK (process 3) -- hardware-recorded CS=0x1b (CPL=3) -- requested 64 bytes, returning heap pointer 0x55557002ee58
milestone 33: syscall SBRK (process 3) -- hardware-recorded CS=0x1b (CPL=3) -- requested 64 bytes, returning heap pointer 0x55557002ee98
milestone 33: syscall SBRK (process 3) -- hardware-recorded CS=0x1b (CPL=3) -- requested 64 bytes, returning heap pointer 0x55557002eed8
milestone 33: syscall SBRK (process 3) -- hardware-recorded CS=0x1b (CPL=3) -- requested 64 bytes, returning heap pointer 0x55557002ef18
milestone 33: syscall SBRK (process 3) -- hardware-recorded CS=0x1b (CPL=3) -- requested 64 bytes, returning heap pointer 0x55557002ef58
milestone 33: syscall SBRK (process 3) -- hardware-recorded CS=0x1b (CPL=3) -- requested 64 bytes, returning heap pointer 0x55557002ef98
milestone 33: syscall SBRK (process 3) -- hardware-recorded CS=0x1b (CPL=3) -- requested 64 bytes, returning heap pointer 0x55557002efd8
milestone 57: demand-paged heap page 47 for process 3 (fault addr 0x55557002f000) -- fresh zeroed physical frame 0x1cd000 mapped, resuming the faulting instruction
milestone 33: syscall SBRK (process 3) -- hardware-recorded CS=0x1b (CPL=3) -- requested 64 bytes, returning heap pointer 0x55557002f018
milestone 33: syscall SBRK (process 3) -- hardware-recorded CS=0x1b (CPL=3) -- requested 64 bytes, returning heap pointer 0x55557002f058
milestone 33: syscall SBRK (process 3) -- hardware-recorded CS=0x1b (CPL=3) -- requested 64 bytes, returning heap pointer 0x55557002f098
milestone 33: syscall SBRK (process 3) -- hardware-recorded CS=0x1b (CPL=3) -- requested 64 bytes, returning heap pointer 0x55557002f0d8
milestone 33: syscall SBRK (process 3) -- hardware-recorded CS=0x1b (CPL=3) -- requested 64 bytes, returning heap pointer 0x55557002f118
milestone 33: syscall SBRK (process 3) -- hardware-recorded CS=0x1b (CPL=3) -- requested 64 bytes, returning heap pointer 0x55557002f158
milestone 33: syscall SBRK (process 3) -- hardware-recorded CS=0x1b (CPL=3) -- requested 64 bytes, returning heap pointer 0x55557002f198
milestone 33: syscall SBRK (process 3) -- hardware-recorded CS=0x1b (CPL=3) -- requested 64 bytes, returning heap pointer 0x55557002f1d8
milestone 33: syscall SBRK (process 3) -- hardware-recorded CS=0x1b (CPL=3) -- requested 64 bytes, returning heap pointer 0x55557002f218
milestone 33: syscall SBRK (process 3) -- hardware-recorded CS=0x1b (CPL=3) -- requested 64 bytes, returning heap pointer 0x55557002f258
milestone 33: syscall SBRK (process 3) -- hardware-recorded CS=0x1b (CPL=3) -- requested 64 bytes, returning heap pointer 0x55557002f298
milestone 33: syscall SBRK (process 3) -- hardware-recorded CS=0x1b (CPL=3) -- requested 64 bytes, returning heap pointer 0x55557002f2d8
milestone 33: syscall SBRK (process 3) -- hardware-recorded CS=0x1b (CPL=3) -- requested 64 bytes, returning heap pointer 0x55557002f318
milestone 33: syscall SBRK (process 3) -- hardware-recorded CS=0x1b (CPL=3) -- requested 64 bytes, returning heap pointer 0x55557002f358
milestone 33: syscall SBRK (process 3) -- hardware-recorded CS=0x1b (CPL=3) -- requested 64 bytes, returning heap pointer 0x55557002f398
milestone 33: syscall SBRK (process 3) -- hardware-recorded CS=0x1b (CPL=3) -- requested 56 bytes, returning heap pointer 0x55557002f3d8
milestone 33: syscall SBRK (process 3) -- hardware-recorded CS=0x1b (CPL=3) -- requested 64 bytes, returning heap pointer 0x55557002f410
milestone 33: syscall SBRK (process 3) -- hardware-recorded CS=0x1b (CPL=3) -- requested 56 bytes, returning heap pointer 0x55557002f450
milestone 33: syscall SBRK (process 3) -- hardware-recorded CS=0x1b (CPL=3) -- requested 56 bytes, returning heap pointer 0x55557002f488
milestone 33: syscall SBRK (process 3) -- hardware-recorded CS=0x1b (CPL=3) -- requested 104 bytes, returning heap pointer 0x55557002f4c0
milestone 33: syscall SBRK (process 3) -- hardware-recorded CS=0x1b (CPL=3) -- requested 136 bytes, returning heap pointer 0x55557002f528
milestone 33: syscall SBRK (process 3) -- hardware-recorded CS=0x1b (CPL=3) -- requested 16 bytes, returning heap pointer 0x55557002f5b0
milestone 33: syscall SBRK (process 3) -- hardware-recorded CS=0x1b (CPL=3) -- requested 2056 bytes, returning heap pointer 0x55557002f5c0
milestone 33: syscall SBRK (process 3) -- hardware-recorded CS=0x1b (CPL=3) -- requested 104 bytes, returning heap pointer 0x55557002fdc8
milestone 31: syscall WRITE (process 3) -- hardware-recorded CS=0x1b (CPL=3) -- ptr=0x555550005572 len=63 -- raw bytes >>>
  case37 (bitwise &,|,^,~,<<,>> combined, in-process) returned=
<<< end of write (63 bytes)
milestone 33: syscall WRITE (process 3) also reads its own private heap at 0x555570000000 -- marker byte 0x00 (' ')
milestone 31: syscall WRITE (process 3) -- hardware-recorded CS=0x1b (CPL=3) -- ptr=0x555560000e97 len=1 -- raw bytes >>>
6
<<< end of write (1 bytes)
milestone 33: syscall WRITE (process 3) also reads its own private heap at 0x555570000000 -- marker byte 0x00 (' ')
milestone 31: syscall WRITE (process 3) -- hardware-recorded CS=0x1b (CPL=3) -- ptr=0x555560000e97 len=1 -- raw bytes >>>
8
<<< end of write (1 bytes)
milestone 33: syscall WRITE (process 3) also reads its own private heap at 0x555570000000 -- marker byte 0x00 (' ')
milestone 31: syscall WRITE (process 3) -- hardware-recorded CS=0x1b (CPL=3) -- ptr=0x5555500055b1 len=15 -- raw bytes >>>
 (expected 68)

<<< end of write (15 bytes)
milestone 33: syscall WRITE (process 3) also reads its own private heap at 0x555570000000 -- marker byte 0x00 (' ')
milestone 31: syscall WRITE (process 3) -- hardware-recorded CS=0x1b (CPL=3) -- ptr=0x5555500055c0 len=45 -- raw bytes >>>
case37_bitwise_operators_combined_returns_68=
<<< end of write (45 bytes)
milestone 33: syscall WRITE (process 3) also reads its own private heap at 0x555570000000 -- marker byte 0x00 (' ')
milestone 31: syscall WRITE (process 3) -- hardware-recorded CS=0x1b (CPL=3) -- ptr=0x5555500034c0 len=4 -- raw bytes >>>
PASS
<<< end of write (4 bytes)
milestone 33: syscall WRITE (process 3) also reads its own private heap at 0x555570000000 -- marker byte 0x00 (' ')
milestone 31: syscall WRITE (process 3) -- hardware-recorded CS=0x1b (CPL=3) -- ptr=0x5555500034d4 len=1 -- raw bytes >>>
 
<<< end of write (1 bytes)
milestone 33: syscall WRITE (process 3) also reads its own private heap at 0x555570000000 -- marker byte 0x00 (' ')
milestone 31: syscall WRITE (process 3) -- hardware-recorded CS=0x1b (CPL=3) -- ptr=0x5555500035bc len=1 -- raw bytes >>>


<<< end of write (1 bytes)
milestone 33: syscall WRITE (process 3) also reads its own private heap at 0x555570000000 -- marker byte 0x00 (' ')
milestone 33: syscall SBRK (process 3) -- hardware-recorded CS=0x1b (CPL=3) -- requested 3080 bytes, returning heap pointer 0x55557002fe30
milestone 57: demand-paged heap page 48 for process 3 (fault addr 0x555570030000) -- fresh zeroed physical frame 0x1c9000 mapped, resuming the faulting instruction
milestone 33: syscall SBRK (process 3) -- hardware-recorded CS=0x1b (CPL=3) -- requested 40 bytes, returning heap pointer 0x555570030a38
milestone 33: syscall SBRK (process 3) -- hardware-recorded CS=0x1b (CPL=3) -- requested 64 bytes, returning heap pointer 0x555570030a60
milestone 33: syscall SBRK (process 3) -- hardware-recorded CS=0x1b (CPL=3) -- requested 64 bytes, returning heap pointer 0x555570030aa0
milestone 33: syscall SBRK (process 3) -- hardware-recorded CS=0x1b (CPL=3) -- requested 64 bytes, returning heap pointer 0x555570030ae0
milestone 33: syscall SBRK (process 3) -- hardware-recorded CS=0x1b (CPL=3) -- requested 56 bytes, returning heap pointer 0x555570030b20
milestone 33: syscall SBRK (process 3) -- hardware-recorded CS=0x1b (CPL=3) -- requested 56 bytes, returning heap pointer 0x555570030b58
milestone 33: syscall SBRK (process 3) -- hardware-recorded CS=0x1b (CPL=3) -- requested 56 bytes, returning heap pointer 0x555570030b90
milestone 33: syscall SBRK (process 3) -- hardware-recorded CS=0x1b (CPL=3) -- requested 64 bytes, returning heap pointer 0x555570030bc8
milestone 33: syscall SBRK (process 3) -- hardware-recorded CS=0x1b (CPL=3) -- requested 56 bytes, returning heap pointer 0x555570030c08
milestone 33: syscall SBRK (process 3) -- hardware-recorded CS=0x1b (CPL=3) -- requested 56 bytes, returning heap pointer 0x555570030c40
milestone 33: syscall SBRK (process 3) -- hardware-recorded CS=0x1b (CPL=3) -- requested 64 bytes, returning heap pointer 0x555570030c78
milestone 33: syscall SBRK (process 3) -- hardware-recorded CS=0x1b (CPL=3) -- requested 56 bytes, returning heap pointer 0x555570030cb8
milestone 33: syscall SBRK (process 3) -- hardware-recorded CS=0x1b (CPL=3) -- requested 56 bytes, returning heap pointer 0x555570030cf0
milestone 33: syscall SBRK (process 3) -- hardware-recorded CS=0x1b (CPL=3) -- requested 64 bytes, returning heap pointer 0x555570030d28
milestone 33: syscall SBRK (process 3) -- hardware-recorded CS=0x1b (CPL=3) -- requested 56 bytes, returning heap pointer 0x555570030d68
milestone 33: syscall SBRK (process 3) -- hardware-recorded CS=0x1b (CPL=3) -- requested 56 bytes, returning heap pointer 0x555570030da0
milestone 33: syscall SBRK (process 3) -- hardware-recorded CS=0x1b (CPL=3) -- requested 64 bytes, returning heap pointer 0x555570030dd8
milestone 33: syscall SBRK (process 3) -- hardware-recorded CS=0x1b (CPL=3) -- requested 64 bytes, returning heap pointer 0x555570030e18
milestone 33: syscall SBRK (process 3) -- hardware-recorded CS=0x1b (CPL=3) -- requested 64 bytes, returning heap pointer 0x555570030e58
milestone 33: syscall SBRK (process 3) -- hardware-recorded CS=0x1b (CPL=3) -- requested 64 bytes, returning heap pointer 0x555570030e98
milestone 33: syscall SBRK (process 3) -- hardware-recorded CS=0x1b (CPL=3) -- requested 64 bytes, returning heap pointer 0x555570030ed8
milestone 33: syscall SBRK (process 3) -- hardware-recorded CS=0x1b (CPL=3) -- requested 56 bytes, returning heap pointer 0x555570030f18
milestone 33: syscall SBRK (process 3) -- hardware-recorded CS=0x1b (CPL=3) -- requested 40 bytes, returning heap pointer 0x555570030f50
milestone 33: syscall SBRK (process 3) -- hardware-recorded CS=0x1b (CPL=3) -- requested 64 bytes, returning heap pointer 0x555570030f78
milestone 33: syscall SBRK (process 3) -- hardware-recorded CS=0x1b (CPL=3) -- requested 64 bytes, returning heap pointer 0x555570030fb8
milestone 33: syscall SBRK (process 3) -- hardware-recorded CS=0x1b (CPL=3) -- requested 64 bytes, returning heap pointer 0x555570030ff8
milestone 57: demand-paged heap page 49 for process 3 (fault addr 0x555570031000) -- fresh zeroed physical frame 0x1c8000 mapped, resuming the faulting instruction
milestone 33: syscall SBRK (process 3) -- hardware-recorded CS=0x1b (CPL=3) -- requested 64 bytes, returning heap pointer 0x555570031038
milestone 33: syscall SBRK (process 3) -- hardware-recorded CS=0x1b (CPL=3) -- requested 64 bytes, returning heap pointer 0x555570031078
milestone 33: syscall SBRK (process 3) -- hardware-recorded CS=0x1b (CPL=3) -- requested 64 bytes, returning heap pointer 0x5555700310b8
milestone 33: syscall SBRK (process 3) -- hardware-recorded CS=0x1b (CPL=3) -- requested 64 bytes, returning heap pointer 0x5555700310f8
milestone 33: syscall SBRK (process 3) -- hardware-recorded CS=0x1b (CPL=3) -- requested 56 bytes, returning heap pointer 0x555570031138
milestone 33: syscall SBRK (process 3) -- hardware-recorded CS=0x1b (CPL=3) -- requested 56 bytes, returning heap pointer 0x555570031170
milestone 33: syscall SBRK (process 3) -- hardware-recorded CS=0x1b (CPL=3) -- requested 104 bytes, returning heap pointer 0x5555700311a8
milestone 33: syscall SBRK (process 3) -- hardware-recorded CS=0x1b (CPL=3) -- requested 136 bytes, returning heap pointer 0x555570031210
milestone 33: syscall SBRK (process 3) -- hardware-recorded CS=0x1b (CPL=3) -- requested 16 bytes, returning heap pointer 0x555570031298
milestone 33: syscall SBRK (process 3) -- hardware-recorded CS=0x1b (CPL=3) -- requested 2056 bytes, returning heap pointer 0x5555700312a8
milestone 33: syscall SBRK (process 3) -- hardware-recorded CS=0x1b (CPL=3) -- requested 104 bytes, returning heap pointer 0x555570031ab0
milestone 33: syscall SBRK (process 3) -- hardware-recorded CS=0x1b (CPL=3) -- requested 104 bytes, returning heap pointer 0x555570031b18
milestone 33: syscall SBRK (process 3) -- hardware-recorded CS=0x1b (CPL=3) -- requested 304 bytes, returning heap pointer 0x555570031b80
milestone 35: syscall OPEN (process 3) -- hardware-recorded CS=0x1b (CPL=3) -- path='ccout1' -> fd 0
milestone 35: syscall FDWRITE (process 3) -- hardware-recorded CS=0x1b (CPL=3) -- fd=0 requested=293 accepted=293 bytes
milestone 35: syscall CLOSE (process 3) -- fd 0 was dirty, persisted 324 bytes to 'ccout1' on the real on-disk filesystem
milestone 35: syscall CLOSE (process 3) -- hardware-recorded CS=0x1b (CPL=3) -- fd=0 closed successfully
milestone 30: process forked-child -- user p4 index computed as 170 (code 0x555550000000, stack 0x555560000000)
milestone 30: process forked-child -- new pml4 0x1ca000 populated: 511 kernel-space entries shared, index 170 left private
milestone 30: process forked-child -- private code page mapped to frame 0x1cb000, private stack page mapped to frame 0x1ce000
milestone 57: process forked-child -- private heap RESERVED (not mapped): 64 pages at 0x555570000000..0x55557003ffff, 0 physical frames committed until a real page fault demand-pages one
milestone 34: process forked-child -- copied 4096 image bytes into private code frame 0x1cb000
milestone 37: fork() -- child's code frame 0x1cb000 holds a REAL byte-for-byte copy of the parent's code frame 0x143000 (independently verifiable: same virtual address USER_CODE_ADDR under either process's own CR3, genuinely different physical frames)
milestone 69: fork() -- child also got 8 extra code page(s) REALLY remapped+copied (real fix -- see extra_frames' own doc comment on Process for the bug this closes; a multi-page ELF-loaded parent's pages beyond page 0 used to be silently dropped by fork())
milestone 37: syscall FORK (process 3, 'elf-loaded') -- created child pid 14: pml4=0x1ca000 code_frame=0x1cb000 resume point rip=0x555550003022 rsp=0x555560000eb8
milestone 37: syscall FORK (process 3) -- hardware-recorded CS=0x1b (CPL=3) -- created child pid 14
milestone 37: wait() -- switching CR3 to forked child pid 14's own pml4 0x1ca000, resuming at rip=0x555550003022 rsp=0x555560000eb8 (its own fork()-time snapshot, rax forced to 0)
milestone 36: process exec'd -- ELF validated: e_entry=0x55555000009c falls inside a mapped segment, 1 PT_LOAD segment(s), 1 total page(s), all within private p4 index 170
milestone 36: process exec'd -- new pml4 0x1b8000 populated: 511 kernel-space entries shared, index 170 left private
milestone 36: process exec'd -- mapped 1 PT_LOAD page(s): [(93824902758400, 1896448, 293, 5)]
milestone 36: process exec'd -- private stack page mapped to frame 0x1d3000
milestone 57: process exec'd -- private heap RESERVED (not mapped): 64 pages at 0x555570000000..0x55557003ffff, 0 physical frames committed until a real page fault demand-pages one
milestone 54: reclaim_process_frames('forked-child') -- freed 66 physical frame(s) back to the allocator's free list
milestone 45: syscall EXEC (process 14) -- REAL teardown-and-rebuild complete: new pml4=0x1b8000, new entry=0x55555000009c (real parsed e_entry), fd table/parent_pid/pgid preserved, CR3 switched
milestone 45: syscall EXEC (process 14) -- hardware-recorded CS=0x1b (CPL=3) -- REAL teardown-and-rebuild from 'ccout1' (324 real ELF bytes read from the on-disk filesystem), new address space, jumping directly into the real parsed entry 0x55555000009c, never returning to the old one
milestone 30: syscall EXIT -- hardware-recorded CS=0x1b (CPL=3) -- discarding ring-3 context, resuming kernel context
milestone 37: wait() -- forked child pid 14 resumed in kernel context (its own exit() syscall ran; CR3 is currently the KERNEL's own, restored to the parent's by wait_for_child() next)
milestone 54: reclaim_process_frames('exec'd') -- freed 7 physical frame(s) back to the allocator's free list
milestone 43: syscall WAIT (process 3) -- child pid 14 ran to completion and was reaped (real exit code 8), CR3 restored to parent's own pml4 0x135000
milestone 43: syscall WAIT (process 3) -- hardware-recorded CS=0x1b (CPL=3) -- reaped child pid 14, exited normally with code 8
milestone 31: syscall WRITE (process 3) -- hardware-recorded CS=0x1b (CPL=3) -- ptr=0x555550003c41 len=70 -- raw bytes >>>
  real on-disk ELF written, real fork()+exec()+wait() -- child exited=
<<< end of write (70 bytes)
milestone 33: syscall WRITE (process 3) also reads its own private heap at 0x555570000000 -- marker byte 0x00 (' ')
milestone 31: syscall WRITE (process 3) -- hardware-recorded CS=0x1b (CPL=3) -- ptr=0x5555500034c4 len=4 -- raw bytes >>>
true
<<< end of write (4 bytes)
milestone 33: syscall WRITE (process 3) also reads its own private heap at 0x555570000000 -- marker byte 0x00 (' ')
milestone 31: syscall WRITE (process 3) -- hardware-recorded CS=0x1b (CPL=3) -- ptr=0x5555500038ff len=16 -- raw bytes >>>
 real exit code=
<<< end of write (16 bytes)
milestone 33: syscall WRITE (process 3) also reads its own private heap at 0x555570000000 -- marker byte 0x00 (' ')
milestone 31: syscall WRITE (process 3) -- hardware-recorded CS=0x1b (CPL=3) -- ptr=0x555560000e97 len=1 -- raw bytes >>>
8
<<< end of write (1 bytes)
milestone 33: syscall WRITE (process 3) also reads its own private heap at 0x555570000000 -- marker byte 0x00 (' ')
milestone 31: syscall WRITE (process 3) -- hardware-recorded CS=0x1b (CPL=3) -- ptr=0x555550003c8c len=28 -- raw bytes >>>
 (expected exited=true code=
<<< end of write (28 bytes)
milestone 33: syscall WRITE (process 3) also reads its own private heap at 0x555570000000 -- marker byte 0x00 (' ')
milestone 31: syscall WRITE (process 3) -- hardware-recorded CS=0x1b (CPL=3) -- ptr=0x555560000e97 len=1 -- raw bytes >>>
8
<<< end of write (1 bytes)
milestone 33: syscall WRITE (process 3) also reads its own private heap at 0x555570000000 -- marker byte 0x00 (' ')
milestone 31: syscall WRITE (process 3) -- hardware-recorded CS=0x1b (CPL=3) -- ptr=0x555550003ca8 len=2 -- raw bytes >>>
)

<<< end of write (2 bytes)
milestone 33: syscall WRITE (process 3) also reads its own private heap at 0x555570000000 -- marker byte 0x00 (' ')
milestone 31: syscall WRITE (process 3) -- hardware-recorded CS=0x1b (CPL=3) -- ptr=0x5555500056b6 len=50 -- raw bytes >>>
case38_real_elf_exec_bitwise_precedence_returns_8=
<<< end of write (50 bytes)
milestone 33: syscall WRITE (process 3) also reads its own private heap at 0x555570000000 -- marker byte 0x00 (' ')
milestone 31: syscall WRITE (process 3) -- hardware-recorded CS=0x1b (CPL=3) -- ptr=0x5555500034c0 len=4 -- raw bytes >>>
PASS
<<< end of write (4 bytes)
milestone 33: syscall WRITE (process 3) also reads its own private heap at 0x555570000000 -- marker byte 0x00 (' ')
milestone 31: syscall WRITE (process 3) -- hardware-recorded CS=0x1b (CPL=3) -- ptr=0x5555500034d4 len=1 -- raw bytes >>>
 
<<< end of write (1 bytes)
milestone 33: syscall WRITE (process 3) also reads its own private heap at 0x555570000000 -- marker byte 0x00 (' ')
milestone 31: syscall WRITE (process 3) -- hardware-recorded CS=0x1b (CPL=3) -- ptr=0x5555500035bc len=1 -- raw bytes >>>


<<< end of write (1 bytes)
milestone 33: syscall WRITE (process 3) also reads its own private heap at 0x555570000000 -- marker byte 0x00 (' ')
milestone 31: syscall WRITE (process 3) -- hardware-recorded CS=0x1b (CPL=3) -- ptr=0x5555500056e8 len=12 -- raw bytes >>>
OVERALL_M79=
<<< end of write (12 bytes)
milestone 33: syscall WRITE (process 3) also reads its own private heap at 0x555570000000 -- marker byte 0x00 (' ')
milestone 31: syscall WRITE (process 3) -- hardware-recorded CS=0x1b (CPL=3) -- ptr=0x5555500034c0 len=4 -- raw bytes >>>
PASS
<<< end of write (4 bytes)
milestone 33: syscall WRITE (process 3) also reads its own private heap at 0x555570000000 -- marker byte 0x00 (' ')
milestone 31: syscall WRITE (process 3) -- hardware-recorded CS=0x1b (CPL=3) -- ptr=0x5555500035bc len=1 -- raw bytes >>>


<<< end of write (1 bytes)
milestone 33: syscall WRITE (process 3) also reads its own private heap at 0x555570000000 -- marker byte 0x00 (' ')
milestone 30: syscall EXIT -- hardware-recorded CS=0x1b (CPL=3) -- discarding ring-3 context, resuming kernel context
milestone 36: elf-loaded process -- resumed in kernel context (CR3 already restored by the exit syscall before this point)
milestone 67: self-test -- cc.elf ran to completion and returned to the kernel cleanly (no panic, no double fault) -- see the 'milestone 67: cc' lines above for the real lexer/parser-correctness evidence written by the program itself
milestone 30: process forked-child -- user p4 index computed as 170 (code 0x555550000000, stack 0x555560000000)
milestone 30: process forked-child -- new pml4 0x1d3000 populated: 511 kernel-space entries shared, index 170 left private
milestone 30: process forked-child -- private code page mapped to frame 0x1cf000, private stack page mapped to frame 0x1b8000
milestone 57: process forked-child -- private heap RESERVED (not mapped): 64 pages at 0x555570000000..0x55557003ffff, 0 physical frames committed until a real page fault demand-pages one
milestone 34: process forked-child -- copied 4096 image bytes into private code frame 0x1cf000
milestone 37: fork() -- child's code frame 0x1cf000 holds a REAL byte-for-byte copy of the parent's code frame 0x5b000 (independently verifiable: same virtual address USER_CODE_ADDR under either process's own CR3, genuinely different physical frames)
milestone 37: syscall FORK (process 10, 'fault-test') -- created child pid 14: pml4=0x1d3000 code_frame=0x1cf000 resume point rip=0x0 rsp=0x0
milestone 54: reclaim_process_frames('forked-child') -- freed 7 physical frame(s) back to the allocator's free list
milestone 41: syscall KILL (process 10) -- pid 14 terminated WITHOUT ever running (bypassed wait()'s normal run-then-reap contract), slot freed for reuse
milestone 54: self-test -- forked+killed pid 14 (independently counted real frame cost, leaf+page-tables: 7), free list grew 66 -> 73 -- confirmed
milestone 30: process forked-child -- user p4 index computed as 170 (code 0x555550000000, stack 0x555560000000)
milestone 30: process forked-child -- new pml4 0x1b8000 populated: 511 kernel-space entries shared, index 170 left private
milestone 30: process forked-child -- private code page mapped to frame 0x1cf000, private stack page mapped to frame 0x1d3000
milestone 57: process forked-child -- private heap RESERVED (not mapped): 64 pages at 0x555570000000..0x55557003ffff, 0 physical frames committed until a real page fault demand-pages one
milestone 34: process forked-child -- copied 4096 image bytes into private code frame 0x1cf000
milestone 37: fork() -- child's code frame 0x1cf000 holds a REAL byte-for-byte copy of the parent's code frame 0x5b000 (independently verifiable: same virtual address USER_CODE_ADDR under either process's own CR3, genuinely different physical frames)
milestone 37: syscall FORK (process 10, 'fault-test') -- created child pid 14: pml4=0x1b8000 code_frame=0x1cf000 resume point rip=0x0 rsp=0x0
milestone 54: reclaim_process_frames('forked-child') -- freed 7 physical frame(s) back to the allocator's free list
milestone 41: syscall KILL (process 10) -- pid 14 terminated WITHOUT ever running (bypassed wait()'s normal run-then-reap contract), slot freed for reuse
milestone 54: self-test -- second fork()'s own real frame cost: Some(7) (expected 7, symmetric=true); free list after its construction: 66 (expected 66, fully drained=true)
milestone 54: self-test -- OVERALL: PASS
milestone 77: heterogeneous neuron ensemble self-test starting -- real ata.rs disk I/O as the drive signal, real RDTSC timing, 3 neurons/type x 4 types vs 12x homogeneous LIF
milestone 77: calibrated lif threshold=98.32 (baseline mean=78.50, std=6.61)
milestone 77: calibrated izhikevich threshold=54.00 (baseline mean=54.00, std=0.00)
milestone 77: calibrated adex threshold=54.00 (baseline mean=54.00, std=0.00)
milestone 77: calibrated resonator threshold=3.00 (baseline mean=3.00, std=0.00)
milestone 77: calibrated homogeneous (12x LIF) threshold=365.91 (baseline mean=289.25, std=25.55)
milestone 77: magnitude    heterogeneous=4/4  homogeneous(12xLIF)=4/4
milestone 77: burst        heterogeneous=4/4  homogeneous(12xLIF)=4/4
milestone 77: repetition   heterogeneous=4/4  homogeneous(12xLIF)=4/4
milestone 77: frequency    heterogeneous=4/4  homogeneous(12xLIF)=0/4
milestone 77: TOTAL heterogeneous=16/16 (100.0%)  homogeneous=12/16 (75.0%)
milestone 77: self-test -- OVERALL_M77=PASS (heterogeneous typed ensemble detected more than homogeneous, confirming the Python study's finding transfers to this kernel's own real disk I/O)
milestone 78: heterogeneous STDP self-test starting -- same apply_stdp() formula, real per-type pulse-driven firing, 20 trials/type
milestone 78: lif          pre_fired=20/20 post_fired=20/20 valid_trials=20/20 weight 0.5000 -> 0.5005
milestone 78: izhikevich   pre_fired=20/20 post_fired=20/20 valid_trials=20/20 weight 0.5000 -> 0.5005
milestone 78: adex         pre_fired=1/20 post_fired=1/20 valid_trials=1/20 weight 0.5000 -> 0.5000
milestone 78: resonator    pre_fired=1/20 post_fired=1/20 valid_trials=1/20 weight 0.5000 -> 0.5000
milestone 78: self-test complete -- OVERALL_M78=PASS (all four types produced a real, measured result; see per-type validity rates above for the honest comparison, no single expected outcome enforced)
milestone 80: spiking logic gates self-test starting -- real LIF circuits, 20 steps/evaluation
milestone 80: AND(false, false) = false  (expected false)
milestone 80: AND(false, true) = false  (expected false)
milestone 80: AND(true, false) = false  (expected false)
milestone 80: AND(true, true) = true  (expected true)
milestone 80: case_and_full_truth_table=PASS
milestone 80: OR(false, false) = false  (expected false)
milestone 80: OR(false, true) = true  (expected true)
milestone 80: OR(true, false) = true  (expected true)
milestone 80: OR(true, true) = true  (expected true)
milestone 80: case_or_full_truth_table=PASS
milestone 80: NOT(false) = true  (expected true)
milestone 80: NOT(true) = false  (expected false)
milestone 80: case_not_full_truth_table=PASS
milestone 80: XOR(false, false) = false  (expected false, via real 4-neuron AND/OR/NOT composition)
milestone 80: XOR(false, true) = true  (expected true, via real 4-neuron AND/OR/NOT composition)
milestone 80: XOR(true, false) = true  (expected true, via real 4-neuron AND/OR/NOT composition)
milestone 80: XOR(true, true) = false  (expected false, via real 4-neuron AND/OR/NOT composition)
milestone 80: case_xor_full_truth_table_4neuron_circuit=PASS
milestone 80: self-test -- OVERALL_M80=PASS
milestone 81: 8-bit multi-bit spiking gates self-test starting -- real bit-sliced circuits, 8x20 steps/8-bit-op
milestone 81: a=0x00 b=0x00  AND8=0x00(exp 0x00)  OR8=0x00(exp 0x00)  XOR8=0x00(exp 0x00)
milestone 81: a=0xff b=0xff  AND8=0xff(exp 0xff)  OR8=0xff(exp 0xff)  XOR8=0x00(exp 0x00)
milestone 81: a=0xff b=0x00  AND8=0x00(exp 0x00)  OR8=0xff(exp 0xff)  XOR8=0xff(exp 0xff)
milestone 81: a=0x0f b=0xf0  AND8=0x00(exp 0x00)  OR8=0xff(exp 0xff)  XOR8=0xff(exp 0xff)
milestone 81: a=0xaa b=0x55  AND8=0x00(exp 0x00)  OR8=0xff(exp 0xff)  XOR8=0xff(exp 0xff)
milestone 81: a=0xaa b=0xaa  AND8=0xaa(exp 0xaa)  OR8=0xaa(exp 0xaa)  XOR8=0x00(exp 0x00)
milestone 81: a=0x3c b=0xc3  AND8=0x00(exp 0x00)  OR8=0xff(exp 0xff)  XOR8=0xff(exp 0xff)
milestone 81: a=0x12 b=0x34  AND8=0x10(exp 0x10)  OR8=0x36(exp 0x36)  XOR8=0x26(exp 0x26)
milestone 81: case_and8_8_pairs=PASS
milestone 81: case_or8_8_pairs=PASS
milestone 81: case_xor8_8_pairs=PASS
milestone 81: a=0x00  NOT8=0xff(exp 0xff)
milestone 81: a=0xff  NOT8=0x00(exp 0x00)
milestone 81: a=0x0f  NOT8=0xf0(exp 0xf0)
milestone 81: a=0xaa  NOT8=0x55(exp 0x55)
milestone 81: a=0x12  NOT8=0xed(exp 0xed)
milestone 81: case_not8_5_values=PASS
milestone 81: self-test -- OVERALL_M81=PASS
milestone 5b: 118 real timer interrupts observed after 80 hlt cycles -- PIT firing confirmed
milestone 5c: returned from preemption demo -- worker counters: task0=2447 task1=2330 task2=2589
milestone 5c: all three tasks genuinely preempted and ran -- real preemptive multitasking confirmed
milestone 6: waiting for keyboard input (external test harness will type)...
milestone 6: received 0 chars: ""
milestone 6: FAILED -- no keystrokes received
milestone 8: interactive shell active -- see framebuffer for real typed session
milestone 25: background task scheduling enabled -- spawn/kill available via the shell
error: process didn't exit successfully: `target\debug\spikeling-os.exe bios` (exit code: 2)
