INFO : Framebuffer info: FrameBufferInfo { byte_len: 2764800, width: 1280, height: 720, pixel_format: Bgr, bytes_per_pixel: 3, stride: 1280 }
INFO : 4th Stage
INFO : BiosInfo { stage_4: Region { start: 130000, len: 25200 }, kernel: Region { start: 1000000, len: 665690 }, ramdisk: Region { start: 1666000, len: 0 }, config_file: Region { start: 1666000, len: 0 }, last_used_addr: 1665fff, framebuffer: BiosFramebufferInfo { region: Region { start: fd000000, len: 2a3000 }, width: 500, height: 2d0, bytes_per_pixel: 3, stride: 500, pixel_format: Bgr }, memory_map_addr: 12114, memory_map_len: 7 }
INFO : BIOS boot
INFO : Elf file loaded at Pointer {
    addr: 0x0000000001000000,
    metadata: 6706832,
}
INFO : virtual_address_offset: 0x10000000000
INFO : Handling Segment: Ph64(ProgramHeader64 { type_: Ok(Load), flags: Flags(4), offset: 0, virtual_addr: 0, physical_addr: 0, file_size: 3aef4, mem_size: 3aef4, align: 1000 })
INFO : Handling Segment: Ph64(ProgramHeader64 { type_: Ok(Load), flags: Flags(5), offset: 3af00, virtual_addr: 3bf00, physical_addr: 3bf00, file_size: 104efb, mem_size: 104efb, align: 1000 })
INFO : Handling Segment: Ph64(ProgramHeader64 { type_: Ok(Load), flags: Flags(6), offset: 13fe00, virtual_addr: 141e00, physical_addr: 141e00, file_size: 10670, mem_size: 11200, align: 1000 })
INFO : Mapping bss section
INFO : Handling Segment: Ph64(ProgramHeader64 { type_: Ok(Load), flags: Flags(6), offset: 150470, virtual_addr: 153470, physical_addr: 153470, file_size: 3b98, mem_size: 1fb90, align: 1000 })
INFO : Mapping bss section
INFO : Entry point at: 0x10000093b80
INFO : Creating GDT at PhysAddr(0x16b2000)
INFO : Map framebuffer
INFO : Map physical memory
INFO : Allocate bootinfo
INFO : Create Memory Map
INFO : Create bootinfo
INFO : Jumping to kernel entry point at VirtAddr(0x10000093b80)
spikeling-os: kernel entered
boot info: BootInfo { api_version: ApiVersion { version_major: 0, version_minor: 11, version_patch: 17, pre_release: false }, memory_regions: MemoryRegions { ptr: 0x380000000e8, len: 10 }, framebuffer: Some(FrameBuffer { buffer_start: 2199023255552, info: FrameBufferInfo { byte_len: 2764800, width: 1280, height: 720, pixel_format: Bgr, bytes_per_pixel: 3, stride: 1280 } }), physical_memory_offset: Some(2748779069440), recursive_index: None, rsdp_addr: Some(1004256), tls_template: None, ramdisk_addr: None, ramdisk_len: 0, kernel_addr: 16777216, kernel_len: 6706832, kernel_image_offset: 1099511627776, kernel_stack_bottom: 1649267445760, kernel_stack_len: 81920, _test_sentinel: 0 }
milestone 1: boot -> kernel handoff confirmed working
milestone 2: drew 1280x720 Bgr gradient to framebuffer
milestone 7: console initialized on the framebuffer
milestone 3: heap mapped at 0x444444440000, 102400 bytes
milestone 3: heap allocation verified -- Vec<u64> of 500 elements summed correctly (124750), Box<u64> round-tripped correctly
milestone 27: user-mode test page mapped -- code at 0x555550000000, stack top at 0x555560001000
milestone 30: saved kernel's own PML4 frame 0x1666000 (cr3 flags 0x0) for restore-on-exit
milestone 30: creating process A's private address space...
milestone 30: process A -- user p4 index computed as 170 (code 0x555550000000, stack 0x555560000000)
milestone 30: process A -- new pml4 0x22000 populated: 511 kernel-space entries shared, index 170 left private
milestone 30: process A -- private code page mapped to frame 0x23000, private stack page mapped to frame 0x24000
milestone 57: process A -- private heap RESERVED (not mapped): 64 pages at 0x555570000000..0x55557003ffff, 0 physical frames committed until a real page fault demand-pages one
milestone 34: process A -- copied 192 image bytes into private code frame 0x23000
milestone 30: process A created -- pml4=0x22000 code=0x23000 stack=0x24000
milestone 42: process A -- pgid=1 (founder of its own group)
milestone 30: creating process B's private address space...
milestone 30: process B -- user p4 index computed as 170 (code 0x555550000000, stack 0x555560000000)
milestone 30: process B -- new pml4 0x29000 populated: 511 kernel-space entries shared, index 170 left private
milestone 30: process B -- private code page mapped to frame 0x2a000, private stack page mapped to frame 0x2b000
milestone 57: process B -- private heap RESERVED (not mapped): 64 pages at 0x555570000000..0x55557003ffff, 0 physical frames committed until a real page fault demand-pages one
milestone 34: process B -- copied 192 image bytes into private code frame 0x2a000
milestone 30: process B created -- pml4=0x29000 code=0x2a000 stack=0x2b000
milestone 42: process B -- pgid=2 (founder of its own group)
milestone 30: process A + process B private address spaces created -- see serial log above for each one's own pml4/code/stack physical frames
milestone 35: creating FDTEST_PROCESS's private address space...
milestone 30: process fdtest -- user p4 index computed as 170 (code 0x555550000000, stack 0x555560000000)
milestone 30: process fdtest -- new pml4 0x30000 populated: 511 kernel-space entries shared, index 170 left private
milestone 30: process fdtest -- private code page mapped to frame 0x31000, private stack page mapped to frame 0x32000
milestone 57: process fdtest -- private heap RESERVED (not mapped): 64 pages at 0x555570000000..0x55557003ffff, 0 physical frames committed until a real page fault demand-pages one
milestone 34: process fdtest -- copied 264 image bytes into private code frame 0x31000
milestone 35: FDTEST_PROCESS created -- pml4=0x30000 code=0x31000 stack=0x32000
milestone 35: FDTEST_PROCESS private address space created
milestone 37: creating FORK_TEST_PROCESS's private address space...
milestone 30: process fork-test -- user p4 index computed as 170 (code 0x555550000000, stack 0x555560000000)
milestone 30: process fork-test -- new pml4 0x37000 populated: 511 kernel-space entries shared, index 170 left private
milestone 30: process fork-test -- private code page mapped to frame 0x38000, private stack page mapped to frame 0x39000
milestone 57: process fork-test -- private heap RESERVED (not mapped): 64 pages at 0x555570000000..0x55557003ffff, 0 physical frames committed until a real page fault demand-pages one
milestone 34: process fork-test -- copied 712 image bytes into private code frame 0x38000
milestone 37: FORK_TEST_PROCESS created -- pml4=0x37000 code=0x38000 stack=0x39000
milestone 37: FORK_TEST_PROCESS private address space created
milestone 41: creating SIGSEGV_TEST_PROCESS's private address space...
milestone 30: process sigsegv-test -- user p4 index computed as 170 (code 0x555550000000, stack 0x555560000000)
milestone 30: process sigsegv-test -- new pml4 0x3e000 populated: 511 kernel-space entries shared, index 170 left private
milestone 30: process sigsegv-test -- private code page mapped to frame 0x3f000, private stack page mapped to frame 0x40000
milestone 57: process sigsegv-test -- private heap RESERVED (not mapped): 64 pages at 0x555570000000..0x55557003ffff, 0 physical frames committed until a real page fault demand-pages one
milestone 34: process sigsegv-test -- copied 57 image bytes into private code frame 0x3f000
milestone 41: SIGSEGV_TEST_PROCESS created -- pml4=0x3e000 code=0x3f000 stack=0x40000
milestone 41: SIGSEGV_TEST_PROCESS private address space created
milestone 41: creating SIGKILL_TEST_PROCESS's private address space...
milestone 30: process sigkill-test -- user p4 index computed as 170 (code 0x555550000000, stack 0x555560000000)
milestone 30: process sigkill-test -- new pml4 0x45000 populated: 511 kernel-space entries shared, index 170 left private
milestone 30: process sigkill-test -- private code page mapped to frame 0x46000, private stack page mapped to frame 0x47000
milestone 57: process sigkill-test -- private heap RESERVED (not mapped): 64 pages at 0x555570000000..0x55557003ffff, 0 physical frames committed until a real page fault demand-pages one
milestone 34: process sigkill-test -- copied 32 image bytes into private code frame 0x46000
milestone 41: SIGKILL_TEST_PROCESS created -- pml4=0x45000 code=0x46000 stack=0x47000
milestone 41: SIGKILL_TEST_PROCESS private address space created
milestone 43: creating WAITSTATUS_TEST_PROCESS's private address space...
milestone 30: process waitstatus-test -- user p4 index computed as 170 (code 0x555550000000, stack 0x555560000000)
milestone 30: process waitstatus-test -- new pml4 0x4c000 populated: 511 kernel-space entries shared, index 170 left private
milestone 30: process waitstatus-test -- private code page mapped to frame 0x4d000, private stack page mapped to frame 0x4e000
milestone 57: process waitstatus-test -- private heap RESERVED (not mapped): 64 pages at 0x555570000000..0x55557003ffff, 0 physical frames committed until a real page fault demand-pages one
milestone 34: process waitstatus-test -- copied 12 image bytes into private code frame 0x4d000
milestone 43: WAITSTATUS_TEST_PROCESS created -- pml4=0x4c000 code=0x4d000 stack=0x4e000
milestone 43: WAITSTATUS_TEST_PROCESS private address space created
milestone 45: creating EXEC_TEST_PROCESS's private address space...
milestone 30: process exec-test -- user p4 index computed as 170 (code 0x555550000000, stack 0x555560000000)
milestone 30: process exec-test -- new pml4 0x53000 populated: 511 kernel-space entries shared, index 170 left private
milestone 30: process exec-test -- private code page mapped to frame 0x54000, private stack page mapped to frame 0x55000
milestone 57: process exec-test -- private heap RESERVED (not mapped): 64 pages at 0x555570000000..0x55557003ffff, 0 physical frames committed until a real page fault demand-pages one
milestone 34: process exec-test -- copied 115 image bytes into private code frame 0x54000
milestone 45: EXEC_TEST_PROCESS created -- pml4=0x53000 code=0x54000 stack=0x55000
milestone 45: EXEC_TEST_PROCESS private address space created
milestone 53: creating FAULT_TEST_PROCESS's private address space...
milestone 30: process fault-test -- user p4 index computed as 170 (code 0x555550000000, stack 0x555560000000)
milestone 30: process fault-test -- new pml4 0x5a000 populated: 511 kernel-space entries shared, index 170 left private
milestone 30: process fault-test -- private code page mapped to frame 0x5b000, private stack page mapped to frame 0x5c000
milestone 57: process fault-test -- private heap RESERVED (not mapped): 64 pages at 0x555570000000..0x55557003ffff, 0 physical frames committed until a real page fault demand-pages one
milestone 34: process fault-test -- copied 15 image bytes into private code frame 0x5b000
milestone 53: FAULT_TEST_PROCESS created -- pml4=0x5a000 code=0x5b000 stack=0x5c000
milestone 53: FAULT_TEST_PROCESS private address space created
milestone 57: creating DEMAND_PAGE_TEST_PROCESS's private address space...
milestone 30: process demand-page-test -- user p4 index computed as 170 (code 0x555550000000, stack 0x555560000000)
milestone 30: process demand-page-test -- new pml4 0x61000 populated: 511 kernel-space entries shared, index 170 left private
milestone 30: process demand-page-test -- private code page mapped to frame 0x62000, private stack page mapped to frame 0x63000
milestone 57: process demand-page-test -- private heap RESERVED (not mapped): 64 pages at 0x555570000000..0x55557003ffff, 0 physical frames committed until a real page fault demand-pages one
milestone 34: process demand-page-test -- copied 34 image bytes into private code frame 0x62000
milestone 57: DEMAND_PAGE_TEST_PROCESS created -- pml4=0x61000 code=0x62000 stack=0x63000
milestone 57: DEMAND_PAGE_TEST_PROCESS private address space created
milestone 57: creating DEMAND_PAGE_OOB_TEST_PROCESS's private address space...
milestone 30: process demand-page-oob-test -- user p4 index computed as 170 (code 0x555550000000, stack 0x555560000000)
milestone 30: process demand-page-oob-test -- new pml4 0x68000 populated: 511 kernel-space entries shared, index 170 left private
milestone 30: process demand-page-oob-test -- private code page mapped to frame 0x69000, private stack page mapped to frame 0x6a000
milestone 57: process demand-page-oob-test -- private heap RESERVED (not mapped): 64 pages at 0x555570000000..0x55557003ffff, 0 physical frames committed until a real page fault demand-pages one
milestone 34: process demand-page-oob-test -- copied 27 image bytes into private code frame 0x69000
milestone 57: DEMAND_PAGE_OOB_TEST_PROCESS created -- pml4=0x68000 code=0x69000 stack=0x6a000
milestone 57: DEMAND_PAGE_OOB_TEST_PROCESS private address space created
milestone 59: creating ERRNO_TEST_PROCESS's private address space...
milestone 30: process errno-test -- user p4 index computed as 170 (code 0x555550000000, stack 0x555560000000)
milestone 30: process errno-test -- new pml4 0x6f000 populated: 511 kernel-space entries shared, index 170 left private
milestone 30: process errno-test -- private code page mapped to frame 0x70000, private stack page mapped to frame 0x71000
milestone 57: process errno-test -- private heap RESERVED (not mapped): 64 pages at 0x555570000000..0x55557003ffff, 0 physical frames committed until a real page fault demand-pages one
milestone 34: process errno-test -- copied 98 image bytes into private code frame 0x70000
milestone 59: ERRNO_TEST_PROCESS created -- pml4=0x6f000 code=0x70000 stack=0x71000
milestone 59: ERRNO_TEST_PROCESS private address space created
milestone 60: creating SIGNAL_TEST_PROCESS's private address space...
milestone 30: process signal-test -- user p4 index computed as 170 (code 0x555550000000, stack 0x555560000000)
milestone 30: process signal-test -- new pml4 0x76000 populated: 511 kernel-space entries shared, index 170 left private
milestone 30: process signal-test -- private code page mapped to frame 0x77000, private stack page mapped to frame 0x78000
milestone 57: process signal-test -- private heap RESERVED (not mapped): 64 pages at 0x555570000000..0x55557003ffff, 0 physical frames committed until a real page fault demand-pages one
milestone 34: process signal-test -- copied 125 image bytes into private code frame 0x77000
milestone 60: SIGNAL_TEST_PROCESS created -- pml4=0x76000 code=0x77000 stack=0x78000
milestone 60: SIGNAL_TEST_PROCESS private address space created
milestone 34: frame allocator + phys-mem offset published globally -- 'runfile PATH' can now load and run programs from the real filesystem
milestone 34: self-test -- check_program_size(31) accepted=true (expected true), check_program_size(5096) rejected=true (expected true, 5096 is 1000 bytes over the 4096-byte cap)
milestone 35: self-test -- FDTEST_PROGRAM layout check: path1('fdtest')=true path2('fdout')=true wdata(69 bytes)=true -- all match, layout confirmed
milestone 36: self-test -- parsed the embedded testelf.elf: e_entry=0x555550000000 (expected 0x555550000000), 2 PT_LOAD segment(s)
milestone 36: self-test -- PT_LOAD[0]: p_vaddr=0x555550000000 p_offset=0xb0 p_filesz=0x8 p_memsz=0x8 p_flags=0x5
milestone 36: self-test -- PT_LOAD[1]: p_vaddr=0x555550001000 p_offset=0xc0 p_filesz=0x84 p_memsz=0x84 p_flags=0x5
milestone 37: self-test -- FORK_TEST_PROGRAM layout check: parent_msg=true waitdone_msg=true fallback_msg=true exec_path=true -- all match, layout confirmed
milestone 45: self-test -- EXEC_TEST_PROGRAM layout check: exec_path=true fallback_msg=true -- all match, layout confirmed
fs self-test: disk write+read roundtrip OK -- real bytes matched
fs self-test: ramfs write+read roundtrip OK -- real bytes matched, routed through the same fs::write_file/read_file surface as the disk path
fs self-test: ramfs list() OK -- 'ramfsselftest' present with the correct length
fs self-test: ramfs isolation OK -- disk root listing does NOT contain 'ramfsselftest' (two real, separate backing stores)
fs self-test: permissions mkdir_root=PASS
fs self-test: permissions mkdir_is_dir=PASS
fs self-test: permissions mkdir_default_mode_0755=PASS
fs self-test: permissions mkdir_owner_root=PASS
fs self-test: permissions mkdir_ctime_eq_mtime_fresh=PASS
fs self-test: permissions write_create_root=PASS
fs self-test: permissions f1_is_file_len5=PASS
fs self-test: permissions f1_default_mode_0644=PASS
fs self-test: permissions f1_owner_root=PASS
fs self-test: permissions write_overwrite_root=PASS
fs self-test: permissions f1_overwrite_preserves_owner_mode=PASS
fs self-test: permissions f1_overwrite_preserves_ctime=PASS
fs self-test: permissions chmod_root_narrows_to_0600=PASS
fs self-test: permissions f1_mode_now_0600=PASS
fs self-test: permissions uid42_read_denied_mode0600=PASS
fs self-test: permissions uid42_write_denied_mode0600=PASS
fs self-test: permissions chmod_root_reopens_to_0644=PASS
fs self-test: permissions uid42_read_allowed_mode0644=PASS
fs self-test: permissions uid42_write_still_denied_mode0644=PASS
fs self-test: permissions uid42_create_denied_parent_0755=PASS
fs self-test: permissions uid42_mkdir_denied_parent_0755=PASS
fs self-test: permissions chmod_root_permtestdir_0777=PASS
fs self-test: permissions uid42_create_allowed_parent_0777=PASS
fs self-test: permissions g1_owned_by_creator_uid42=PASS
fs self-test: permissions uid42_chmod_own_file_allowed=PASS
fs self-test: permissions uid42_chown_denied_root_only=PASS
fs self-test: permissions root_chown_g1_to_7_7=PASS
fs self-test: permissions g1_now_owned_by_7_7=PASS
fs self-test: permissions uid42_delete_via_parent_write_0777=PASS
fs self-test: permissions mkdir_locked_subdir=PASS
fs self-test: permissions write_inner_file=PASS
fs self-test: permissions chmod_inner_world_rw=PASS
fs self-test: permissions chmod_locked_owner_only_0700=PASS
fs self-test: permissions uid42_traversal_denied_despite_file_0666=PASS
fs self-test: permissions uid42_ls_traversal_denied=PASS
fs self-test: permissions stat_root=PASS
fs self-test: permissions uid42_chmod_root_denied=PASS
fs self-test: permissions uid42_chown_root_denied=PASS
fs self-test: permissions root_chown_root_to_5_5=PASS
fs self-test: permissions root_now_owned_by_5_5=PASS
fs self-test: permissions root_restored_to_defaults=PASS
fs self-test: permissions OVERALL=PASS
fs self-test: symlinks mkdir_symtestdir=PASS
fs self-test: symlinks write_real_txt=PASS
fs self-test: symlinks symlink_create_relative=PASS
fs self-test: symlinks read_through_symlink_single_hop=PASS
fs self-test: symlinks stat_link_to_real_is_symlink_lstat_shaped=PASS
fs self-test: symlinks stat_link_to_real_len_is_target_text_len=PASS
fs self-test: symlinks readlink_link_to_real_raw_target=PASS
fs self-test: symlinks symlink_create_chain=PASS
fs self-test: symlinks read_through_symlink_chain_two_hops=PASS
fs self-test: symlinks cleanup_link_to_link=PASS
fs self-test: symlinks symlink_create_broken=PASS
fs self-test: symlinks read_broken_symlink_fails_cleanly=PASS
fs self-test: symlinks cleanup_broken=PASS
fs self-test: symlinks symlink_create_loop_a=PASS
fs self-test: symlinks symlink_create_loop_b=PASS
fs self-test: symlinks read_symlink_cycle_hits_eloop_guard=PASS
fs self-test: symlinks cleanup_loop=PASS
fs self-test: symlinks mkdir_realsub=PASS
fs self-test: symlinks write_inner_txt=PASS
fs self-test: symlinks symlink_create_dir_link=PASS
fs self-test: symlinks read_through_symlinked_directory_component=PASS
fs self-test: symlinks list_through_symlinked_directory_component=PASS
fs self-test: symlinks rmdir_symlink_to_dir_refused_enotdir=PASS
fs self-test: symlinks symlink_create_link2=PASS
fs self-test: symlinks write_through_existing_symlink_refused=PASS
fs self-test: symlinks chmod_link2_acts_on_link_itself=PASS
fs self-test: symlinks link2_mode_now_0600=PASS
fs self-test: symlinks real_txt_mode_unaffected_by_chmod_on_link=PASS
fs self-test: symlinks rm_link_to_real=PASS
fs self-test: symlinks link_to_real_gone_after_rm=PASS
fs self-test: symlinks real_txt_survives_rm_of_its_link=PASS
fs self-test: symlinks mkdir_lockedreal=PASS
fs self-test: symlinks write_secret_txt=PASS
fs self-test: symlinks chmod_lockedreal_owner_only=PASS
fs self-test: symlinks symlink_create_lockedlink=PASS
fs self-test: symlinks uid42_denied_through_symlink_no_privilege_escalation=PASS
fs self-test: symlinks symlink_empty_target_refused=PASS
fs self-test: symlinks symlink_create_absolute=PASS
fs self-test: symlinks read_through_absolute_symlink=PASS
fs self-test: symlinks OVERALL=PASS
milestone 40: self-test -- pipe mechanics: write_ok=true roundtrip_ok=true dup_ok=true dup2_ok=true -- all real, real bytes matched through every path
milestone 42: self-test -- FORK_TEST_PROCESS's own pgid: Some(5) (expected Some(5), founder of its own group)
milestone 30: process forked-child -- user p4 index computed as 170 (code 0x555550000000, stack 0x555560000000)
milestone 30: process forked-child -- new pml4 0x7d000 populated: 511 kernel-space entries shared, index 170 left private
milestone 30: process forked-child -- private code page mapped to frame 0x7e000, private stack page mapped to frame 0x7f000
milestone 57: process forked-child -- private heap RESERVED (not mapped): 64 pages at 0x555570000000..0x55557003ffff, 0 physical frames committed until a real page fault demand-pages one
milestone 34: process forked-child -- copied 4096 image bytes into private code frame 0x7e000
milestone 37: fork() -- child's code frame 0x7e000 holds a REAL byte-for-byte copy of the parent's code frame 0x38000 (independently verifiable: same virtual address USER_CODE_ADDR under either process's own CR3, genuinely different physical frames)
milestone 37: syscall FORK (process 5, 'fork-test') -- created child pid 13: pml4=0x7d000 code_frame=0x7e000 resume point rip=0x0 rsp=0x0
milestone 42: self-test -- forked child pid 13, its pgid: Some(5) (expected Some(5), real inheritance from the parent) -- confirmed
milestone 42: syscall SETPGID (process 5) -- pid 13's pgid set to 13
milestone 42: self-test -- setpgid(child, child) result=true, child's pgid now Some(13) (expected Some(13)), parent's pgid still Some(5) (expected unchanged Some(5)) -- confirmed, real independent per-process state
milestone 42: syscall SETPGID (process 1) -- REFUSED, pid 13 is neither this process itself nor a live child OF it -- returning failure
milestone 42: self-test -- setpgid() from an unrelated process (PROCESS_A, not this child's parent) correctly refused: true
milestone 54: reclaim_process_frames('forked-child') -- freed 7 physical frame(s) back to the allocator's free list
milestone 41: syscall KILL (process 5) -- pid 13 terminated WITHOUT ever running (bypassed wait()'s normal run-then-reap contract), slot freed for reuse
milestone 42: self-test -- cleanup kill(child) result=true (frees the PROCESS_TABLE slot for later self-tests)
milestone 42: self-test -- OVERALL: PASS
milestone 9: LIF neuron network initialized (LeftKey/RightKey -> Motor)
milestone 11: no saved weights found on disk -- starting from neutral defaults
milestone 4: kernel survived defect injection at slot 3 -- 7 slots still alive and scheduled, no panic
milestone 4: topological (g=+0.6) post-defect fire counts: min=289 max=366 fairness=0.790
milestone 4: trivial     (g=-0.6) post-defect fire counts: min=299 max=341 fairness=0.877
milestone 4: result -- topological coupling did NOT stay fairer under the defect here (reporting honestly, not the assumed outcome)
milestone 48: 4000 ticks over 8 slots (g=0.6, real tasks.rs coupling) -- ternary tiebreak (compare_trit within epsilon=0.01) actually fired on 2 of 4000 ticks
milestone 48: ternary selection  -- fire counts min=399 max=533 total=3995 fairness=0.7486
milestone 48: binary   selection -- fire counts min=399 max=533 total=3995 fairness=0.7486
milestone 48: result -- ternary tiebreak engaged but made no measurable fairness difference here -- a real neutral result, not an assumed win
milestone 5a: GDT/TSS + IDT loaded
EXCEPTION: BREAKPOINT
InterruptStackFrame {
    instruction_pointer: VirtAddr(
        0x1000005c451,
    ),
    code_segment: SegmentSelector {
        index: 1,
        rpl: Ring0,
    },
    cpu_flags: RFlags(
        ZERO_FLAG | PARITY_FLAG | 0x2,
    ),
    stack_pointer: VirtAddr(
        0x18000013b38,
    ),
    stack_segment: SegmentSelector {
        index: 0,
        rpl: Ring0,
    },
}
milestone 5a: resumed after breakpoint exception -- handler returned correctly
milestone 20: PCI bus 0 scan found 6 device(s)
milestone 20: 00:00.0 vendor=8086 device=1237 class=06 subclass=00
milestone 20: 00:01.0 vendor=8086 device=7000 class=06 subclass=01
milestone 20: 00:01.1 vendor=8086 device=7010 class=01 subclass=01
milestone 20: 00:01.3 vendor=8086 device=7113 class=06 subclass=80
milestone 20: 00:02.0 vendor=1234 device=1111 class=03 subclass=00
milestone 20: 00:03.0 vendor=8086 device=100e class=02 subclass=00
milestone 20: network controller found -- vendor=8086 device=100e
milestone 24: e1000 NIC initialized -- MAC 52:54:00:12:34:56 (address-valid bit: true)
milestone 47: ARP self-test PASS -- 10.0.2.2 is-at 52:55:0a:00:02:02 (real reply from QEMU's slirp gateway over the actual netdev backend, loopback OFF)
milestone 55: ICMP ping self-test -- reply from 10.0.2.2 (expected 10.0.2.2, match=true), id=0x5350 (expected 0x5350, match=true), seq=1 (expected 1, match=true) -- PASS
milestone 56: UDP loopback self-test -- from 10.0.2.15 (expected 10.0.2.15, match=true), src_port=51000 (expected 51000, match=true), dst_port=51001 (expected 51001, match=true), payload 38 bytes (match=true) -- PASS
milestone 56: UDP real-wire send self-test PASS -- ARP-resolved 10.0.2.2 and transmitted a real UDP datagram to it (descriptor DD confirmed, loopback OFF, real netdev backend; no UDP service listens there to reply, so this proves genuine transmission, not a full round trip -- see the UDP loopback self-test above for the receive-side/checksum proof)
milestone 5b: PIC initialized, interrupts enabled
milestone 41: self-test -- SIGSEGV_TEST_PROGRAM layout check: message=true -- confirmed
milestone 41: self-test -- running SIGSEGV_TEST_PROCESS, expecting a real page fault to terminate it without panicking the kernel...
milestone 30: runproc 6 (process sigsegv-test) -- about to switch CR3 to process pml4 0x3e000
milestone 30: CR3 switched -- entering ring 3 for process 6 at 0x555550000000
milestone 31: syscall WRITE (process 6) -- hardware-recorded CS=0x1b (CPL=3) -- ptr=0x55555000002c len=13 -- raw bytes >>>
SIGSEGV test

<<< end of write (13 bytes)
milestone 57: syscall WRITE (process 6) -- heap page 0 at 0x555570000000 is not mapped yet (this process has never touched its heap -- demand paging means no physical frame exists there to read)
milestone 41: SIGSEGV -- process 6 page-faulted at Ok(VirtAddr(0x123456780000)) (real hardware CPL=3, error code PageFaultErrorCode(USER_MODE)) -- terminating this process, kernel continues
milestone 30: runproc 6 -- resumed in kernel context (CR3 already restored by the exit syscall before this point)
milestone 41: self-test -- run() returned normally after the fault (the kernel did not panic/hlt_loop) -- ACTIVE_PROCESS reset to 0 (expected 0)
milestone 41: self-test -- running PROCESS_A right after the fault, real proof of genuine recovery, not just 'hasn't crashed yet'...
milestone 30: runproc 1 (process A) -- about to switch CR3 to process pml4 0x22000
milestone 30: CR3 switched -- entering ring 3 for process 1 at 0x555550000000
milestone 33: syscall SBRK (process 1) -- hardware-recorded CS=0x1b (CPL=3) -- requested 16 bytes, returning heap pointer 0x555570000000
milestone 57: demand-paged heap page 0 for process 1 (fault addr 0x555570000000) -- fresh zeroed physical frame 0x7f000 mapped, resuming the faulting instruction
milestone 31: syscall WRITE (process 1) -- hardware-recorded CS=0x1b (CPL=3) -- ptr=0x555550000080 len=64 -- raw bytes >>>
hello from process A -- via real write(ptr,len)!                
<<< end of write (64 bytes)
milestone 33: syscall WRITE (process 1) also reads its own private heap at 0x555570000000 -- marker byte 0x41 ('A')
milestone 30: syscall EXIT -- hardware-recorded CS=0x1b (CPL=3) -- discarding ring-3 context, resuming kernel context
milestone 30: runproc 1 -- resumed in kernel context (CR3 already restored by the exit syscall before this point)
milestone 41: self-test -- PROCESS_A ran normally after the SIGSEGV -- kernel genuinely recovered, not just still standing
milestone 41: self-test -- running SIGKILL_TEST_PROCESS (fork, kill without running, fork again to prove the slot was really freed)...
milestone 30: runproc 7 (process sigkill-test) -- about to switch CR3 to process pml4 0x45000
milestone 30: CR3 switched -- entering ring 3 for process 7 at 0x555550000000
milestone 30: process forked-child -- user p4 index computed as 170 (code 0x555550000000, stack 0x555560000000)
milestone 30: process forked-child -- new pml4 0x7d000 populated: 511 kernel-space entries shared, index 170 left private
milestone 30: process forked-child -- private code page mapped to frame 0x80000, private stack page mapped to frame 0x81000
milestone 57: process forked-child -- private heap RESERVED (not mapped): 64 pages at 0x555570000000..0x55557003ffff, 0 physical frames committed until a real page fault demand-pages one
milestone 34: process forked-child -- copied 4096 image bytes into private code frame 0x80000
milestone 37: fork() -- child's code frame 0x80000 holds a REAL byte-for-byte copy of the parent's code frame 0x46000 (independently verifiable: same virtual address USER_CODE_ADDR under either process's own CR3, genuinely different physical frames)
milestone 37: syscall FORK (process 7, 'sigkill-test') -- created child pid 13: pml4=0x7d000 code_frame=0x80000 resume point rip=0x555550000007 rsp=0x555560001000
milestone 37: syscall FORK (process 7) -- hardware-recorded CS=0x1b (CPL=3) -- created child pid 13
milestone 54: reclaim_process_frames('forked-child') -- freed 7 physical frame(s) back to the allocator's free list
milestone 41: syscall KILL (process 7) -- pid 13 terminated WITHOUT ever running (bypassed wait()'s normal run-then-reap contract), slot freed for reuse
milestone 41: syscall KILL (process 7) -- hardware-recorded CS=0x1b (CPL=3) -- target pid 13, result=true
milestone 30: process forked-child -- user p4 index computed as 170 (code 0x555550000000, stack 0x555560000000)
milestone 30: process forked-child -- new pml4 0x81000 populated: 511 kernel-space entries shared, index 170 left private
milestone 30: process forked-child -- private code page mapped to frame 0x80000, private stack page mapped to frame 0x7d000
milestone 57: process forked-child -- private heap RESERVED (not mapped): 64 pages at 0x555570000000..0x55557003ffff, 0 physical frames committed until a real page fault demand-pages one
milestone 34: process forked-child -- copied 4096 image bytes into private code frame 0x80000
milestone 37: fork() -- child's code frame 0x80000 holds a REAL byte-for-byte copy of the parent's code frame 0x46000 (independently verifiable: same virtual address USER_CODE_ADDR under either process's own CR3, genuinely different physical frames)
milestone 37: syscall FORK (process 7, 'sigkill-test') -- created child pid 13: pml4=0x81000 code_frame=0x80000 resume point rip=0x555550000017 rsp=0x555560001000
milestone 37: syscall FORK (process 7) -- hardware-recorded CS=0x1b (CPL=3) -- created child pid 13
milestone 30: syscall EXIT -- hardware-recorded CS=0x1b (CPL=3) -- discarding ring-3 context, resuming kernel context
milestone 30: runproc 7 -- resumed in kernel context (CR3 already restored by the exit syscall before this point)
milestone 41: self-test -- SIGKILL_TEST_PROCESS completed -- PROCESS_TABLE occupied slots: [0] (expected exactly [0]: the SECOND fork's child, since the FIRST was killed unrun and its slot reused)
milestone 30: process forked-child -- user p4 index computed as 170 (code 0x555550000000, stack 0x555560000000)
milestone 30: process forked-child -- new pml4 0x86000 populated: 511 kernel-space entries shared, index 170 left private
milestone 30: process forked-child -- private code page mapped to frame 0x87000, private stack page mapped to frame 0x88000
milestone 57: process forked-child -- private heap RESERVED (not mapped): 64 pages at 0x555570000000..0x55557003ffff, 0 physical frames committed until a real page fault demand-pages one
milestone 34: process forked-child -- copied 4096 image bytes into private code frame 0x87000
milestone 37: fork() -- child's code frame 0x87000 holds a REAL byte-for-byte copy of the parent's code frame 0x4d000 (independently verifiable: same virtual address USER_CODE_ADDR under either process's own CR3, genuinely different physical frames)
milestone 37: syscall FORK (process 8, 'waitstatus-test') -- created child pid 14: pml4=0x86000 code_frame=0x87000 resume point rip=0x555550000000 rsp=0x555560001000
milestone 37: wait() -- switching CR3 to forked child pid 14's own pml4 0x86000, resuming at rip=0x555550000000 rsp=0x555560001000 (its own fork()-time snapshot, rax forced to 0)
milestone 30: syscall EXIT -- hardware-recorded CS=0x1b (CPL=3) -- discarding ring-3 context, resuming kernel context
milestone 37: wait() -- forked child pid 14 resumed in kernel context (its own exit() syscall ran; CR3 is currently the KERNEL's own, restored to the parent's by wait_for_child() next)
milestone 54: reclaim_process_frames('forked-child') -- freed 7 physical frame(s) back to the allocator's free list
milestone 43: syscall WAIT (process 8) -- child pid 14 ran to completion and was reaped (real exit code 42), CR3 restored to parent's own pml4 0x4c000
milestone 43: self-test -- forked+ran child pid 14, wait() reported Exited(reaped=14, code=42) (expected Exited(14, 42)) -- confirmed
milestone 30: process forked-child -- user p4 index computed as 170 (code 0x555550000000, stack 0x555560000000)
milestone 30: process forked-child -- new pml4 0x88000 populated: 511 kernel-space entries shared, index 170 left private
milestone 30: process forked-child -- private code page mapped to frame 0x87000, private stack page mapped to frame 0x86000
milestone 57: process forked-child -- private heap RESERVED (not mapped): 64 pages at 0x555570000000..0x55557003ffff, 0 physical frames committed until a real page fault demand-pages one
milestone 34: process forked-child -- copied 4096 image bytes into private code frame 0x87000
milestone 37: fork() -- child's code frame 0x87000 holds a REAL byte-for-byte copy of the parent's code frame 0x4d000 (independently verifiable: same virtual address USER_CODE_ADDR under either process's own CR3, genuinely different physical frames)
milestone 37: syscall FORK (process 8, 'waitstatus-test') -- created child pid 14: pml4=0x88000 code_frame=0x87000 resume point rip=0x0 rsp=0x0
milestone 54: reclaim_process_frames('forked-child') -- freed 7 physical frame(s) back to the allocator's free list
milestone 41: syscall KILL (process 8) -- pid 14 terminated WITHOUT ever running (bypassed wait()'s normal run-then-reap contract), slot freed for reuse
milestone 43: syscall WAIT (process 8) -- pid 14 was killed before it ever ran, reporting WaitOutcome::Killed
milestone 43: self-test -- forked+killed child pid 14, wait() reported Killed(reaped=14) -- confirmed
milestone 43: self-test -- OVERALL: PASS
milestone 45: seedaltentry -- wrote 856 real bytes (a genuine externally-built ELF64 executable whose e_entry does NOT equal USER_CODE_ADDR) to 'altentry' on the real on-disk filesystem
milestone 45: self-test -- seeded 'altentry' (testelf_altentry.elf) to the real on-disk filesystem: true
milestone 45: self-test -- fd opened before exec()=true, before-state: pml4=0x53000 entry=0x555550000000 pgid=9
milestone 30: runproc 9 (process exec-test) -- about to switch CR3 to process pml4 0x53000
milestone 30: CR3 switched -- entering ring 3 for process 9 at 0x555550000000
milestone 36: process exec'd -- ELF validated: e_entry=0x555550003000 falls inside a mapped segment, 1 PT_LOAD segment(s), 1 total page(s), all within private p4 index 170
milestone 36: process exec'd -- new pml4 0x86000 populated: 511 kernel-space entries shared, index 170 left private
milestone 36: process exec'd -- mapped 1 PT_LOAD page(s): [(93824902770688, 552960, 98, 5)]
milestone 36: process exec'd -- private stack page mapped to frame 0x8b000
milestone 57: process exec'd -- private heap RESERVED (not mapped): 64 pages at 0x555570000000..0x55557003ffff, 0 physical frames committed until a real page fault demand-pages one
milestone 54: reclaim_process_frames('exec-test') -- freed 7 physical frame(s) back to the allocator's free list
milestone 45: syscall EXEC (process 9) -- REAL teardown-and-rebuild complete: new pml4=0x86000, new entry=0x555550003000 (real parsed e_entry), fd table/parent_pid/pgid preserved, CR3 switched
milestone 45: syscall EXEC (process 9) -- hardware-recorded CS=0x1b (CPL=3) -- REAL teardown-and-rebuild from 'altentry' (856 real ELF bytes read from the on-disk filesystem), new address space, jumping directly into the real parsed entry 0x555550003000, never returning to the old one
milestone 31: syscall WRITE (process 9) -- hardware-recorded CS=0x1b (CPL=3) -- ptr=0x55555000301c len=70 -- raw bytes >>>
hello from a non-USER_CODE_ADDR entry point -- milestone 44 confirmed!
<<< end of write (70 bytes)
milestone 57: syscall WRITE (process 9) -- heap page 0 at 0x555570000000 is not mapped yet (this process has never touched its heap -- demand paging means no physical frame exists there to read)
milestone 30: syscall EXIT -- hardware-recorded CS=0x1b (CPL=3) -- discarding ring-3 context, resuming kernel context
milestone 30: runproc 9 -- resumed in kernel context (CR3 already restored by the exit syscall before this point)
milestone 45: self-test -- run_ok=true, after-state: pml4=0x86000 entry=0x555550003000 pgid=9 fds[0]_present=true
milestone 45: self-test -- pml4_changed=true (before=0x53000 after=0x86000), entry_changed=true (before=0x555550000000 after=0x555550003000, expected real e_entry=0x555550003000), fd_survived_exec=true, pgid_preserved=true
milestone 45: self-test -- OVERALL: PASS
milestone 44: self-test -- parsed embedded testelf_altentry.elf: e_entry=0x555550003000 (USER_CODE_ADDR=0x555550000000) -- genuinely a non-default entry point
milestone 44: self-test -- running the alt-entry ELF via process::create_loaded_elf_process()/run_loaded_elf_process() (the SAME functions `runelf` itself calls)...
milestone 36: process elf-loaded -- ELF validated: e_entry=0x555550003000 falls inside a mapped segment, 1 PT_LOAD segment(s), 1 total page(s), all within private p4 index 170
milestone 36: process elf-loaded -- new pml4 0x55000 populated: 511 kernel-space entries shared, index 170 left private
milestone 36: process elf-loaded -- mapped 1 PT_LOAD page(s): [(93824902770688, 344064, 98, 5)]
milestone 36: process elf-loaded -- private stack page mapped to frame 0x59000
milestone 57: process elf-loaded -- private heap RESERVED (not mapped): 64 pages at 0x555570000000..0x55557003ffff, 0 physical frames committed until a real page fault demand-pages one
milestone 36: elf-loaded process -- about to switch CR3 to pml4 0x55000
milestone 36: CR3 switched -- entering ring 3 for the ELF-loaded process at 0x555550003000 (real e_entry)
milestone 31: syscall WRITE (process 3) -- hardware-recorded CS=0x1b (CPL=3) -- ptr=0x55555000301c len=70 -- raw bytes >>>
hello from a non-USER_CODE_ADDR entry point -- milestone 44 confirmed!
<<< end of write (70 bytes)
milestone 57: syscall WRITE (process 3) -- heap page 0 at 0x555570000000 is not mapped yet (this process has never touched its heap -- demand paging means no physical frame exists there to read)
milestone 30: syscall EXIT -- hardware-recorded CS=0x1b (CPL=3) -- discarding ring-3 context, resuming kernel context
milestone 36: elf-loaded process -- resumed in kernel context (CR3 already restored by the exit syscall before this point)
milestone 44: self-test -- run_loaded_elf_process() returned Ok(()) (no panic either way -- see this function's own doc comment for why that alone isn't the real proof)
milestone 44: self-test -- LAST_WRITE_SYSCALL_PID after running = 3 (expected 3, LOADED_PROCESS_ID) -- confirmed: ring-3 execution genuinely reached the write syscall from inside the new entry point's own mapped page
milestone 44: self-test -- OVERALL: PASS
milestone 51: self-test -- parsed the embedded malloctest.elf: e_entry=0x555550000000 (expected 0x555550000000), 1 PT_LOAD segment(s)
milestone 36: process elf-loaded -- ELF validated: e_entry=0x555550000000 falls inside a mapped segment, 1 PT_LOAD segment(s), 1 total page(s), all within private p4 index 170
milestone 36: process elf-loaded -- new pml4 0x8d000 populated: 511 kernel-space entries shared, index 170 left private
milestone 36: process elf-loaded -- mapped 1 PT_LOAD page(s): [(93824902758400, 581632, 1430, 7)]
milestone 36: process elf-loaded -- private stack page mapped to frame 0x92000
milestone 57: process elf-loaded -- private heap RESERVED (not mapped): 64 pages at 0x555570000000..0x55557003ffff, 0 physical frames committed until a real page fault demand-pages one
milestone 36: elf-loaded process -- about to switch CR3 to pml4 0x8d000
milestone 36: CR3 switched -- entering ring 3 for the ELF-loaded process at 0x555550000000 (real e_entry)
milestone 31: syscall WRITE (process 3) -- hardware-recorded CS=0x1b (CPL=3) -- ptr=0x55555000038c len=74 -- raw bytes >>>
milestone 51: malloctest starting -- real malloc()/free() over sys_sbrk()

<<< end of write (74 bytes)
milestone 57: syscall WRITE (process 3) -- heap page 0 at 0x555570000000 is not mapped yet (this process has never touched its heap -- demand paging means no physical frame exists there to read)
milestone 33: syscall SBRK (process 3) -- hardware-recorded CS=0x1b (CPL=3) -- requested 72 bytes, returning heap pointer 0x555570000000
milestone 57: demand-paged heap page 0 for process 3 (fault addr 0x555570000000) -- fresh zeroed physical frame 0x94000 mapped, resuming the faulting instruction
milestone 33: syscall SBRK (process 3) -- hardware-recorded CS=0x1b (CPL=3) -- requested 40 bytes, returning heap pointer 0x555570000048
milestone 31: syscall WRITE (process 3) -- hardware-recorded CS=0x1b (CPL=3) -- ptr=0x5555500003d6 len=8 -- raw bytes >>>
  ptr_a=
<<< end of write (8 bytes)
milestone 33: syscall WRITE (process 3) also reads its own private heap at 0x555570000000 -- marker byte 0x40 ('@')
milestone 31: syscall WRITE (process 3) -- hardware-recorded CS=0x1b (CPL=3) -- ptr=0x555560000f9e len=18 -- raw bytes >>>
0x0000555570000008
<<< end of write (18 bytes)
milestone 33: syscall WRITE (process 3) also reads its own private heap at 0x555570000000 -- marker byte 0x40 ('@')
milestone 31: syscall WRITE (process 3) -- hardware-recorded CS=0x1b (CPL=3) -- ptr=0x55555000038b len=1 -- raw bytes >>>


<<< end of write (1 bytes)
milestone 33: syscall WRITE (process 3) also reads its own private heap at 0x555570000000 -- marker byte 0x40 ('@')
milestone 31: syscall WRITE (process 3) -- hardware-recorded CS=0x1b (CPL=3) -- ptr=0x5555500003de len=8 -- raw bytes >>>
  ptr_b=
<<< end of write (8 bytes)
milestone 33: syscall WRITE (process 3) also reads its own private heap at 0x555570000000 -- marker byte 0x40 ('@')
milestone 31: syscall WRITE (process 3) -- hardware-recorded CS=0x1b (CPL=3) -- ptr=0x555560000f9e len=18 -- raw bytes >>>
0x0000555570000050
<<< end of write (18 bytes)
milestone 33: syscall WRITE (process 3) also reads its own private heap at 0x555570000000 -- marker byte 0x40 ('@')
milestone 31: syscall WRITE (process 3) -- hardware-recorded CS=0x1b (CPL=3) -- ptr=0x55555000038b len=1 -- raw bytes >>>


<<< end of write (1 bytes)
milestone 33: syscall WRITE (process 3) also reads its own private heap at 0x555570000000 -- marker byte 0x40 ('@')
milestone 31: syscall WRITE (process 3) -- hardware-recorded CS=0x1b (CPL=3) -- ptr=0x5555500003f6 len=8 -- raw bytes >>>
  ptr_c=
<<< end of write (8 bytes)
milestone 33: syscall WRITE (process 3) also reads its own private heap at 0x555570000000 -- marker byte 0x40 ('@')
milestone 31: syscall WRITE (process 3) -- hardware-recorded CS=0x1b (CPL=3) -- ptr=0x555560000f9e len=18 -- raw bytes >>>
0x0000555570000008
<<< end of write (18 bytes)
milestone 33: syscall WRITE (process 3) also reads its own private heap at 0x555570000000 -- marker byte 0x40 ('@')
milestone 31: syscall WRITE (process 3) -- hardware-recorded CS=0x1b (CPL=3) -- ptr=0x55555000038b len=1 -- raw bytes >>>


<<< end of write (1 bytes)
milestone 33: syscall WRITE (process 3) also reads its own private heap at 0x555570000000 -- marker byte 0x40 ('@')
milestone 33: syscall SBRK (process 3) -- hardware-recorded CS=0x1b (CPL=3) -- requested 72 bytes, returning heap pointer 0x555570000070
milestone 31: syscall WRITE (process 3) -- hardware-recorded CS=0x1b (CPL=3) -- ptr=0x5555500003e6 len=8 -- raw bytes >>>
  ptr_d=
<<< end of write (8 bytes)
milestone 33: syscall WRITE (process 3) also reads its own private heap at 0x555570000000 -- marker byte 0x40 ('@')
milestone 31: syscall WRITE (process 3) -- hardware-recorded CS=0x1b (CPL=3) -- ptr=0x555560000f9e len=18 -- raw bytes >>>
0x0000555570000078
<<< end of write (18 bytes)
milestone 33: syscall WRITE (process 3) also reads its own private heap at 0x555570000000 -- marker byte 0x40 ('@')
milestone 31: syscall WRITE (process 3) -- hardware-recorded CS=0x1b (CPL=3) -- ptr=0x55555000038b len=1 -- raw bytes >>>


<<< end of write (1 bytes)
milestone 33: syscall WRITE (process 3) also reads its own private heap at 0x555570000000 -- marker byte 0x40 ('@')
milestone 31: syscall WRITE (process 3) -- hardware-recorded CS=0x1b (CPL=3) -- ptr=0x5555500003ee len=8 -- raw bytes >>>
  ptr_e=
<<< end of write (8 bytes)
milestone 33: syscall WRITE (process 3) also reads its own private heap at 0x555570000000 -- marker byte 0x40 ('@')
milestone 31: syscall WRITE (process 3) -- hardware-recorded CS=0x1b (CPL=3) -- ptr=0x555560000f9e len=18 -- raw bytes >>>
0x0000555570000078
<<< end of write (18 bytes)
milestone 33: syscall WRITE (process 3) also reads its own private heap at 0x555570000000 -- marker byte 0x40 ('@')
milestone 31: syscall WRITE (process 3) -- hardware-recorded CS=0x1b (CPL=3) -- ptr=0x55555000038b len=1 -- raw bytes >>>


<<< end of write (1 bytes)
milestone 33: syscall WRITE (process 3) also reads its own private heap at 0x555570000000 -- marker byte 0x40 ('@')
milestone 31: syscall WRITE (process 3) -- hardware-recorded CS=0x1b (CPL=3) -- ptr=0x5555500003fe len=8 -- raw bytes >>>
  ptr_f=
<<< end of write (8 bytes)
milestone 33: syscall WRITE (process 3) also reads its own private heap at 0x555570000000 -- marker byte 0x40 ('@')
milestone 31: syscall WRITE (process 3) -- hardware-recorded CS=0x1b (CPL=3) -- ptr=0x555560000f9e len=18 -- raw bytes >>>
0x0000555570000090
<<< end of write (18 bytes)
milestone 33: syscall WRITE (process 3) also reads its own private heap at 0x555570000000 -- marker byte 0x40 ('@')
milestone 31: syscall WRITE (process 3) -- hardware-recorded CS=0x1b (CPL=3) -- ptr=0x55555000038b len=1 -- raw bytes >>>


<<< end of write (1 bytes)
milestone 33: syscall WRITE (process 3) also reads its own private heap at 0x555570000000 -- marker byte 0x40 ('@')
milestone 31: syscall WRITE (process 3) -- hardware-recorded CS=0x1b (CPL=3) -- ptr=0x55555000040e len=9 -- raw bytes >>>
distinct=
<<< end of write (9 bytes)
milestone 33: syscall WRITE (process 3) also reads its own private heap at 0x555570000000 -- marker byte 0x40 ('@')
milestone 31: syscall WRITE (process 3) -- hardware-recorded CS=0x1b (CPL=3) -- ptr=0x555550000356 len=4 -- raw bytes >>>
PASS
<<< end of write (4 bytes)
milestone 33: syscall WRITE (process 3) also reads its own private heap at 0x555570000000 -- marker byte 0x40 ('@')
milestone 31: syscall WRITE (process 3) -- hardware-recorded CS=0x1b (CPL=3) -- ptr=0x55555000035a len=1 -- raw bytes >>>
 
<<< end of write (1 bytes)
milestone 33: syscall WRITE (process 3) also reads its own private heap at 0x555570000000 -- marker byte 0x40 ('@')
milestone 31: syscall WRITE (process 3) -- hardware-recorded CS=0x1b (CPL=3) -- ptr=0x555550000417 len=10 -- raw bytes >>>
integrity=
<<< end of write (10 bytes)
milestone 33: syscall WRITE (process 3) also reads its own private heap at 0x555570000000 -- marker byte 0x40 ('@')
milestone 31: syscall WRITE (process 3) -- hardware-recorded CS=0x1b (CPL=3) -- ptr=0x555550000356 len=4 -- raw bytes >>>
PASS
<<< end of write (4 bytes)
milestone 33: syscall WRITE (process 3) also reads its own private heap at 0x555570000000 -- marker byte 0x40 ('@')
milestone 31: syscall WRITE (process 3) -- hardware-recorded CS=0x1b (CPL=3) -- ptr=0x55555000035a len=1 -- raw bytes >>>
 
<<< end of write (1 bytes)
milestone 33: syscall WRITE (process 3) also reads its own private heap at 0x555570000000 -- marker byte 0x40 ('@')
milestone 31: syscall WRITE (process 3) -- hardware-recorded CS=0x1b (CPL=3) -- ptr=0x555550000421 len=6 -- raw bytes >>>
reuse=
<<< end of write (6 bytes)
milestone 33: syscall WRITE (process 3) also reads its own private heap at 0x555570000000 -- marker byte 0x40 ('@')
milestone 31: syscall WRITE (process 3) -- hardware-recorded CS=0x1b (CPL=3) -- ptr=0x555550000356 len=4 -- raw bytes >>>
PASS
<<< end of write (4 bytes)
milestone 33: syscall WRITE (process 3) also reads its own private heap at 0x555570000000 -- marker byte 0x40 ('@')
milestone 31: syscall WRITE (process 3) -- hardware-recorded CS=0x1b (CPL=3) -- ptr=0x55555000035a len=1 -- raw bytes >>>
 
<<< end of write (1 bytes)
milestone 33: syscall WRITE (process 3) also reads its own private heap at 0x555570000000 -- marker byte 0x40 ('@')
milestone 31: syscall WRITE (process 3) -- hardware-recorded CS=0x1b (CPL=3) -- ptr=0x555550000427 len=12 -- raw bytes >>>
split_reuse=
<<< end of write (12 bytes)
milestone 33: syscall WRITE (process 3) also reads its own private heap at 0x555570000000 -- marker byte 0x40 ('@')
milestone 31: syscall WRITE (process 3) -- hardware-recorded CS=0x1b (CPL=3) -- ptr=0x555550000356 len=4 -- raw bytes >>>
PASS
<<< end of write (4 bytes)
milestone 33: syscall WRITE (process 3) also reads its own private heap at 0x555570000000 -- marker byte 0x40 ('@')
milestone 31: syscall WRITE (process 3) -- hardware-recorded CS=0x1b (CPL=3) -- ptr=0x55555000035a len=1 -- raw bytes >>>
 
<<< end of write (1 bytes)
milestone 33: syscall WRITE (process 3) also reads its own private heap at 0x555570000000 -- marker byte 0x40 ('@')
milestone 31: syscall WRITE (process 3) -- hardware-recorded CS=0x1b (CPL=3) -- ptr=0x55555000036b len=16 -- raw bytes >>>
split_remainder=
<<< end of write (16 bytes)
milestone 33: syscall WRITE (process 3) also reads its own private heap at 0x555570000000 -- marker byte 0x40 ('@')
milestone 31: syscall WRITE (process 3) -- hardware-recorded CS=0x1b (CPL=3) -- ptr=0x555550000356 len=4 -- raw bytes >>>
PASS
<<< end of write (4 bytes)
milestone 33: syscall WRITE (process 3) also reads its own private heap at 0x555570000000 -- marker byte 0x40 ('@')
milestone 31: syscall WRITE (process 3) -- hardware-recorded CS=0x1b (CPL=3) -- ptr=0x55555000035a len=1 -- raw bytes >>>
 
<<< end of write (1 bytes)
milestone 33: syscall WRITE (process 3) also reads its own private heap at 0x555570000000 -- marker byte 0x40 ('@')
milestone 31: syscall WRITE (process 3) -- hardware-recorded CS=0x1b (CPL=3) -- ptr=0x55555000035b len=16 -- raw bytes >>>
split_integrity=
<<< end of write (16 bytes)
milestone 33: syscall WRITE (process 3) also reads its own private heap at 0x555570000000 -- marker byte 0x40 ('@')
milestone 31: syscall WRITE (process 3) -- hardware-recorded CS=0x1b (CPL=3) -- ptr=0x555550000356 len=4 -- raw bytes >>>
PASS
<<< end of write (4 bytes)
milestone 33: syscall WRITE (process 3) also reads its own private heap at 0x555570000000 -- marker byte 0x40 ('@')
milestone 31: syscall WRITE (process 3) -- hardware-recorded CS=0x1b (CPL=3) -- ptr=0x55555000035a len=1 -- raw bytes >>>
 
<<< end of write (1 bytes)
milestone 33: syscall WRITE (process 3) also reads its own private heap at 0x555570000000 -- marker byte 0x40 ('@')
milestone 31: syscall WRITE (process 3) -- hardware-recorded CS=0x1b (CPL=3) -- ptr=0x555550000406 len=8 -- raw bytes >>>
OVERALL=
<<< end of write (8 bytes)
milestone 33: syscall WRITE (process 3) also reads its own private heap at 0x555570000000 -- marker byte 0x40 ('@')
milestone 31: syscall WRITE (process 3) -- hardware-recorded CS=0x1b (CPL=3) -- ptr=0x555550000356 len=4 -- raw bytes >>>
PASS
<<< end of write (4 bytes)
milestone 33: syscall WRITE (process 3) also reads its own private heap at 0x555570000000 -- marker byte 0x40 ('@')
milestone 31: syscall WRITE (process 3) -- hardware-recorded CS=0x1b (CPL=3) -- ptr=0x55555000038b len=1 -- raw bytes >>>


<<< end of write (1 bytes)
milestone 33: syscall WRITE (process 3) also reads its own private heap at 0x555570000000 -- marker byte 0x40 ('@')
milestone 30: syscall EXIT -- hardware-recorded CS=0x1b (CPL=3) -- discarding ring-3 context, resuming kernel context
milestone 36: elf-loaded process -- resumed in kernel context (CR3 already restored by the exit syscall before this point)
milestone 51: self-test -- malloctest.elf ran to completion and returned to the kernel cleanly (no panic, no double fault) -- see the 'milestone 51: malloctest' lines above for the real allocator-correctness evidence written by the program itself
milestone 61: self-test -- parsed the embedded stdiotest.elf: e_entry=0x555550000000 (expected 0x555550000000), 1 PT_LOAD segment(s)
milestone 36: process elf-loaded -- ELF validated: e_entry=0x555550000000 falls inside a mapped segment, 1 PT_LOAD segment(s), 2 total page(s), all within private p4 index 170
milestone 36: process elf-loaded -- new pml4 0x96000 populated: 511 kernel-space entries shared, index 170 left private
milestone 36: process elf-loaded -- mapped 2 PT_LOAD page(s): [(93824902758400, 618496, 4096, 7), (93824902762496, 634880, 2694, 7)]
milestone 36: process elf-loaded -- private stack page mapped to frame 0x9c000
milestone 57: process elf-loaded -- private heap RESERVED (not mapped): 64 pages at 0x555570000000..0x55557003ffff, 0 physical frames committed until a real page fault demand-pages one
milestone 36: elf-loaded process -- about to switch CR3 to pml4 0x96000
milestone 36: CR3 switched -- entering ring 3 for the ELF-loaded process at 0x555550000000 (real e_entry)
milestone 31: syscall WRITE (process 3) -- hardware-recorded CS=0x1b (CPL=3) -- ptr=0x555550001260 len=67 -- raw bytes >>>
milestone 61: stdiotest starting -- real string.h + buffered stdio

<<< end of write (67 bytes)
milestone 57: syscall WRITE (process 3) -- heap page 0 at 0x555570000000 is not mapped yet (this process has never touched its heap -- demand paging means no physical frame exists there to read)
milestone 33: syscall SBRK (process 3) -- hardware-recorded CS=0x1b (CPL=3) -- requested 16 bytes, returning heap pointer 0x555570000000
milestone 57: demand-paged heap page 0 for process 3 (fault addr 0x555570000000) -- fresh zeroed physical frame 0x9e000 mapped, resuming the faulting instruction
milestone 31: syscall WRITE (process 3) -- hardware-recorded CS=0x1b (CPL=3) -- ptr=0x5555500012a8 len=7 -- raw bytes >>>
memcpy=
<<< end of write (7 bytes)
milestone 33: syscall WRITE (process 3) also reads its own private heap at 0x555570000000 -- marker byte 0x08 (' ')
milestone 31: syscall WRITE (process 3) -- hardware-recorded CS=0x1b (CPL=3) -- ptr=0x555550001236 len=4 -- raw bytes >>>
PASS
<<< end of write (4 bytes)
milestone 33: syscall WRITE (process 3) also reads its own private heap at 0x555570000000 -- marker byte 0x08 (' ')
milestone 31: syscall WRITE (process 3) -- hardware-recorded CS=0x1b (CPL=3) -- ptr=0x55555000123e len=1 -- raw bytes >>>
 
<<< end of write (1 bytes)
milestone 33: syscall WRITE (process 3) also reads its own private heap at 0x555570000000 -- marker byte 0x08 (' ')
milestone 33: syscall SBRK (process 3) -- hardware-recorded CS=0x1b (CPL=3) -- requested 16 bytes, returning heap pointer 0x555570000010
milestone 31: syscall WRITE (process 3) -- hardware-recorded CS=0x1b (CPL=3) -- ptr=0x5555500012af len=7 -- raw bytes >>>
memset=
<<< end of write (7 bytes)
milestone 33: syscall WRITE (process 3) also reads its own private heap at 0x555570000000 -- marker byte 0x08 (' ')
milestone 31: syscall WRITE (process 3) -- hardware-recorded CS=0x1b (CPL=3) -- ptr=0x555550001236 len=4 -- raw bytes >>>
PASS
<<< end of write (4 bytes)
milestone 33: syscall WRITE (process 3) also reads its own private heap at 0x555570000000 -- marker byte 0x08 (' ')
milestone 31: syscall WRITE (process 3) -- hardware-recorded CS=0x1b (CPL=3) -- ptr=0x55555000123e len=1 -- raw bytes >>>
 
<<< end of write (1 bytes)
milestone 33: syscall WRITE (process 3) also reads its own private heap at 0x555570000000 -- marker byte 0x08 (' ')
milestone 33: syscall SBRK (process 3) -- hardware-recorded CS=0x1b (CPL=3) -- requested 24 bytes, returning heap pointer 0x555570000020
milestone 31: syscall WRITE (process 3) -- hardware-recorded CS=0x1b (CPL=3) -- ptr=0x5555500012e2 len=8 -- raw bytes >>>
memmove=
<<< end of write (8 bytes)
milestone 33: syscall WRITE (process 3) also reads its own private heap at 0x555570000000 -- marker byte 0x08 (' ')
milestone 31: syscall WRITE (process 3) -- hardware-recorded CS=0x1b (CPL=3) -- ptr=0x555550001236 len=4 -- raw bytes >>>
PASS
<<< end of write (4 bytes)
milestone 33: syscall WRITE (process 3) also reads its own private heap at 0x555570000000 -- marker byte 0x08 (' ')
milestone 31: syscall WRITE (process 3) -- hardware-recorded CS=0x1b (CPL=3) -- ptr=0x55555000123e len=1 -- raw bytes >>>
 
<<< end of write (1 bytes)
milestone 33: syscall WRITE (process 3) also reads its own private heap at 0x555570000000 -- marker byte 0x08 (' ')
milestone 31: syscall WRITE (process 3) -- hardware-recorded CS=0x1b (CPL=3) -- ptr=0x555550001300 len=7 -- raw bytes >>>
memcmp=
<<< end of write (7 bytes)
milestone 33: syscall WRITE (process 3) also reads its own private heap at 0x555570000000 -- marker byte 0x08 (' ')
milestone 31: syscall WRITE (process 3) -- hardware-recorded CS=0x1b (CPL=3) -- ptr=0x555550001236 len=4 -- raw bytes >>>
PASS
<<< end of write (4 bytes)
milestone 33: syscall WRITE (process 3) also reads its own private heap at 0x555570000000 -- marker byte 0x08 (' ')
milestone 31: syscall WRITE (process 3) -- hardware-recorded CS=0x1b (CPL=3) -- ptr=0x55555000123e len=1 -- raw bytes >>>
 
<<< end of write (1 bytes)
milestone 33: syscall WRITE (process 3) also reads its own private heap at 0x555570000000 -- marker byte 0x08 (' ')
milestone 31: syscall WRITE (process 3) -- hardware-recorded CS=0x1b (CPL=3) -- ptr=0x555550001335 len=7 -- raw bytes >>>
strlen=
<<< end of write (7 bytes)
milestone 33: syscall WRITE (process 3) also reads its own private heap at 0x555570000000 -- marker byte 0x08 (' ')
milestone 31: syscall WRITE (process 3) -- hardware-recorded CS=0x1b (CPL=3) -- ptr=0x555550001236 len=4 -- raw bytes >>>
PASS
<<< end of write (4 bytes)
milestone 33: syscall WRITE (process 3) also reads its own private heap at 0x555570000000 -- marker byte 0x08 (' ')
milestone 31: syscall WRITE (process 3) -- hardware-recorded CS=0x1b (CPL=3) -- ptr=0x55555000123e len=1 -- raw bytes >>>
 
<<< end of write (1 bytes)
milestone 33: syscall WRITE (process 3) also reads its own private heap at 0x555570000000 -- marker byte 0x08 (' ')
milestone 31: syscall WRITE (process 3) -- hardware-recorded CS=0x1b (CPL=3) -- ptr=0x55555000133c len=7 -- raw bytes >>>
strcmp=
<<< end of write (7 bytes)
milestone 33: syscall WRITE (process 3) also reads its own private heap at 0x555570000000 -- marker byte 0x08 (' ')
milestone 31: syscall WRITE (process 3) -- hardware-recorded CS=0x1b (CPL=3) -- ptr=0x555550001236 len=4 -- raw bytes >>>
PASS
<<< end of write (4 bytes)
milestone 33: syscall WRITE (process 3) also reads its own private heap at 0x555570000000 -- marker byte 0x08 (' ')
milestone 31: syscall WRITE (process 3) -- hardware-recorded CS=0x1b (CPL=3) -- ptr=0x55555000123e len=1 -- raw bytes >>>
 
<<< end of write (1 bytes)
milestone 33: syscall WRITE (process 3) also reads its own private heap at 0x555570000000 -- marker byte 0x08 (' ')
milestone 31: syscall WRITE (process 3) -- hardware-recorded CS=0x1b (CPL=3) -- ptr=0x5555500012d2 len=8 -- raw bytes >>>
strncmp=
<<< end of write (8 bytes)
milestone 33: syscall WRITE (process 3) also reads its own private heap at 0x555570000000 -- marker byte 0x08 (' ')
milestone 31: syscall WRITE (process 3) -- hardware-recorded CS=0x1b (CPL=3) -- ptr=0x555550001236 len=4 -- raw bytes >>>
PASS
<<< end of write (4 bytes)
milestone 33: syscall WRITE (process 3) also reads its own private heap at 0x555570000000 -- marker byte 0x08 (' ')
milestone 31: syscall WRITE (process 3) -- hardware-recorded CS=0x1b (CPL=3) -- ptr=0x55555000123e len=1 -- raw bytes >>>
 
<<< end of write (1 bytes)
milestone 33: syscall WRITE (process 3) also reads its own private heap at 0x555570000000 -- marker byte 0x08 (' ')
milestone 33: syscall SBRK (process 3) -- hardware-recorded CS=0x1b (CPL=3) -- requested 16 bytes, returning heap pointer 0x555570000038
milestone 31: syscall WRITE (process 3) -- hardware-recorded CS=0x1b (CPL=3) -- ptr=0x555550001343 len=7 -- raw bytes >>>
strcpy=
<<< end of write (7 bytes)
milestone 33: syscall WRITE (process 3) also reads its own private heap at 0x555570000000 -- marker byte 0x08 (' ')
milestone 31: syscall WRITE (process 3) -- hardware-recorded CS=0x1b (CPL=3) -- ptr=0x555550001236 len=4 -- raw bytes >>>
PASS
<<< end of write (4 bytes)
milestone 33: syscall WRITE (process 3) also reads its own private heap at 0x555570000000 -- marker byte 0x08 (' ')
milestone 31: syscall WRITE (process 3) -- hardware-recorded CS=0x1b (CPL=3) -- ptr=0x55555000123e len=1 -- raw bytes >>>
 
<<< end of write (1 bytes)
milestone 33: syscall WRITE (process 3) also reads its own private heap at 0x555570000000 -- marker byte 0x08 (' ')
milestone 33: syscall SBRK (process 3) -- hardware-recorded CS=0x1b (CPL=3) -- requested 16 bytes, returning heap pointer 0x555570000048
milestone 31: syscall WRITE (process 3) -- hardware-recorded CS=0x1b (CPL=3) -- ptr=0x5555500012da len=8 -- raw bytes >>>
strncpy=
<<< end of write (8 bytes)
milestone 33: syscall WRITE (process 3) also reads its own private heap at 0x555570000000 -- marker byte 0x08 (' ')
milestone 31: syscall WRITE (process 3) -- hardware-recorded CS=0x1b (CPL=3) -- ptr=0x555550001236 len=4 -- raw bytes >>>
PASS
<<< end of write (4 bytes)
milestone 33: syscall WRITE (process 3) also reads its own private heap at 0x555570000000 -- marker byte 0x08 (' ')
milestone 31: syscall WRITE (process 3) -- hardware-recorded CS=0x1b (CPL=3) -- ptr=0x55555000123e len=1 -- raw bytes >>>
 
<<< end of write (1 bytes)
milestone 33: syscall WRITE (process 3) also reads its own private heap at 0x555570000000 -- marker byte 0x08 (' ')
milestone 33: syscall SBRK (process 3) -- hardware-recorded CS=0x1b (CPL=3) -- requested 16 bytes, returning heap pointer 0x555570000058
milestone 31: syscall WRITE (process 3) -- hardware-recorded CS=0x1b (CPL=3) -- ptr=0x55555000134f len=7 -- raw bytes >>>
strcat=
<<< end of write (7 bytes)
milestone 33: syscall WRITE (process 3) also reads its own private heap at 0x555570000000 -- marker byte 0x08 (' ')
milestone 31: syscall WRITE (process 3) -- hardware-recorded CS=0x1b (CPL=3) -- ptr=0x555550001236 len=4 -- raw bytes >>>
PASS
<<< end of write (4 bytes)
milestone 33: syscall WRITE (process 3) also reads its own private heap at 0x555570000000 -- marker byte 0x08 (' ')
milestone 31: syscall WRITE (process 3) -- hardware-recorded CS=0x1b (CPL=3) -- ptr=0x55555000123e len=1 -- raw bytes >>>
 
<<< end of write (1 bytes)
milestone 33: syscall WRITE (process 3) also reads its own private heap at 0x555570000000 -- marker byte 0x08 (' ')
milestone 31: syscall WRITE (process 3) -- hardware-recorded CS=0x1b (CPL=3) -- ptr=0x555550001356 len=7 -- raw bytes >>>
strchr=
<<< end of write (7 bytes)
milestone 33: syscall WRITE (process 3) also reads its own private heap at 0x555570000000 -- marker byte 0x08 (' ')
milestone 31: syscall WRITE (process 3) -- hardware-recorded CS=0x1b (CPL=3) -- ptr=0x555550001236 len=4 -- raw bytes >>>
PASS
<<< end of write (4 bytes)
milestone 33: syscall WRITE (process 3) also reads its own private heap at 0x555570000000 -- marker byte 0x08 (' ')
milestone 31: syscall WRITE (process 3) -- hardware-recorded CS=0x1b (CPL=3) -- ptr=0x55555000123e len=1 -- raw bytes >>>
 
<<< end of write (1 bytes)
milestone 33: syscall WRITE (process 3) also reads its own private heap at 0x555570000000 -- marker byte 0x08 (' ')
milestone 31: syscall WRITE (process 3) -- hardware-recorded CS=0x1b (CPL=3) -- ptr=0x55555000125f len=1 -- raw bytes >>>


<<< end of write (1 bytes)
milestone 33: syscall WRITE (process 3) also reads its own private heap at 0x555570000000 -- marker byte 0x08 (' ')
milestone 31: syscall WRITE (process 3) -- hardware-recorded CS=0x1b (CPL=3) -- ptr=0x55555000135d len=18 -- raw bytes >>>
content_len_is_40=
<<< end of write (18 bytes)
milestone 33: syscall WRITE (process 3) also reads its own private heap at 0x555570000000 -- marker byte 0x08 (' ')
milestone 31: syscall WRITE (process 3) -- hardware-recorded CS=0x1b (CPL=3) -- ptr=0x555550001236 len=4 -- raw bytes >>>
PASS
<<< end of write (4 bytes)
milestone 33: syscall WRITE (process 3) also reads its own private heap at 0x555570000000 -- marker byte 0x08 (' ')
milestone 31: syscall WRITE (process 3) -- hardware-recorded CS=0x1b (CPL=3) -- ptr=0x55555000123e len=1 -- raw bytes >>>
 
<<< end of write (1 bytes)
milestone 33: syscall WRITE (process 3) also reads its own private heap at 0x555570000000 -- marker byte 0x08 (' ')
milestone 35: syscall OPEN (process 3) -- hardware-recorded CS=0x1b (CPL=3) -- path='stdiotest_a' -> fd 0
milestone 33: syscall SBRK (process 3) -- hardware-recorded CS=0x1b (CPL=3) -- requested 112 bytes, returning heap pointer 0x555570000068
milestone 31: syscall WRITE (process 3) -- hardware-recorded CS=0x1b (CPL=3) -- ptr=0x5555500012ea len=8 -- raw bytes >>>
fopen_w=
<<< end of write (8 bytes)
milestone 33: syscall WRITE (process 3) also reads its own private heap at 0x555570000000 -- marker byte 0x08 (' ')
milestone 31: syscall WRITE (process 3) -- hardware-recorded CS=0x1b (CPL=3) -- ptr=0x555550001236 len=4 -- raw bytes >>>
PASS
<<< end of write (4 bytes)
milestone 33: syscall WRITE (process 3) also reads its own private heap at 0x555570000000 -- marker byte 0x08 (' ')
milestone 31: syscall WRITE (process 3) -- hardware-recorded CS=0x1b (CPL=3) -- ptr=0x55555000123e len=1 -- raw bytes >>>
 
<<< end of write (1 bytes)
milestone 33: syscall WRITE (process 3) also reads its own private heap at 0x555570000000 -- marker byte 0x08 (' ')
milestone 35: syscall FDWRITE (process 3) -- hardware-recorded CS=0x1b (CPL=3) -- fd=0 requested=32 accepted=32 bytes
milestone 31: syscall WRITE (process 3) -- hardware-recorded CS=0x1b (CPL=3) -- ptr=0x5555500013a2 len=23 -- raw bytes >>>
  wlen after 12B write=
<<< end of write (23 bytes)
milestone 33: syscall WRITE (process 3) also reads its own private heap at 0x555570000000 -- marker byte 0x08 (' ')
milestone 31: syscall WRITE (process 3) -- hardware-recorded CS=0x1b (CPL=3) -- ptr=0x555560000e7e len=18 -- raw bytes >>>
0x000000000000000c
<<< end of write (18 bytes)
milestone 33: syscall WRITE (process 3) also reads its own private heap at 0x555570000000 -- marker byte 0x08 (' ')
milestone 31: syscall WRITE (process 3) -- hardware-recorded CS=0x1b (CPL=3) -- ptr=0x55555000125f len=1 -- raw bytes >>>


<<< end of write (1 bytes)
milestone 33: syscall WRITE (process 3) also reads its own private heap at 0x555570000000 -- marker byte 0x08 (' ')
milestone 31: syscall WRITE (process 3) -- hardware-recorded CS=0x1b (CPL=3) -- ptr=0x5555500013b9 len=24 -- raw bytes >>>
  wlen after +25B write=
<<< end of write (24 bytes)
milestone 33: syscall WRITE (process 3) also reads its own private heap at 0x555570000000 -- marker byte 0x08 (' ')
milestone 31: syscall WRITE (process 3) -- hardware-recorded CS=0x1b (CPL=3) -- ptr=0x555560000e7e len=18 -- raw bytes >>>
0x0000000000000005
<<< end of write (18 bytes)
milestone 33: syscall WRITE (process 3) also reads its own private heap at 0x555570000000 -- marker byte 0x08 (' ')
milestone 31: syscall WRITE (process 3) -- hardware-recorded CS=0x1b (CPL=3) -- ptr=0x55555000125f len=1 -- raw bytes >>>


<<< end of write (1 bytes)
milestone 33: syscall WRITE (process 3) also reads its own private heap at 0x555570000000 -- marker byte 0x08 (' ')
milestone 31: syscall WRITE (process 3) -- hardware-recorded CS=0x1b (CPL=3) -- ptr=0x5555500013d1 len=23 -- raw bytes >>>
  wlen after +3B write=
<<< end of write (23 bytes)
milestone 33: syscall WRITE (process 3) also reads its own private heap at 0x555570000000 -- marker byte 0x08 (' ')
milestone 31: syscall WRITE (process 3) -- hardware-recorded CS=0x1b (CPL=3) -- ptr=0x555560000e7e len=18 -- raw bytes >>>
0x0000000000000008
<<< end of write (18 bytes)
milestone 33: syscall WRITE (process 3) also reads its own private heap at 0x555570000000 -- marker byte 0x08 (' ')
milestone 31: syscall WRITE (process 3) -- hardware-recorded CS=0x1b (CPL=3) -- ptr=0x55555000125f len=1 -- raw bytes >>>


<<< end of write (1 bytes)
milestone 33: syscall WRITE (process 3) also reads its own private heap at 0x555570000000 -- marker byte 0x08 (' ')
milestone 31: syscall WRITE (process 3) -- hardware-recorded CS=0x1b (CPL=3) -- ptr=0x5555500013e8 len=14 -- raw bytes >>>
fwrite_counts=
<<< end of write (14 bytes)
milestone 33: syscall WRITE (process 3) also reads its own private heap at 0x555570000000 -- marker byte 0x08 (' ')
milestone 31: syscall WRITE (process 3) -- hardware-recorded CS=0x1b (CPL=3) -- ptr=0x555550001236 len=4 -- raw bytes >>>
PASS
<<< end of write (4 bytes)
milestone 33: syscall WRITE (process 3) also reads its own private heap at 0x555570000000 -- marker byte 0x08 (' ')
milestone 31: syscall WRITE (process 3) -- hardware-recorded CS=0x1b (CPL=3) -- ptr=0x55555000123e len=1 -- raw bytes >>>
 
<<< end of write (1 bytes)
milestone 33: syscall WRITE (process 3) also reads its own private heap at 0x555570000000 -- marker byte 0x08 (' ')
milestone 31: syscall WRITE (process 3) -- hardware-recorded CS=0x1b (CPL=3) -- ptr=0x5555500013f6 len=22 -- raw bytes >>>
fwrite_real_buffering=
<<< end of write (22 bytes)
milestone 33: syscall WRITE (process 3) also reads its own private heap at 0x555570000000 -- marker byte 0x08 (' ')
milestone 31: syscall WRITE (process 3) -- hardware-recorded CS=0x1b (CPL=3) -- ptr=0x555550001236 len=4 -- raw bytes >>>
PASS
<<< end of write (4 bytes)
milestone 33: syscall WRITE (process 3) also reads its own private heap at 0x555570000000 -- marker byte 0x08 (' ')
milestone 31: syscall WRITE (process 3) -- hardware-recorded CS=0x1b (CPL=3) -- ptr=0x55555000123e len=1 -- raw bytes >>>
 
<<< end of write (1 bytes)
milestone 33: syscall WRITE (process 3) also reads its own private heap at 0x555570000000 -- marker byte 0x08 (' ')
milestone 35: syscall FDWRITE (process 3) -- hardware-recorded CS=0x1b (CPL=3) -- fd=0 requested=8 accepted=8 bytes
milestone 35: syscall CLOSE (process 3) -- fd 0 was dirty, persisted 40 bytes to 'stdiotest_a' on the real on-disk filesystem
milestone 35: syscall CLOSE (process 3) -- hardware-recorded CS=0x1b (CPL=3) -- fd=0 closed successfully
milestone 31: syscall WRITE (process 3) -- hardware-recorded CS=0x1b (CPL=3) -- ptr=0x55555000140c len=9 -- raw bytes >>>
fclose_w=
<<< end of write (9 bytes)
milestone 33: syscall WRITE (process 3) also reads its own private heap at 0x555570000000 -- marker byte 0x08 (' ')
milestone 31: syscall WRITE (process 3) -- hardware-recorded CS=0x1b (CPL=3) -- ptr=0x555550001236 len=4 -- raw bytes >>>
PASS
<<< end of write (4 bytes)
milestone 33: syscall WRITE (process 3) also reads its own private heap at 0x555570000000 -- marker byte 0x08 (' ')
milestone 31: syscall WRITE (process 3) -- hardware-recorded CS=0x1b (CPL=3) -- ptr=0x55555000123e len=1 -- raw bytes >>>
 
<<< end of write (1 bytes)
milestone 33: syscall WRITE (process 3) also reads its own private heap at 0x555570000000 -- marker byte 0x08 (' ')
milestone 35: syscall OPEN (process 3) -- hardware-recorded CS=0x1b (CPL=3) -- path='stdiotest_a' -> fd 0
milestone 31: syscall WRITE (process 3) -- hardware-recorded CS=0x1b (CPL=3) -- ptr=0x5555500012ca len=8 -- raw bytes >>>
fopen_r=
<<< end of write (8 bytes)
milestone 33: syscall WRITE (process 3) also reads its own private heap at 0x555570000000 -- marker byte 0x08 (' ')
milestone 31: syscall WRITE (process 3) -- hardware-recorded CS=0x1b (CPL=3) -- ptr=0x555550001236 len=4 -- raw bytes >>>
PASS
<<< end of write (4 bytes)
milestone 33: syscall WRITE (process 3) also reads its own private heap at 0x555570000000 -- marker byte 0x08 (' ')
milestone 31: syscall WRITE (process 3) -- hardware-recorded CS=0x1b (CPL=3) -- ptr=0x55555000123e len=1 -- raw bytes >>>
 
<<< end of write (1 bytes)
milestone 33: syscall WRITE (process 3) also reads its own private heap at 0x555570000000 -- marker byte 0x08 (' ')
milestone 33: syscall SBRK (process 3) -- hardware-recorded CS=0x1b (CPL=3) -- requested 48 bytes, returning heap pointer 0x5555700000d8
milestone 35: syscall READ (process 3) -- hardware-recorded CS=0x1b (CPL=3) -- fd=0 requested=32 actual=32 bytes
milestone 35: syscall READ (process 3) -- hardware-recorded CS=0x1b (CPL=3) -- fd=0 requested=32 actual=8 bytes
milestone 31: syscall WRITE (process 3) -- hardware-recorded CS=0x1b (CPL=3) -- ptr=0x555550001415 len=21 -- raw bytes >>>
  rlen after 5B read=
<<< end of write (21 bytes)
milestone 33: syscall WRITE (process 3) also reads its own private heap at 0x555570000000 -- marker byte 0x08 (' ')
milestone 31: syscall WRITE (process 3) -- hardware-recorded CS=0x1b (CPL=3) -- ptr=0x555560000e7e len=18 -- raw bytes >>>
0x0000000000000020
<<< end of write (18 bytes)
milestone 33: syscall WRITE (process 3) also reads its own private heap at 0x555570000000 -- marker byte 0x08 (' ')
milestone 31: syscall WRITE (process 3) -- hardware-recorded CS=0x1b (CPL=3) -- ptr=0x55555000125f len=1 -- raw bytes >>>


<<< end of write (1 bytes)
milestone 33: syscall WRITE (process 3) also reads its own private heap at 0x555570000000 -- marker byte 0x08 (' ')
milestone 31: syscall WRITE (process 3) -- hardware-recorded CS=0x1b (CPL=3) -- ptr=0x55555000142a len=21 -- raw bytes >>>
  rpos after 5B read=
<<< end of write (21 bytes)
milestone 33: syscall WRITE (process 3) also reads its own private heap at 0x555570000000 -- marker byte 0x08 (' ')
milestone 31: syscall WRITE (process 3) -- hardware-recorded CS=0x1b (CPL=3) -- ptr=0x555560000e7e len=18 -- raw bytes >>>
0x0000000000000005
<<< end of write (18 bytes)
milestone 33: syscall WRITE (process 3) also reads its own private heap at 0x555570000000 -- marker byte 0x08 (' ')
milestone 31: syscall WRITE (process 3) -- hardware-recorded CS=0x1b (CPL=3) -- ptr=0x55555000125f len=1 -- raw bytes >>>


<<< end of write (1 bytes)
milestone 33: syscall WRITE (process 3) also reads its own private heap at 0x555570000000 -- marker byte 0x08 (' ')
milestone 31: syscall WRITE (process 3) -- hardware-recorded CS=0x1b (CPL=3) -- ptr=0x55555000143f len=23 -- raw bytes >>>
  rlen after +20B read=
<<< end of write (23 bytes)
milestone 33: syscall WRITE (process 3) also reads its own private heap at 0x555570000000 -- marker byte 0x08 (' ')
milestone 31: syscall WRITE (process 3) -- hardware-recorded CS=0x1b (CPL=3) -- ptr=0x555560000e7e len=18 -- raw bytes >>>
0x0000000000000020
<<< end of write (18 bytes)
milestone 33: syscall WRITE (process 3) also reads its own private heap at 0x555570000000 -- marker byte 0x08 (' ')
milestone 31: syscall WRITE (process 3) -- hardware-recorded CS=0x1b (CPL=3) -- ptr=0x55555000125f len=1 -- raw bytes >>>


<<< end of write (1 bytes)
milestone 33: syscall WRITE (process 3) also reads its own private heap at 0x555570000000 -- marker byte 0x08 (' ')
milestone 31: syscall WRITE (process 3) -- hardware-recorded CS=0x1b (CPL=3) -- ptr=0x555550001456 len=23 -- raw bytes >>>
  rpos after +20B read=
<<< end of write (23 bytes)
milestone 33: syscall WRITE (process 3) also reads its own private heap at 0x555570000000 -- marker byte 0x08 (' ')
milestone 31: syscall WRITE (process 3) -- hardware-recorded CS=0x1b (CPL=3) -- ptr=0x555560000e7e len=18 -- raw bytes >>>
0x0000000000000019
<<< end of write (18 bytes)
milestone 33: syscall WRITE (process 3) also reads its own private heap at 0x555570000000 -- marker byte 0x08 (' ')
milestone 31: syscall WRITE (process 3) -- hardware-recorded CS=0x1b (CPL=3) -- ptr=0x55555000125f len=1 -- raw bytes >>>


<<< end of write (1 bytes)
milestone 33: syscall WRITE (process 3) also reads its own private heap at 0x555570000000 -- marker byte 0x08 (' ')
milestone 31: syscall WRITE (process 3) -- hardware-recorded CS=0x1b (CPL=3) -- ptr=0x55555000146d len=23 -- raw bytes >>>
  rlen after +10B read=
<<< end of write (23 bytes)
milestone 33: syscall WRITE (process 3) also reads its own private heap at 0x555570000000 -- marker byte 0x08 (' ')
milestone 31: syscall WRITE (process 3) -- hardware-recorded CS=0x1b (CPL=3) -- ptr=0x555560000e7e len=18 -- raw bytes >>>
0x0000000000000008
<<< end of write (18 bytes)
milestone 33: syscall WRITE (process 3) also reads its own private heap at 0x555570000000 -- marker byte 0x08 (' ')
milestone 31: syscall WRITE (process 3) -- hardware-recorded CS=0x1b (CPL=3) -- ptr=0x55555000125f len=1 -- raw bytes >>>


<<< end of write (1 bytes)
milestone 33: syscall WRITE (process 3) also reads its own private heap at 0x555570000000 -- marker byte 0x08 (' ')
milestone 31: syscall WRITE (process 3) -- hardware-recorded CS=0x1b (CPL=3) -- ptr=0x555550001484 len=23 -- raw bytes >>>
  rpos after +10B read=
<<< end of write (23 bytes)
milestone 33: syscall WRITE (process 3) also reads its own private heap at 0x555570000000 -- marker byte 0x08 (' ')
milestone 31: syscall WRITE (process 3) -- hardware-recorded CS=0x1b (CPL=3) -- ptr=0x555560000e7e len=18 -- raw bytes >>>
0x0000000000000003
<<< end of write (18 bytes)
milestone 33: syscall WRITE (process 3) also reads its own private heap at 0x555570000000 -- marker byte 0x08 (' ')
milestone 31: syscall WRITE (process 3) -- hardware-recorded CS=0x1b (CPL=3) -- ptr=0x55555000125f len=1 -- raw bytes >>>


<<< end of write (1 bytes)
milestone 33: syscall WRITE (process 3) also reads its own private heap at 0x555570000000 -- marker byte 0x08 (' ')
milestone 31: syscall WRITE (process 3) -- hardware-recorded CS=0x1b (CPL=3) -- ptr=0x55555000149b len=13 -- raw bytes >>>
fread_counts=
<<< end of write (13 bytes)
milestone 33: syscall WRITE (process 3) also reads its own private heap at 0x555570000000 -- marker byte 0x08 (' ')
milestone 31: syscall WRITE (process 3) -- hardware-recorded CS=0x1b (CPL=3) -- ptr=0x555550001236 len=4 -- raw bytes >>>
PASS
<<< end of write (4 bytes)
milestone 33: syscall WRITE (process 3) also reads its own private heap at 0x555570000000 -- marker byte 0x08 (' ')
milestone 31: syscall WRITE (process 3) -- hardware-recorded CS=0x1b (CPL=3) -- ptr=0x55555000123e len=1 -- raw bytes >>>
 
<<< end of write (1 bytes)
milestone 33: syscall WRITE (process 3) also reads its own private heap at 0x555570000000 -- marker byte 0x08 (' ')
milestone 31: syscall WRITE (process 3) -- hardware-recorded CS=0x1b (CPL=3) -- ptr=0x5555500014a8 len=21 -- raw bytes >>>
fread_real_buffering=
<<< end of write (21 bytes)
milestone 33: syscall WRITE (process 3) also reads its own private heap at 0x555570000000 -- marker byte 0x08 (' ')
milestone 31: syscall WRITE (process 3) -- hardware-recorded CS=0x1b (CPL=3) -- ptr=0x555550001236 len=4 -- raw bytes >>>
PASS
<<< end of write (4 bytes)
milestone 33: syscall WRITE (process 3) also reads its own private heap at 0x555570000000 -- marker byte 0x08 (' ')
milestone 31: syscall WRITE (process 3) -- hardware-recorded CS=0x1b (CPL=3) -- ptr=0x55555000123e len=1 -- raw bytes >>>
 
<<< end of write (1 bytes)
milestone 33: syscall WRITE (process 3) also reads its own private heap at 0x555570000000 -- marker byte 0x08 (' ')
milestone 31: syscall WRITE (process 3) -- hardware-recorded CS=0x1b (CPL=3) -- ptr=0x5555500014bd len=18 -- raw bytes >>>
content_roundtrip=
<<< end of write (18 bytes)
milestone 33: syscall WRITE (process 3) also reads its own private heap at 0x555570000000 -- marker byte 0x08 (' ')
milestone 31: syscall WRITE (process 3) -- hardware-recorded CS=0x1b (CPL=3) -- ptr=0x555550001236 len=4 -- raw bytes >>>
PASS
<<< end of write (4 bytes)
milestone 33: syscall WRITE (process 3) also reads its own private heap at 0x555570000000 -- marker byte 0x08 (' ')
milestone 31: syscall WRITE (process 3) -- hardware-recorded CS=0x1b (CPL=3) -- ptr=0x55555000123e len=1 -- raw bytes >>>
 
<<< end of write (1 bytes)
milestone 33: syscall WRITE (process 3) also reads its own private heap at 0x555570000000 -- marker byte 0x08 (' ')
milestone 35: syscall READ (process 3) -- hardware-recorded CS=0x1b (CPL=3) -- fd=0 requested=32 actual=0 bytes
milestone 31: syscall WRITE (process 3) -- hardware-recorded CS=0x1b (CPL=3) -- ptr=0x5555500014cf len=14 -- raw bytes >>>
eof_semantics=
<<< end of write (14 bytes)
milestone 33: syscall WRITE (process 3) also reads its own private heap at 0x555570000000 -- marker byte 0x08 (' ')
milestone 31: syscall WRITE (process 3) -- hardware-recorded CS=0x1b (CPL=3) -- ptr=0x555550001236 len=4 -- raw bytes >>>
PASS
<<< end of write (4 bytes)
milestone 33: syscall WRITE (process 3) also reads its own private heap at 0x555570000000 -- marker byte 0x08 (' ')
milestone 31: syscall WRITE (process 3) -- hardware-recorded CS=0x1b (CPL=3) -- ptr=0x55555000123e len=1 -- raw bytes >>>
 
<<< end of write (1 bytes)
milestone 33: syscall WRITE (process 3) also reads its own private heap at 0x555570000000 -- marker byte 0x08 (' ')
milestone 35: syscall CLOSE (process 3) -- hardware-recorded CS=0x1b (CPL=3) -- fd=0 closed successfully
milestone 31: syscall WRITE (process 3) -- hardware-recorded CS=0x1b (CPL=3) -- ptr=0x5555500014dd len=9 -- raw bytes >>>
fclose_r=
<<< end of write (9 bytes)
milestone 33: syscall WRITE (process 3) also reads its own private heap at 0x555570000000 -- marker byte 0x08 (' ')
milestone 31: syscall WRITE (process 3) -- hardware-recorded CS=0x1b (CPL=3) -- ptr=0x555550001236 len=4 -- raw bytes >>>
PASS
<<< end of write (4 bytes)
milestone 33: syscall WRITE (process 3) also reads its own private heap at 0x555570000000 -- marker byte 0x08 (' ')
milestone 31: syscall WRITE (process 3) -- hardware-recorded CS=0x1b (CPL=3) -- ptr=0x55555000123e len=1 -- raw bytes >>>
 
<<< end of write (1 bytes)
milestone 33: syscall WRITE (process 3) also reads its own private heap at 0x555570000000 -- marker byte 0x08 (' ')
milestone 31: syscall WRITE (process 3) -- hardware-recorded CS=0x1b (CPL=3) -- ptr=0x55555000125f len=1 -- raw bytes >>>


<<< end of write (1 bytes)
milestone 33: syscall WRITE (process 3) also reads its own private heap at 0x555570000000 -- marker byte 0x08 (' ')
milestone 35: syscall OPEN (process 3) -- hardware-recorded CS=0x1b (CPL=3) -- path='stdiotest_a' -> fd 0
milestone 35: syscall READ (process 3) -- hardware-recorded CS=0x1b (CPL=3) -- fd=0 requested=32 actual=32 bytes
milestone 35: syscall READ (process 3) -- hardware-recorded CS=0x1b (CPL=3) -- fd=0 requested=32 actual=8 bytes
milestone 35: syscall READ (process 3) -- hardware-recorded CS=0x1b (CPL=3) -- fd=0 requested=32 actual=0 bytes
milestone 35: syscall FDWRITE (process 3) -- hardware-recorded CS=0x1b (CPL=3) -- fd=0 requested=4 accepted=4 bytes
milestone 35: syscall CLOSE (process 3) -- fd 0 was dirty, persisted 44 bytes to 'stdiotest_a' on the real on-disk filesystem
milestone 35: syscall CLOSE (process 3) -- hardware-recorded CS=0x1b (CPL=3) -- fd=0 closed successfully
milestone 31: syscall WRITE (process 3) -- hardware-recorded CS=0x1b (CPL=3) -- ptr=0x5555500014e6 len=13 -- raw bytes >>>
append_write=
<<< end of write (13 bytes)
milestone 33: syscall WRITE (process 3) also reads its own private heap at 0x555570000000 -- marker byte 0x08 (' ')
milestone 31: syscall WRITE (process 3) -- hardware-recorded CS=0x1b (CPL=3) -- ptr=0x555550001236 len=4 -- raw bytes >>>
PASS
<<< end of write (4 bytes)
milestone 33: syscall WRITE (process 3) also reads its own private heap at 0x555570000000 -- marker byte 0x08 (' ')
milestone 31: syscall WRITE (process 3) -- hardware-recorded CS=0x1b (CPL=3) -- ptr=0x55555000123e len=1 -- raw bytes >>>
 
<<< end of write (1 bytes)
milestone 33: syscall WRITE (process 3) also reads its own private heap at 0x555570000000 -- marker byte 0x08 (' ')
milestone 35: syscall OPEN (process 3) -- hardware-recorded CS=0x1b (CPL=3) -- path='stdiotest_a' -> fd 0
milestone 33: syscall SBRK (process 3) -- hardware-recorded CS=0x1b (CPL=3) -- requested 56 bytes, returning heap pointer 0x555570000108
milestone 35: syscall READ (process 3) -- hardware-recorded CS=0x1b (CPL=3) -- fd=0 requested=32 actual=32 bytes
milestone 35: syscall READ (process 3) -- hardware-recorded CS=0x1b (CPL=3) -- fd=0 requested=32 actual=12 bytes
milestone 35: syscall CLOSE (process 3) -- hardware-recorded CS=0x1b (CPL=3) -- fd=0 closed successfully
milestone 31: syscall WRITE (process 3) -- hardware-recorded CS=0x1b (CPL=3) -- ptr=0x5555500014f3 len=17 -- raw bytes >>>
append_roundtrip=
<<< end of write (17 bytes)
milestone 33: syscall WRITE (process 3) also reads its own private heap at 0x555570000000 -- marker byte 0x08 (' ')
milestone 31: syscall WRITE (process 3) -- hardware-recorded CS=0x1b (CPL=3) -- ptr=0x555550001236 len=4 -- raw bytes >>>
PASS
<<< end of write (4 bytes)
milestone 33: syscall WRITE (process 3) also reads its own private heap at 0x555570000000 -- marker byte 0x08 (' ')
milestone 31: syscall WRITE (process 3) -- hardware-recorded CS=0x1b (CPL=3) -- ptr=0x55555000123e len=1 -- raw bytes >>>
 
<<< end of write (1 bytes)
milestone 33: syscall WRITE (process 3) also reads its own private heap at 0x555570000000 -- marker byte 0x08 (' ')
milestone 31: syscall WRITE (process 3) -- hardware-recorded CS=0x1b (CPL=3) -- ptr=0x55555000125f len=1 -- raw bytes >>>


<<< end of write (1 bytes)
milestone 33: syscall WRITE (process 3) also reads its own private heap at 0x555570000000 -- marker byte 0x08 (' ')
milestone 35: syscall OPEN (process 3) -- hardware-recorded CS=0x1b (CPL=3) -- path='stdiotest_b' -> fd 0
milestone 35: syscall FDWRITE (process 3) -- hardware-recorded CS=0x1b (CPL=3) -- fd=0 requested=32 accepted=32 bytes
milestone 35: syscall FDWRITE (process 3) -- hardware-recorded CS=0x1b (CPL=3) -- fd=0 requested=1 accepted=1 bytes
milestone 35: syscall CLOSE (process 3) -- fd 0 was dirty, persisted 33 bytes to 'stdiotest_b' on the real on-disk filesystem
milestone 35: syscall CLOSE (process 3) -- hardware-recorded CS=0x1b (CPL=3) -- fd=0 closed successfully
milestone 35: syscall OPEN (process 3) -- hardware-recorded CS=0x1b (CPL=3) -- path='stdiotest_b' -> fd 0
milestone 33: syscall SBRK (process 3) -- hardware-recorded CS=0x1b (CPL=3) -- requested 48 bytes, returning heap pointer 0x555570000140
milestone 35: syscall READ (process 3) -- hardware-recorded CS=0x1b (CPL=3) -- fd=0 requested=32 actual=32 bytes
milestone 35: syscall READ (process 3) -- hardware-recorded CS=0x1b (CPL=3) -- fd=0 requested=32 actual=1 bytes
milestone 35: syscall CLOSE (process 3) -- hardware-recorded CS=0x1b (CPL=3) -- fd=0 closed successfully
milestone 31: syscall WRITE (process 3) -- hardware-recorded CS=0x1b (CPL=3) -- ptr=0x555550001554 len=12 -- raw bytes >>>
fprintf_len=
<<< end of write (12 bytes)
milestone 33: syscall WRITE (process 3) also reads its own private heap at 0x555570000000 -- marker byte 0x08 (' ')
milestone 31: syscall WRITE (process 3) -- hardware-recorded CS=0x1b (CPL=3) -- ptr=0x555550001236 len=4 -- raw bytes >>>
PASS
<<< end of write (4 bytes)
milestone 33: syscall WRITE (process 3) also reads its own private heap at 0x555570000000 -- marker byte 0x08 (' ')
milestone 31: syscall WRITE (process 3) -- hardware-recorded CS=0x1b (CPL=3) -- ptr=0x55555000123e len=1 -- raw bytes >>>
 
<<< end of write (1 bytes)
milestone 33: syscall WRITE (process 3) also reads its own private heap at 0x555570000000 -- marker byte 0x08 (' ')
milestone 31: syscall WRITE (process 3) -- hardware-recorded CS=0x1b (CPL=3) -- ptr=0x55555000123f len=16 -- raw bytes >>>
fprintf_content=
<<< end of write (16 bytes)
milestone 33: syscall WRITE (process 3) also reads its own private heap at 0x555570000000 -- marker byte 0x08 (' ')
milestone 31: syscall WRITE (process 3) -- hardware-recorded CS=0x1b (CPL=3) -- ptr=0x555550001236 len=4 -- raw bytes >>>
PASS
<<< end of write (4 bytes)
milestone 33: syscall WRITE (process 3) also reads its own private heap at 0x555570000000 -- marker byte 0x08 (' ')
milestone 31: syscall WRITE (process 3) -- hardware-recorded CS=0x1b (CPL=3) -- ptr=0x55555000123e len=1 -- raw bytes >>>
 
<<< end of write (1 bytes)
milestone 33: syscall WRITE (process 3) also reads its own private heap at 0x555570000000 -- marker byte 0x08 (' ')
milestone 31: syscall WRITE (process 3) -- hardware-recorded CS=0x1b (CPL=3) -- ptr=0x55555000125f len=1 -- raw bytes >>>


<<< end of write (1 bytes)
milestone 33: syscall WRITE (process 3) also reads its own private heap at 0x555570000000 -- marker byte 0x08 (' ')
milestone 31: syscall WRITE (process 3) -- hardware-recorded CS=0x1b (CPL=3) -- ptr=0x5555500012f2 len=8 -- raw bytes >>>
OVERALL=
<<< end of write (8 bytes)
milestone 33: syscall WRITE (process 3) also reads its own private heap at 0x555570000000 -- marker byte 0x08 (' ')
milestone 31: syscall WRITE (process 3) -- hardware-recorded CS=0x1b (CPL=3) -- ptr=0x555550001236 len=4 -- raw bytes >>>
PASS
<<< end of write (4 bytes)
milestone 33: syscall WRITE (process 3) also reads its own private heap at 0x555570000000 -- marker byte 0x08 (' ')
milestone 31: syscall WRITE (process 3) -- hardware-recorded CS=0x1b (CPL=3) -- ptr=0x55555000125f len=1 -- raw bytes >>>


<<< end of write (1 bytes)
milestone 33: syscall WRITE (process 3) also reads its own private heap at 0x555570000000 -- marker byte 0x08 (' ')
milestone 30: syscall EXIT -- hardware-recorded CS=0x1b (CPL=3) -- discarding ring-3 context, resuming kernel context
milestone 36: elf-loaded process -- resumed in kernel context (CR3 already restored by the exit syscall before this point)
milestone 61: self-test -- stdiotest.elf ran to completion and returned to the kernel cleanly (no panic, no double fault) -- see the 'milestone 61: stdiotest' lines above for the real string.h/stdio-correctness evidence written by the program itself
milestone 53: self-test -- forking FAULT_TEST_PROCESS's child (its entire code page is a single faulting instruction, no exit() anywhere), expecting wait() to report Signaled, not a stale Exited...
milestone 30: process forked-child -- user p4 index computed as 170 (code 0x555550000000, stack 0x555560000000)
milestone 30: process forked-child -- new pml4 0x100000 populated: 511 kernel-space entries shared, index 170 left private
milestone 30: process forked-child -- private code page mapped to frame 0x101000, private stack page mapped to frame 0x102000
milestone 57: process forked-child -- private heap RESERVED (not mapped): 64 pages at 0x555570000000..0x55557003ffff, 0 physical frames committed until a real page fault demand-pages one
milestone 34: process forked-child -- copied 4096 image bytes into private code frame 0x101000
milestone 37: fork() -- child's code frame 0x101000 holds a REAL byte-for-byte copy of the parent's code frame 0x5b000 (independently verifiable: same virtual address USER_CODE_ADDR under either process's own CR3, genuinely different physical frames)
milestone 37: syscall FORK (process 10, 'fault-test') -- created child pid 14: pml4=0x100000 code_frame=0x101000 resume point rip=0x555550000000 rsp=0x555560001000
milestone 37: wait() -- switching CR3 to forked child pid 14's own pml4 0x100000, resuming at rip=0x555550000000 rsp=0x555560001000 (its own fork()-time snapshot, rax forced to 0)
milestone 41: SIGSEGV -- process 14 page-faulted at Ok(VirtAddr(0x123456780000)) (real hardware CPL=3, error code PageFaultErrorCode(USER_MODE)) -- terminating this process, kernel continues
milestone 37: wait() -- forked child pid 14 resumed in kernel context (its own exit() syscall ran; CR3 is currently the KERNEL's own, restored to the parent's by wait_for_child() next)
milestone 54: reclaim_process_frames('forked-child') -- freed 7 physical frame(s) back to the allocator's free list
milestone 53: syscall WAIT (process 10) -- child pid 14 was signal-terminated (real hardware fault, not its own exit()) and was reaped, CR3 restored to parent's own pml4 0x5a000
milestone 53: self-test -- forked+faulted child pid 14, wait() reported Signaled(reaped=14) -- confirmed
milestone 53: self-test -- running PROCESS_A right after, real proof the kernel genuinely recovered from a fault inside a nested wait() excursion specifically (not just a top-level fault, which M41 already covers)...
milestone 30: runproc 1 (process A) -- about to switch CR3 to process pml4 0x22000
milestone 30: CR3 switched -- entering ring 3 for process 1 at 0x555550000000
milestone 33: syscall SBRK (process 1) -- hardware-recorded CS=0x1b (CPL=3) -- requested 16 bytes, returning heap pointer 0x555570000010
milestone 31: syscall WRITE (process 1) -- hardware-recorded CS=0x1b (CPL=3) -- ptr=0x555550000080 len=64 -- raw bytes >>>
hello from process A -- via real write(ptr,len)!                
<<< end of write (64 bytes)
milestone 33: syscall WRITE (process 1) also reads its own private heap at 0x555570000000 -- marker byte 0x41 ('A')
milestone 30: syscall EXIT -- hardware-recorded CS=0x1b (CPL=3) -- discarding ring-3 context, resuming kernel context
milestone 30: runproc 1 -- resumed in kernel context (CR3 already restored by the exit syscall before this point)
milestone 53: self-test -- PROCESS_A ran normally after the nested-wait() fault -- kernel genuinely recovered
milestone 30: process forked-child -- user p4 index computed as 170 (code 0x555550000000, stack 0x555560000000)
milestone 30: process forked-child -- new pml4 0x102000 populated: 511 kernel-space entries shared, index 170 left private
milestone 30: process forked-child -- private code page mapped to frame 0x101000, private stack page mapped to frame 0x100000
milestone 57: process forked-child -- private heap RESERVED (not mapped): 64 pages at 0x555570000000..0x55557003ffff, 0 physical frames committed until a real page fault demand-pages one
milestone 34: process forked-child -- copied 4096 image bytes into private code frame 0x101000
milestone 37: fork() -- child's code frame 0x101000 holds a REAL byte-for-byte copy of the parent's code frame 0x5b000 (independently verifiable: same virtual address USER_CODE_ADDR under either process's own CR3, genuinely different physical frames)
milestone 37: syscall FORK (process 10, 'fault-test') -- created child pid 14: pml4=0x102000 code_frame=0x101000 resume point rip=0x0 rsp=0x0
milestone 54: reclaim_process_frames('forked-child') -- freed 7 physical frame(s) back to the allocator's free list
milestone 41: syscall KILL (process 10) -- pid 14 terminated WITHOUT ever running (bypassed wait()'s normal run-then-reap contract), slot freed for reuse
milestone 53: self-test -- second fork() from FAULT_TEST_PROCESS_ID succeeded (pid 14, killed=true) -- real proof the first faulted child's slot was genuinely freed, not just marked. PROCESS_TABLE occupied slots after cleanup: [0], own slot 1 freed=true (other slots may be legitimately occupied by unrelated earlier milestones' own self-tests, e.g. M41's SIGKILL_TEST_PROCESS)
milestone 53: self-test -- OVERALL: PASS
milestone 57: self-test -- layout check: far heap page index=63 (expect 63), offset=0x3f000 -- confirmed
milestone 57: self-test -- BEFORE running DEMAND_PAGE_TEST_PROCESS: all 64 heap slots unmapped -- Some(true) (expect Some(true), real proof create_process_from_image() no longer eagerly maps any heap page)
milestone 30: runproc 11 (process demand-page-test) -- about to switch CR3 to process pml4 0x61000
milestone 30: CR3 switched -- entering ring 3 for process 11 at 0x555550000000
milestone 33: syscall SBRK (process 11) -- hardware-recorded CS=0x1b (CPL=3) -- requested 258056 bytes, returning heap pointer 0x555570000000
milestone 57: demand-paged heap page 63 for process 11 (fault addr 0x55557003f000) -- fresh zeroed physical frame 0x100000 mapped, resuming the faulting instruction
milestone 30: syscall EXIT -- hardware-recorded CS=0x1b (CPL=3) -- discarding ring-3 context, resuming kernel context
milestone 30: runproc 11 -- resumed in kernel context (CR3 already restored by the exit syscall before this point)
milestone 57: self-test -- DEMAND_PAGE_TEST_PROCESS ran and returned to the kernel (run() returned Ok)
milestone 57: self-test -- AFTER running: heap_frames[63] mapped=true, marker byte correct=true (expect true, true -- a real physical frame was demand-paged for the FAR page specifically, and real content survived the fault+retry)
milestone 57: self-test -- heap_frames[0] still unmapped=true (expect true -- proves demand paging is genuinely per-page, not per-reservation)
milestone 57: self-test -- running DEMAND_PAGE_OOB_TEST_PROCESS: same target page (63) as the positive case, but this process never sbrk()'d anywhere near it -- expecting a real SIGSEGV, not a silent demand-page
milestone 30: runproc 12 (process demand-page-oob-test) -- about to switch CR3 to process pml4 0x68000
milestone 30: CR3 switched -- entering ring 3 for process 12 at 0x555550000000
milestone 33: syscall SBRK (process 12) -- hardware-recorded CS=0x1b (CPL=3) -- requested 64 bytes, returning heap pointer 0x555570000000
milestone 41: SIGSEGV -- process 12 page-faulted at Ok(VirtAddr(0x55557003fff8)) (real hardware CPL=3, error code PageFaultErrorCode(USER_MODE)) -- terminating this process, kernel continues
milestone 30: runproc 12 -- resumed in kernel context (CR3 already restored by the exit syscall before this point)
milestone 57: self-test -- DEMAND_PAGE_OOB_TEST_PROCESS: run() returned Ok(()), heap_frames[63] still unmapped=true (expect true -- the committed-vs-reserved boundary was actually enforced, not silently allowed through)
milestone 30: runproc 1 (process A) -- about to switch CR3 to process pml4 0x22000
milestone 30: CR3 switched -- entering ring 3 for process 1 at 0x555550000000
milestone 33: syscall SBRK (process 1) -- hardware-recorded CS=0x1b (CPL=3) -- requested 16 bytes, returning heap pointer 0x555570000020
milestone 31: syscall WRITE (process 1) -- hardware-recorded CS=0x1b (CPL=3) -- ptr=0x555550000080 len=64 -- raw bytes >>>
hello from process A -- via real write(ptr,len)!                
<<< end of write (64 bytes)
milestone 33: syscall WRITE (process 1) also reads its own private heap at 0x555570000000 -- marker byte 0x41 ('A')
milestone 30: syscall EXIT -- hardware-recorded CS=0x1b (CPL=3) -- discarding ring-3 context, resuming kernel context
milestone 30: runproc 1 -- resumed in kernel context (CR3 already restored by the exit syscall before this point)
milestone 57: self-test -- PROCESS_A ran normally right after the OOB fault -- kernel genuinely recovered
milestone 57: self-test -- OVERALL: PASS
milestone 58: seedargvtarget -- wrote 3040 real bytes (a genuine externally-built ELF64 executable that reads real argv/envp off its own initial stack) to 'argvtarget' on the real on-disk filesystem
milestone 58: self-test -- parsed the embedded argvlauncher.elf: e_entry=0x555550000000 (expected 0x555550000000), 1 PT_LOAD segment(s)
milestone 36: process elf-loaded -- ELF validated: e_entry=0x555550000000 falls inside a mapped segment, 1 PT_LOAD segment(s), 1 total page(s), all within private p4 index 170
milestone 36: process elf-loaded -- new pml4 0x102000 populated: 511 kernel-space entries shared, index 170 left private
milestone 36: process elf-loaded -- mapped 1 PT_LOAD page(s): [(93824902758400, 1060864, 370, 7)]
milestone 36: process elf-loaded -- private stack page mapped to frame 0x107000
milestone 57: process elf-loaded -- private heap RESERVED (not mapped): 64 pages at 0x555570000000..0x55557003ffff, 0 physical frames committed until a real page fault demand-pages one
milestone 36: elf-loaded process -- about to switch CR3 to pml4 0x102000
milestone 36: CR3 switched -- entering ring 3 for the ELF-loaded process at 0x555550000000 (real e_entry)
milestone 31: syscall WRITE (process 3) -- hardware-recorded CS=0x1b (CPL=3) -- ptr=0x555550000099 len=90 -- raw bytes >>>
milestone 58: argvlauncher starting -- calling real EXECARGV with 3 argv + 1 envp entries

<<< end of write (90 bytes)
milestone 57: syscall WRITE (process 3) -- heap page 0 at 0x555570000000 is not mapped yet (this process has never touched its heap -- demand paging means no physical frame exists there to read)
milestone 36: process exec'd-argv -- ELF validated: e_entry=0x555550000000 falls inside a mapped segment, 1 PT_LOAD segment(s), 1 total page(s), all within private p4 index 170
milestone 36: process exec'd-argv -- new pml4 0x109000 populated: 511 kernel-space entries shared, index 170 left private
milestone 36: process exec'd-argv -- mapped 1 PT_LOAD page(s): [(93824902758400, 1089536, 1329, 7)]
milestone 36: process exec'd-argv -- private stack page mapped to frame 0x10e000
milestone 57: process exec'd-argv -- private heap RESERVED (not mapped): 64 pages at 0x555570000000..0x55557003ffff, 0 physical frames committed until a real page fault demand-pages one
milestone 54: reclaim_process_frames('elf-loaded') -- freed 7 physical frame(s) back to the allocator's free list
milestone 58: syscall EXECARGV (process 3) -- REAL teardown-and-rebuild complete WITH argv/envp: new pml4=0x109000, new entry=0x555550000000 (real parsed e_entry), new rsp=0x555560000fa0 (3 argv string(s), 1 envp string(s), real SysV process-entry stack layout), fd table/parent_pid/pgid preserved, CR3 switched
milestone 58: syscall EXECARGV (process 3) -- hardware-recorded CS=0x1b (CPL=3) -- REAL teardown-and-rebuild from 'argvtarget' WITH real argv/envp, new entry=0x555550000000, new rsp=0x555560000fa0, never returning to the old one
milestone 31: syscall WRITE (process 3) -- hardware-recorded CS=0x1b (CPL=3) -- ptr=0x555550000026 len=98 -- raw bytes >>>
milestone 58: argvtarget starting -- reading real argv/envp off the real SysV process-entry stack

<<< end of write (98 bytes)
milestone 57: syscall WRITE (process 3) -- heap page 0 at 0x555570000000 is not mapped yet (this process has never touched its heap -- demand paging means no physical frame exists there to read)
milestone 31: syscall WRITE (process 3) -- hardware-recorded CS=0x1b (CPL=3) -- ptr=0x555550000088 len=7 -- raw bytes >>>
  argc=
<<< end of write (7 bytes)
milestone 57: syscall WRITE (process 3) -- heap page 0 at 0x555570000000 is not mapped yet (this process has never touched its heap -- demand paging means no physical frame exists there to read)
milestone 31: syscall WRITE (process 3) -- hardware-recorded CS=0x1b (CPL=3) -- ptr=0x555560000f43 len=1 -- raw bytes >>>
3
<<< end of write (1 bytes)
milestone 57: syscall WRITE (process 3) -- heap page 0 at 0x555570000000 is not mapped yet (this process has never touched its heap -- demand paging means no physical frame exists there to read)
milestone 31: syscall WRITE (process 3) -- hardware-recorded CS=0x1b (CPL=3) -- ptr=0x55555000008f len=1 -- raw bytes >>>


<<< end of write (1 bytes)
milestone 57: syscall WRITE (process 3) -- heap page 0 at 0x555570000000 is not mapped yet (this process has never touched its heap -- demand paging means no physical frame exists there to read)
milestone 31: syscall WRITE (process 3) -- hardware-recorded CS=0x1b (CPL=3) -- ptr=0x555550000116 len=7 -- raw bytes >>>
  argv[
<<< end of write (7 bytes)
milestone 57: syscall WRITE (process 3) -- heap page 0 at 0x555570000000 is not mapped yet (this process has never touched its heap -- demand paging means no physical frame exists there to read)
milestone 31: syscall WRITE (process 3) -- hardware-recorded CS=0x1b (CPL=3) -- ptr=0x55555000011d len=1 -- raw bytes >>>
0
<<< end of write (1 bytes)
milestone 57: syscall WRITE (process 3) -- heap page 0 at 0x555570000000 is not mapped yet (this process has never touched its heap -- demand paging means no physical frame exists there to read)
milestone 31: syscall WRITE (process 3) -- hardware-recorded CS=0x1b (CPL=3) -- ptr=0x555550000114 len=2 -- raw bytes >>>
]=
<<< end of write (2 bytes)
milestone 57: syscall WRITE (process 3) -- heap page 0 at 0x555570000000 is not mapped yet (this process has never touched its heap -- demand paging means no physical frame exists there to read)
milestone 31: syscall WRITE (process 3) -- hardware-recorded CS=0x1b (CPL=3) -- ptr=0x555560000fdd len=10 -- raw bytes >>>
argvtarget
<<< end of write (10 bytes)
milestone 57: syscall WRITE (process 3) -- heap page 0 at 0x555570000000 is not mapped yet (this process has never touched its heap -- demand paging means no physical frame exists there to read)
milestone 31: syscall WRITE (process 3) -- hardware-recorded CS=0x1b (CPL=3) -- ptr=0x55555000008f len=1 -- raw bytes >>>


<<< end of write (1 bytes)
milestone 57: syscall WRITE (process 3) -- heap page 0 at 0x555570000000 is not mapped yet (this process has never touched its heap -- demand paging means no physical frame exists there to read)
milestone 31: syscall WRITE (process 3) -- hardware-recorded CS=0x1b (CPL=3) -- ptr=0x555550000116 len=7 -- raw bytes >>>
  argv[
<<< end of write (7 bytes)
milestone 57: syscall WRITE (process 3) -- heap page 0 at 0x555570000000 is not mapped yet (this process has never touched its heap -- demand paging means no physical frame exists there to read)
milestone 31: syscall WRITE (process 3) -- hardware-recorded CS=0x1b (CPL=3) -- ptr=0x555560000f43 len=1 -- raw bytes >>>
1
<<< end of write (1 bytes)
milestone 57: syscall WRITE (process 3) -- heap page 0 at 0x555570000000 is not mapped yet (this process has never touched its heap -- demand paging means no physical frame exists there to read)
milestone 31: syscall WRITE (process 3) -- hardware-recorded CS=0x1b (CPL=3) -- ptr=0x555550000114 len=2 -- raw bytes >>>
]=
<<< end of write (2 bytes)
milestone 57: syscall WRITE (process 3) -- heap page 0 at 0x555570000000 is not mapped yet (this process has never touched its heap -- demand paging means no physical frame exists there to read)
milestone 31: syscall WRITE (process 3) -- hardware-recorded CS=0x1b (CPL=3) -- ptr=0x555560000fe8 len=5 -- raw bytes >>>
hello
<<< end of write (5 bytes)
milestone 57: syscall WRITE (process 3) -- heap page 0 at 0x555570000000 is not mapped yet (this process has never touched its heap -- demand paging means no physical frame exists there to read)
milestone 31: syscall WRITE (process 3) -- hardware-recorded CS=0x1b (CPL=3) -- ptr=0x55555000008f len=1 -- raw bytes >>>


<<< end of write (1 bytes)
milestone 57: syscall WRITE (process 3) -- heap page 0 at 0x555570000000 is not mapped yet (this process has never touched its heap -- demand paging means no physical frame exists there to read)
milestone 31: syscall WRITE (process 3) -- hardware-recorded CS=0x1b (CPL=3) -- ptr=0x555550000116 len=7 -- raw bytes >>>
  argv[
<<< end of write (7 bytes)
milestone 57: syscall WRITE (process 3) -- heap page 0 at 0x555570000000 is not mapped yet (this process has never touched its heap -- demand paging means no physical frame exists there to read)
milestone 31: syscall WRITE (process 3) -- hardware-recorded CS=0x1b (CPL=3) -- ptr=0x555560000f43 len=1 -- raw bytes >>>
2
<<< end of write (1 bytes)
milestone 57: syscall WRITE (process 3) -- heap page 0 at 0x555570000000 is not mapped yet (this process has never touched its heap -- demand paging means no physical frame exists there to read)
milestone 31: syscall WRITE (process 3) -- hardware-recorded CS=0x1b (CPL=3) -- ptr=0x555550000114 len=2 -- raw bytes >>>
]=
<<< end of write (2 bytes)
milestone 57: syscall WRITE (process 3) -- heap page 0 at 0x555570000000 is not mapped yet (this process has never touched its heap -- demand paging means no physical frame exists there to read)
milestone 31: syscall WRITE (process 3) -- hardware-recorded CS=0x1b (CPL=3) -- ptr=0x555560000fee len=5 -- raw bytes >>>
world
<<< end of write (5 bytes)
milestone 57: syscall WRITE (process 3) -- heap page 0 at 0x555570000000 is not mapped yet (this process has never touched its heap -- demand paging means no physical frame exists there to read)
milestone 31: syscall WRITE (process 3) -- hardware-recorded CS=0x1b (CPL=3) -- ptr=0x55555000008f len=1 -- raw bytes >>>


<<< end of write (1 bytes)
milestone 57: syscall WRITE (process 3) -- heap page 0 at 0x555570000000 is not mapped yet (this process has never touched its heap -- demand paging means no physical frame exists there to read)
milestone 31: syscall WRITE (process 3) -- hardware-recorded CS=0x1b (CPL=3) -- ptr=0x55555000010d len=7 -- raw bytes >>>
  envp[
<<< end of write (7 bytes)
milestone 57: syscall WRITE (process 3) -- heap page 0 at 0x555570000000 is not mapped yet (this process has never touched its heap -- demand paging means no physical frame exists there to read)
milestone 31: syscall WRITE (process 3) -- hardware-recorded CS=0x1b (CPL=3) -- ptr=0x55555000011d len=1 -- raw bytes >>>
0
<<< end of write (1 bytes)
milestone 57: syscall WRITE (process 3) -- heap page 0 at 0x555570000000 is not mapped yet (this process has never touched its heap -- demand paging means no physical frame exists there to read)
milestone 31: syscall WRITE (process 3) -- hardware-recorded CS=0x1b (CPL=3) -- ptr=0x555550000114 len=2 -- raw bytes >>>
]=
<<< end of write (2 bytes)
milestone 57: syscall WRITE (process 3) -- heap page 0 at 0x555570000000 is not mapped yet (this process has never touched its heap -- demand paging means no physical frame exists there to read)
milestone 31: syscall WRITE (process 3) -- hardware-recorded CS=0x1b (CPL=3) -- ptr=0x555560000ff4 len=11 -- raw bytes >>>
GREETING=hi
<<< end of write (11 bytes)
milestone 57: syscall WRITE (process 3) -- heap page 0 at 0x555570000000 is not mapped yet (this process has never touched its heap -- demand paging means no physical frame exists there to read)
milestone 31: syscall WRITE (process 3) -- hardware-recorded CS=0x1b (CPL=3) -- ptr=0x55555000008f len=1 -- raw bytes >>>


<<< end of write (1 bytes)
milestone 57: syscall WRITE (process 3) -- heap page 0 at 0x555570000000 is not mapped yet (this process has never touched its heap -- demand paging means no physical frame exists there to read)
milestone 31: syscall WRITE (process 3) -- hardware-recorded CS=0x1b (CPL=3) -- ptr=0x555550000090 len=7 -- raw bytes >>>
  envc=
<<< end of write (7 bytes)
milestone 57: syscall WRITE (process 3) -- heap page 0 at 0x555570000000 is not mapped yet (this process has never touched its heap -- demand paging means no physical frame exists there to read)
milestone 31: syscall WRITE (process 3) -- hardware-recorded CS=0x1b (CPL=3) -- ptr=0x555560000f43 len=1 -- raw bytes >>>
1
<<< end of write (1 bytes)
milestone 57: syscall WRITE (process 3) -- heap page 0 at 0x555570000000 is not mapped yet (this process has never touched its heap -- demand paging means no physical frame exists there to read)
milestone 31: syscall WRITE (process 3) -- hardware-recorded CS=0x1b (CPL=3) -- ptr=0x55555000008f len=1 -- raw bytes >>>


<<< end of write (1 bytes)
milestone 57: syscall WRITE (process 3) -- heap page 0 at 0x555570000000 is not mapped yet (this process has never touched its heap -- demand paging means no physical frame exists there to read)
milestone 31: syscall WRITE (process 3) -- hardware-recorded CS=0x1b (CPL=3) -- ptr=0x5555500000b6 len=8 -- raw bytes >>>
argc=3: 
<<< end of write (8 bytes)
milestone 57: syscall WRITE (process 3) -- heap page 0 at 0x555570000000 is not mapped yet (this process has never touched its heap -- demand paging means no physical frame exists there to read)
milestone 31: syscall WRITE (process 3) -- hardware-recorded CS=0x1b (CPL=3) -- ptr=0x555550000021 len=4 -- raw bytes >>>
PASS
<<< end of write (4 bytes)
milestone 57: syscall WRITE (process 3) -- heap page 0 at 0x555570000000 is not mapped yet (this process has never touched its heap -- demand paging means no physical frame exists there to read)
milestone 31: syscall WRITE (process 3) -- hardware-recorded CS=0x1b (CPL=3) -- ptr=0x555550000025 len=1 -- raw bytes >>>
 
<<< end of write (1 bytes)
milestone 57: syscall WRITE (process 3) -- heap page 0 at 0x555570000000 is not mapped yet (this process has never touched its heap -- demand paging means no physical frame exists there to read)
milestone 31: syscall WRITE (process 3) -- hardware-recorded CS=0x1b (CPL=3) -- ptr=0x5555500000ce len=18 -- raw bytes >>>
argv0=argvtarget: 
<<< end of write (18 bytes)
milestone 57: syscall WRITE (process 3) -- heap page 0 at 0x555570000000 is not mapped yet (this process has never touched its heap -- demand paging means no physical frame exists there to read)
milestone 31: syscall WRITE (process 3) -- hardware-recorded CS=0x1b (CPL=3) -- ptr=0x555550000021 len=4 -- raw bytes >>>
PASS
<<< end of write (4 bytes)
milestone 57: syscall WRITE (process 3) -- heap page 0 at 0x555570000000 is not mapped yet (this process has never touched its heap -- demand paging means no physical frame exists there to read)
milestone 31: syscall WRITE (process 3) -- hardware-recorded CS=0x1b (CPL=3) -- ptr=0x555550000025 len=1 -- raw bytes >>>
 
<<< end of write (1 bytes)
milestone 57: syscall WRITE (process 3) -- heap page 0 at 0x555570000000 is not mapped yet (this process has never touched its heap -- demand paging means no physical frame exists there to read)
milestone 31: syscall WRITE (process 3) -- hardware-recorded CS=0x1b (CPL=3) -- ptr=0x5555500000e0 len=13 -- raw bytes >>>
argv1=hello: 
<<< end of write (13 bytes)
milestone 57: syscall WRITE (process 3) -- heap page 0 at 0x555570000000 is not mapped yet (this process has never touched its heap -- demand paging means no physical frame exists there to read)
milestone 31: syscall WRITE (process 3) -- hardware-recorded CS=0x1b (CPL=3) -- ptr=0x555550000021 len=4 -- raw bytes >>>
PASS
<<< end of write (4 bytes)
milestone 57: syscall WRITE (process 3) -- heap page 0 at 0x555570000000 is not mapped yet (this process has never touched its heap -- demand paging means no physical frame exists there to read)
milestone 31: syscall WRITE (process 3) -- hardware-recorded CS=0x1b (CPL=3) -- ptr=0x555550000025 len=1 -- raw bytes >>>
 
<<< end of write (1 bytes)
milestone 57: syscall WRITE (process 3) -- heap page 0 at 0x555570000000 is not mapped yet (this process has never touched its heap -- demand paging means no physical frame exists there to read)
milestone 31: syscall WRITE (process 3) -- hardware-recorded CS=0x1b (CPL=3) -- ptr=0x5555500000ed len=13 -- raw bytes >>>
argv2=world: 
<<< end of write (13 bytes)
milestone 57: syscall WRITE (process 3) -- heap page 0 at 0x555570000000 is not mapped yet (this process has never touched its heap -- demand paging means no physical frame exists there to read)
milestone 31: syscall WRITE (process 3) -- hardware-recorded CS=0x1b (CPL=3) -- ptr=0x555550000021 len=4 -- raw bytes >>>
PASS
<<< end of write (4 bytes)
milestone 57: syscall WRITE (process 3) -- heap page 0 at 0x555570000000 is not mapped yet (this process has never touched its heap -- demand paging means no physical frame exists there to read)
milestone 31: syscall WRITE (process 3) -- hardware-recorded CS=0x1b (CPL=3) -- ptr=0x555550000025 len=1 -- raw bytes >>>
 
<<< end of write (1 bytes)
milestone 57: syscall WRITE (process 3) -- heap page 0 at 0x555570000000 is not mapped yet (this process has never touched its heap -- demand paging means no physical frame exists there to read)
milestone 31: syscall WRITE (process 3) -- hardware-recorded CS=0x1b (CPL=3) -- ptr=0x5555500000be len=8 -- raw bytes >>>
envc=1: 
<<< end of write (8 bytes)
milestone 57: syscall WRITE (process 3) -- heap page 0 at 0x555570000000 is not mapped yet (this process has never touched its heap -- demand paging means no physical frame exists there to read)
milestone 31: syscall WRITE (process 3) -- hardware-recorded CS=0x1b (CPL=3) -- ptr=0x555550000021 len=4 -- raw bytes >>>
PASS
<<< end of write (4 bytes)
milestone 57: syscall WRITE (process 3) -- heap page 0 at 0x555570000000 is not mapped yet (this process has never touched its heap -- demand paging means no physical frame exists there to read)
milestone 31: syscall WRITE (process 3) -- hardware-recorded CS=0x1b (CPL=3) -- ptr=0x555550000025 len=1 -- raw bytes >>>
 
<<< end of write (1 bytes)
milestone 57: syscall WRITE (process 3) -- heap page 0 at 0x555570000000 is not mapped yet (this process has never touched its heap -- demand paging means no physical frame exists there to read)
milestone 31: syscall WRITE (process 3) -- hardware-recorded CS=0x1b (CPL=3) -- ptr=0x5555500000fa len=19 -- raw bytes >>>
envp0=GREETING=hi: 
<<< end of write (19 bytes)
milestone 57: syscall WRITE (process 3) -- heap page 0 at 0x555570000000 is not mapped yet (this process has never touched its heap -- demand paging means no physical frame exists there to read)
milestone 31: syscall WRITE (process 3) -- hardware-recorded CS=0x1b (CPL=3) -- ptr=0x555550000021 len=4 -- raw bytes >>>
PASS
<<< end of write (4 bytes)
milestone 57: syscall WRITE (process 3) -- heap page 0 at 0x555570000000 is not mapped yet (this process has never touched its heap -- demand paging means no physical frame exists there to read)
milestone 31: syscall WRITE (process 3) -- hardware-recorded CS=0x1b (CPL=3) -- ptr=0x555550000025 len=1 -- raw bytes >>>
 
<<< end of write (1 bytes)
milestone 57: syscall WRITE (process 3) -- heap page 0 at 0x555570000000 is not mapped yet (this process has never touched its heap -- demand paging means no physical frame exists there to read)
milestone 31: syscall WRITE (process 3) -- hardware-recorded CS=0x1b (CPL=3) -- ptr=0x5555500000c6 len=8 -- raw bytes >>>
OVERALL=
<<< end of write (8 bytes)
milestone 57: syscall WRITE (process 3) -- heap page 0 at 0x555570000000 is not mapped yet (this process has never touched its heap -- demand paging means no physical frame exists there to read)
milestone 31: syscall WRITE (process 3) -- hardware-recorded CS=0x1b (CPL=3) -- ptr=0x555550000021 len=4 -- raw bytes >>>
PASS
<<< end of write (4 bytes)
milestone 57: syscall WRITE (process 3) -- heap page 0 at 0x555570000000 is not mapped yet (this process has never touched its heap -- demand paging means no physical frame exists there to read)
milestone 31: syscall WRITE (process 3) -- hardware-recorded CS=0x1b (CPL=3) -- ptr=0x55555000008f len=1 -- raw bytes >>>


<<< end of write (1 bytes)
milestone 57: syscall WRITE (process 3) -- heap page 0 at 0x555570000000 is not mapped yet (this process has never touched its heap -- demand paging means no physical frame exists there to read)
milestone 30: syscall EXIT -- hardware-recorded CS=0x1b (CPL=3) -- discarding ring-3 context, resuming kernel context
milestone 36: elf-loaded process -- resumed in kernel context (CR3 already restored by the exit syscall before this point)
milestone 58: self-test -- argvlauncher.elf's real EXECARGV replaced it with argvtarget.elf, which ran to completion and returned to the kernel cleanly (no panic, no double fault) -- see the 'milestone 58:' lines above for the real argv/envp-correctness evidence written by the programs themselves
milestone 59: self-test -- running ERRNO_TEST_PROCESS (read/wait/sbrk/getpgid, each deliberately failing for a different real reason, GETERRNO read back after each -- watch the syscall log lines just below for the four distinct errno values)...
milestone 30: runproc 17 (process errno-test) -- about to switch CR3 to process pml4 0x6f000
milestone 30: CR3 switched -- entering ring 3 for process 17 at 0x555550000000
milestone 35: syscall READ (process 17) -- FAILED, fd 99 is not open -- returning u64::MAX
milestone 59: syscall GETERRNO (process 17) -- hardware-recorded CS=0x1b (CPL=3) -- errno=9 (EBADF)
milestone 37: syscall WAIT (process 17) -- FAILED (pid 250 is not a live child of this process, or see process.rs's own log line above) -- returning u64::MAX
milestone 59: syscall GETERRNO (process 17) -- hardware-recorded CS=0x1b (CPL=3) -- errno=10 (ECHILD)
milestone 33: syscall SBRK (process 17) -- FAILED (requested 4294967295 bytes would exceed this process's fixed per-process heap) -- returning 0
milestone 59: syscall GETERRNO (process 17) -- hardware-recorded CS=0x1b (CPL=3) -- errno=12 (ENOMEM)
milestone 42: syscall GETPGID (process 17) -- FAILED, pid 250 not a live process -- returning u64::MAX
milestone 59: syscall GETERRNO (process 17) -- hardware-recorded CS=0x1b (CPL=3) -- errno=3 (ESRCH)
milestone 30: syscall EXIT -- hardware-recorded CS=0x1b (CPL=3) -- discarding ring-3 context, resuming kernel context
milestone 30: runproc 17 -- resumed in kernel context (CR3 already restored by the exit syscall before this point)
milestone 59: self-test -- ERRNO_TEST_PROCESS ran to completion (its own exit() syscall returned normally)
milestone 59: self-test -- ERRNO_TEST_PROCESS's own final errno field: 3 (ESRCH) -- expected 3 (ESRCH, the getpgid(250) call's real failure, the LAST syscall before exit()) -- confirmed
milestone 59: self-test -- OVERALL: PASS
milestone 60: self-test -- layout check: resume opcode ok=true, handler opcode ok=true, embedded self-pid ok=true -- confirmed
milestone 60: self-test -- running SIGNAL_TEST_PROCESS (register a real SIGUSR1 handler, self-signal, expect genuine mid-execution redirection into it and a real SIGRETURN back out)...
milestone 30: runproc 18 (process signal-test) -- about to switch CR3 to process pml4 0x76000
milestone 30: CR3 switched -- entering ring 3 for process 18 at 0x555550000000
milestone 33: syscall SBRK (process 18) -- hardware-recorded CS=0x1b (CPL=3) -- requested 64 bytes, returning heap pointer 0x555570000000
milestone 57: demand-paged heap page 0 for process 18 (fault addr 0x555570000000) -- fresh zeroed physical frame 0x107000 mapped, resuming the faulting instruction
milestone 60: syscall SIGACTION (process 18) -- hardware-recorded CS=0x1b (CPL=3) -- signum 10 (SIGUSR1), handler=0x555550000064
milestone 60: syscall SIGSEND (process 18) -- hardware-recorded CS=0x1b (CPL=3) -- target pid 18, signum 10 (SIGUSR1) raised
milestone 60: real signal delivery -- process 18 redirected into handler 0x555550000064 for signum 10 (SIGUSR1), interrupted rip=0x555550000046 saved, trampoline frame at 0x555560000f00
milestone 60: syscall SIGRETURN (process 18) -- real context restored, resuming at rip=0x555550000046 rsp=0x555560001000
milestone 30: syscall EXIT -- hardware-recorded CS=0x1b (CPL=3) -- discarding ring-3 context, resuming kernel context
milestone 30: runproc 18 -- resumed in kernel context (CR3 already restored by the exit syscall before this point)
milestone 60: self-test -- SIGNAL_TEST_PROCESS ran to completion (its own exit() syscall returned normally)
milestone 60: self-test -- HEAP_START markers: main-before-signal ran=true (expect true), handler genuinely ran=true (expect true), canary register (0x1234ABCD, clobbered by the handler to 0xDEADBEEF in between) survived SIGRETURN intact=true (expect true), resumed-after-handler code ran=true (expect true), handler received the real signum (10, SIGUSR1) as its SysV first argument=true (expect true)
milestone 60: self-test -- OVERALL: PASS
milestone 30: process forked-child -- user p4 index computed as 170 (code 0x555550000000, stack 0x555560000000)
milestone 30: process forked-child -- new pml4 0x102000 populated: 511 kernel-space entries shared, index 170 left private
milestone 30: process forked-child -- private code page mapped to frame 0x104000, private stack page mapped to frame 0x105000
milestone 57: process forked-child -- private heap RESERVED (not mapped): 64 pages at 0x555570000000..0x55557003ffff, 0 physical frames committed until a real page fault demand-pages one
milestone 34: process forked-child -- copied 4096 image bytes into private code frame 0x104000
milestone 37: fork() -- child's code frame 0x104000 holds a REAL byte-for-byte copy of the parent's code frame 0x5b000 (independently verifiable: same virtual address USER_CODE_ADDR under either process's own CR3, genuinely different physical frames)
milestone 37: syscall FORK (process 10, 'fault-test') -- created child pid 14: pml4=0x102000 code_frame=0x104000 resume point rip=0x0 rsp=0x0
milestone 54: reclaim_process_frames('forked-child') -- freed 7 physical frame(s) back to the allocator's free list
milestone 41: syscall KILL (process 10) -- pid 14 terminated WITHOUT ever running (bypassed wait()'s normal run-then-reap contract), slot freed for reuse
milestone 54: self-test -- forked+killed pid 14 (independently counted real frame cost, leaf+page-tables: 7), free list grew 0 -> 7 -- confirmed
milestone 30: process forked-child -- user p4 index computed as 170 (code 0x555550000000, stack 0x555560000000)
milestone 30: process forked-child -- new pml4 0x105000 populated: 511 kernel-space entries shared, index 170 left private
milestone 30: process forked-child -- private code page mapped to frame 0x104000, private stack page mapped to frame 0x102000
milestone 57: process forked-child -- private heap RESERVED (not mapped): 64 pages at 0x555570000000..0x55557003ffff, 0 physical frames committed until a real page fault demand-pages one
milestone 34: process forked-child -- copied 4096 image bytes into private code frame 0x104000
milestone 37: fork() -- child's code frame 0x104000 holds a REAL byte-for-byte copy of the parent's code frame 0x5b000 (independently verifiable: same virtual address USER_CODE_ADDR under either process's own CR3, genuinely different physical frames)
milestone 37: syscall FORK (process 10, 'fault-test') -- created child pid 14: pml4=0x105000 code_frame=0x104000 resume point rip=0x0 rsp=0x0
milestone 54: reclaim_process_frames('forked-child') -- freed 7 physical frame(s) back to the allocator's free list
milestone 41: syscall KILL (process 10) -- pid 14 terminated WITHOUT ever running (bypassed wait()'s normal run-then-reap contract), slot freed for reuse
milestone 54: self-test -- second fork()'s own real frame cost: Some(7) (expected 7, symmetric=true); free list after its construction: 0 (expected 0, fully drained=true)
milestone 54: self-test -- OVERALL: PASS
milestone 5b: 87 real timer interrupts observed after 80 hlt cycles -- PIT firing confirmed
milestone 5c: returned from preemption demo -- worker counters: task0=1738 task1=1653 task2=1826
milestone 5c: all three tasks genuinely preempted and ran -- real preemptive multitasking confirmed
milestone 6: waiting for keyboard input (external test harness will type)...
milestone 6: received 0 chars: ""
milestone 6: FAILED -- no keystrokes received
milestone 8: interactive shell active -- see framebuffer for real typed session
milestone 25: background task scheduling enabled -- spawn/kill available via the shell
